Staff-Lead TOs,Info-Cap,Game,$-Total Match,Smash URL,Status,Data-Platform,Data-URLs,Announced,2nd Lineup,In smash,Info-Entry Fee,Slide,Abbr-Game,Data-Platform Short Name,Tournament,Rollup-Streamers,Rollup-Lead TOs,Tournaments (Encoded),Date Added,Discord Role,Info-% of Cap,# of Commentators,Date Modified,Data-Game Record ID,Staff-Lead TO Match ID,Matcherino Admin URL,Twitter-Lead TO,# Done,📺 Main Stream,📋 Brackets,🌐 Info,$-Match Paid Out,$-Winners Info,$-Top 8 Info Collected,$-# of Payouts,Setups-%,Staff-Lead TO Smash ID,Time-Run Time #,Time-Run Time,Staff-Lead TO Discord ID,Game Name,Short Name,Img-Game Logo,💰 Matcherino,956P Notes,Setups-Secured,Setups-Total Needed,$-Pot Split,Staff-Bracket Runners,Pools-Bracket Type,Pools-Rounds per Game,Pools-Games per Set,Rules-Game Settings,Rules-Chara Change,Rules-Glitches,Finals-Games per Set,Time-Desired Day,Rules-Notes,Time-Estimated Length,Time-Alternate Days,Time-Desired Time,Rollup-BRs,Info-Current Entrants,Time-Unable Days,1st Lineup,$-Match Final,Bracket Created,Info-Entrants/Cap,Info-Comments,$-Pot Bonus Info,$-Pot Bonus Amount,Staff-Support,Info-Software Needed,? Maybe,Staff-Commentators,Rollup-Commentators,$-Prizes,IRL-Unreg,$-Pot Split Further
rec3kLc6Rir26Ju2D,96,recz7IJG3l38UjNkG,0,https://www.start.gg/tournament/vortex-gallery-at-frosty-faustings-xvii/event/akatsuki-blitzkampf-ausf-achse/overview,2nd Lineup,reckB3zOnUL5QsMlO,recUELgKWlqJsxFsS,True,True,True,10,https://v5.airtableusercontent.com/v3/u/36/36/1733832000000/_Bl5PlOCwR2k2KqtQo8K7g/7NbYzdxZcy-0F8LdffREOumjOv0qZ2SCGtg_InQ12hK6aeuHONC8w1fKKZEydAwRKAt0tx-hrV0OP7A8iWbA9HNQchM6iHa8sfiA-f7HhDzEddakJb3HuTMqyUN-XN-DuAghpZxaqBmHWKbLrDkptkMmlvLnONd94jnOVnuAWS4/dYWXK84leSX7KbenxIdM3nc2W7NNijn-iFWS5UQttLw,ABKAA,Flycast,ABKAA - (Flycast),,Hagure,ABKAA%20-%20%28Flycast%29,2024-09-24T03:54:16.000Z,Akatsuki Blitzkampf,0%,0,2024-11-26T00:50:47.000Z,recoqQNwa1k9jJyDq,hagure#482344,/admin/general,@Hagure,0,,https://www.start.gg/tournament/vortex-gallery-at-frosty-faustings-xvii/event/akatsuki-blitzkampf-ausf-achse/overview,https://vortexgallery.moe/info#ABKAA,0,0,0,1,None,da89a80e,0,0 Hours,hagure,Akatsuki Blitzkampf Ausf. Achse,ABK,https://v5.airtableusercontent.com/v3/u/36/36/1733832000000/Q1SZSTZKvHjb4SkkkysSvw/gTrO6XJoBOqRfxCttSsw6EXUAOYddGfCWRfF4ZK024DGiA0HhtoucD0Wyt7FBpI2mKm3_yeVFuIf0Zk_VY9e-LGrpnGftZ22v9sOzwk97QumN-QIM5YE6bO2m4tlEXIasLqy3-EAlmOf40crvIfUnLBoONqm1ZUux9NG5GHVaWJpTHMUS4K-zrbE8wLG46yy/31zrzGPQArrZG3DofLmBCCjJRPlUL1yEKqr2_G6zsrY,,,,,,,,,,,,,,,,,,,,,,,,,,,,,,,,,,,,
recCaBOE2vmD2PGxh,,recmYPzwwuPigQunI,0,https://www.start.gg/tournament/vortex-gallery-at-frosty-faustings-xvii/event/aquapazza-aquaplus-dream-match/overview,3rd Lineup,recxYihO0VlDGnnGY,recVlTyPRO6CZfSfE,True,,True,,https://v5.airtableusercontent.com/v3/u/36/36/1733832000000/pf-TBbOMQhNgeTaVAKjNGQ/E2L-jZqTR47Yyp6KN4iztfdzk-Im3Gzw5MyFZvFZ-3_yOueDB6YQkMfbTyrczjqeDT8LZiRrFsaVt4eZy0QnpcyFrAmW29ZB7Zq3c-v1HuPgm37XuEPtDJwC5ZEVSFU72J60-KWP2MfzDM4MlRjHjf3zw46pQ6aux_S09zD0H90/DacmeLZAl2AEyg-SdmyK6QuRPE7YaKLCJGAPsTtKn4c,AP,PS3,AP - (PS3),,LegendaryBlueShirt,AP%20-%20%28PS3%29,2024-10-25T07:38:42.000Z,Aquapazza,,0,2024-12-07T07:15:04.000Z,recHL5DyrRMFxH6pN,LegendBlueShirt#754211,/admin/general,@LegendBlueShirt,0,,https://www.start.gg/tournament/vortex-gallery-at-frosty-faustings-xvii/event/aquapazza-aquaplus-dream-match/overview,https://vortexgallery.moe/info#AP,0,0,0,1,0.5,918faf16,0,0 Hours,insanius,Aquapazza,AP,https://v5.airtableusercontent.com/v3/u/36/36/1733832000000/HSu2bvfWJSShP0ikhPFdTg/Vat4iHlXD4_NLtzXxqOjbvZgWyM9Bg5mkGou5602lYVO_Es6P_5tEryn0SybVr3CnQ6KiWvMdp4ez1_Bpph-F-9W2QGsiVt6UDJGnBDTX9D4hm0RsyapA8aJllA3rFJyT7B-B41IaZQrS_Y7FO2rkg/PEEgB5nV93YLyJMTARBy19IaGl-Fe9OVE_9_Nqmw5O4,,?TO: LBS,1,2,,,,,,,,,,,,,,,,,,,,,,,,,,,,,,,,
reci5CtuQL7cRzWmm,32,rec4gJbTFxQrWu97X,0,https://www.start.gg/tournament/vortex-gallery-at-frosty-faustings-xvii/event/asuka-120-limitover-burning-fest-/overview,2nd Lineup,recffoXvB1EZv56rm,recZnbYCifFZI318x,True,True,True,5,https://v5.airtableusercontent.com/v3/u/36/36/1733832000000/01v2ugowV0_ZcLCJE_1VYw/eT1BkoEX2xcwFNTbPjz6_ebQcSPeLQfLABnUKKOO5ISBfm8tcxIBnD23aoiVedGlWFQzoYoHLSyX_lTygqUeCs2y1TGzESc-xjb3zcLf_3z1fDNOP9yyMeII4gY3Oe2alAnik8tT_2cO-iw-0F66ilYVh0almNrLvGJiMkQ8s-c/oQZwWPORbbZVjyYaEAVBbM7ChHjK0okvAYuUrdwksv4,ASUKA,MiSTer,ASUKA - (MiSTer),,Narr,ASUKA%20-%20%28MiSTer%29,2024-09-24T02:41:33.000Z,Asuka 120%,0%,0,2024-12-04T07:24:59.000Z,recgQGPoCQ9F5qCLA,gunstargum#916597,/admin/general,@gunstargum,0,,https://www.start.gg/tournament/vortex-gallery-at-frosty-faustings-xvii/event/asuka-120-limitover-burning-fest-/overview,https://vortexgallery.moe/info#ASUKA,0,0,0,3,0.75,14ede121,0,0 Hours,trainerhilda,Asuka 120% LimitOver Burning Fest.,Asuka 120,https://v5.airtableusercontent.com/v3/u/36/36/1733832000000/gi1-pmOpn2AGUtKH1VyTUA/AULJFAuTp6TFSFk67dDMWqEkJe1fHAFgIHav9nMaQrxSCTcij68p4v93_y2P3mNjjh1O73-y1wTKkNwpQyEglMDAGaJ3ILNzWK8H5JZID9VNaZKJ4aOktlYqou1tSuLkjWCWCQn4x9MW9kzBd0cTeA2BhyKgQ08HrC8lWUXPCvA/3cM1guri-v_wG9Ohis-wgKHIyzyj3xAO1ySmg0w9MbM,,,3,4,60/30/10,recTAveAiCQRuqGQb,Double Elimination,2/3,2/3,For Torami only: Handy 4.,Winner must keep character. Loser may switch.,"If Kumi's 214C handcuff glitch occurs, the Kumi player must immediately neutral jump j.C to end the glitch. Continue the match as normal. Using any other moves will result in a game loss.","3/5 Games for Losers Finals, 3/5 Games for Winners Finals, 3/5 Games for Grand Finals",Sat. 1/25,A player must press the Reset button in front of the setup after the completion of their set.,2 Hours,"Fri. 1/24, Sun. 1/26",11:00am,Skytanks,,,,,,,,,,,,,,,,,
rec6MZQi5YlpuaA9u,,recXEpZXDri1T4Lrq,0,https://www.start.gg/tournament/vortex-gallery-at-frosty-faustings-xvii/event/blazblue-cross-tag-battle/overview,1st Lineup,reczzQn8AgMeLPv83,reciyfoz0mSwIVndy,True,,True,10,https://v5.airtableusercontent.com/v3/u/36/36/1733832000000/ay5-vtRrYXKh8G7-YqxSnQ/E-c4Z81NCk_dAS2JdEwE4jJBQ_oJOUwANGi_xA3jxrfur1PXEu5_3RYdpJnnuxZm5MZBdGiioL4kgcE7XMvX_ewAEh8BYytVZBVdcaxO5hS8X3wqbEDnYJslK_cA3B5fNS_awpCkryeRWxYlssGJ29mlcfL7lGPBli97D0_g5ok/ohsOVsn1T44_qB43ML7Va_UbMm9QsKYZ9q59MyCC--M,BBTAG,PS4,BBTAG - (PS4),,GTek,BBTAG%20-%20%28PS4%29,2024-06-16T13:13:46.000Z,BBTAG,,0,2024-12-04T01:52:25.000Z,recYdbHI325YI2pVO,GTekFGC#886215,/admin/general,@gtekfgc,0,,https://www.start.gg/tournament/vortex-gallery-at-frosty-faustings-xvii/event/blazblue-cross-tag-battle/overview,https://vortexgallery.moe/info#BBTAG,0,0,0,4,0.5,40120ab9,0,0 Hours,gtekfgc,Blazblue Cross Tag Battle,BBTAG,https://v5.airtableusercontent.com/v3/u/36/36/1733832000000/Fl8qqpTYA_OswFQSr_HujQ/kYSBAH09INdnIR55q-9hYfSE2KAWCjK1roYbpj_VkAa7MEWX2GrIRqnQ4oHbJbhbOS0ZWnJn3kI3GIib75ZNOsAvN5EiouIjHo44j-jCX8uJZFbENDVnkbtHoIk0rNCI8DhP3uGhRgkITUBgoNsDAEkD_9vgelLUldevVDyLiyA/1RKOiyWbIvCTYzD-z_fjMYMGxqqXKp-aYB_6XKeNJkU,,,2,4,TBD,recza1rE3rw15xjWz,Double Elimination,N/A,3/5,,Winner must keep character. Loser may switch.,,3/5 Games for Top 8,Fri. 1/24,,6 Hours,Sat. 1/25,,NuclearTaco,17,Thurs. 1/23,True,True,True,17 / ,,,,,,,,,,,
recfDZJeNuQTsBbZz,,recNX1nXtShebd4ql,0,https://www.start.gg/tournament/vortex-gallery-at-frosty-faustings-xvii/event/capcom-vs-snk-2/overview,1st Lineup,recJKINZrMNqXpDOX,recADkaSQFChcGLCc,True,,True,5,https://v5.airtableusercontent.com/v3/u/36/36/1733832000000/jFXDzaUbXBFKS1CMYDT-VA/Ut9gRvWW9SNO2HwuI2KBC3t8vQvFHNHXP0Qtcz6NSNh214d_-a8d0iuKzeOuSgoPZQH21egzqCnWEQ92ymltZz2GrVufyn-KlSmbd_sXeIZj0o5P0Qz-p7IXyHoEc4IyhtbjdljKHqBonEGLw0p9uguN8Tuy_99gREXtjj08Bk0/HM4B5_7vx5jjx5fKhED5BFjL47ZkM1HiuZYCiG9kk4o,CVS2,DC,CVS2 - (DC),,Onikage,CVS2%20-%20%28DC%29,2024-09-24T02:54:43.000Z,CVS2,,0,2024-12-04T05:52:07.000Z,recSrcUjDK3MiUc7s,onikageSRK#735229,/admin/general,@onikageSRK,0,,https://www.start.gg/tournament/vortex-gallery-at-frosty-faustings-xvii/event/capcom-vs-snk-2/overview,https://vortexgallery.moe/info#CVS2,0,0,0,1,None,86b0149d,0,0 Hours,.onikage,Capcom vs. SNK 2,CvS2,https://v5.airtableusercontent.com/v3/u/36/36/1733832000000/j6lX7DSgceXLcLLsrYSylg/H8B6HaiY1Sc0vfbubGeCzQ8hTzmrEWicLEZywoPok05OGQ8s8wJDxmyHmkk5YdcHmcfthlOaOJXw2P_rP0i-QTaWlgloCT99Z4MuiieykmXMVd72wLHNetoLOeusgtH7yWk-GafaHETSWFskhlFQjgRdJYAbahY7JcIfnU8edPA/EwoayIS0olFUkX2p6R-FOAK7pf_cWcV2yLt8bM6sBZY,,,,,,,,,,,,,,,,,,,,18,,True,,,18 / ,test!,,,,,,,,,,
recRs1YQOIERBQBhs,,recDUx8UJ4apHejsx,0,https://www.start.gg/tournament/vortex-gallery-at-frosty-faustings-xvii/event/chaos-code-new-sign-of-catastrophe/overview,1st Lineup,reczzQn8AgMeLPv83,reccnvBNzMJLBy4aM,True,,True,1,https://v5.airtableusercontent.com/v3/u/36/36/1733832000000/Qq4u9p8hNY5awyUNA1dIkw/BseuGsJny1gtNCWejcbDeL2YClitxCMuCmOt0L8maE9TUDBxFx-37TvuvkpGsvT58aS8X-n4Gze_UWQ2bSSURm3keXhQbK-23F_pGpOKksiTYfb-SHafOvJzePeeSNTI2T7D5757eHE3Rt0pN4LsAnNRMHeW-GriMGLIAMEf2jw/-uXnzOzMVR3E2PI0iL2rsYMKS5g-IgEou1Os7h876jE,CCNSOC,PS4,CCNSOC - (PS4),,Crimefighter,CCNSOC%20-%20%28PS4%29,2024-09-24T02:43:01.000Z,Chaos Code,,0,2024-12-04T01:40:54.000Z,recJPtNMrXgQ78wm9,Crimefighter#489199,/admin/general,@A_Crimefighter,0,,https://www.start.gg/tournament/vortex-gallery-at-frosty-faustings-xvii/event/chaos-code-new-sign-of-catastrophe/overview,https://vortexgallery.moe/info#CCNSOC,0,0,0,3,1,dc289a78,0,0 Hours,A_Crimefighter,Chaos Code: New Sign of Catastrophe,Chaos Code,https://v5.airtableusercontent.com/v3/u/36/36/1733832000000/wjD-t9NgOpyc3GWClvrpYA/mGVm2gPL3kMeo7bpBb6FNUPTaYhfLHNHW9I2szp_MkPLIia8ZJ_0L3Xb8VKb1M9X6L8M02GS83f7jFmLU7LVuJk1KATwjpvjTd30CDAKZ4zt5F3NG5CWR26J07TBW0XX7O_ZxIsQg-albmteV5sO2Q/CUfv6_8A4bvLhNQlYZjnd7DORvOB7t4QOqwYuHysJLg,,,2,2,60/30/10,recsj0Bo7neCk0Zti,Double Elimination,2/3,2/3,"Default game settings, sidebars on, boss mode banned, chaos mode banned.",Winner must keep character. Loser may switch.,,"3/5 Games for Losers Finals, 3/5 Games for Winners Finals, 3/5 Games for Grand Finals",Sat. 1/25,"all stages are legal but if there's disagreement on which stage to pick lupinus stage (military base) is the community default. If a player requests blind pick characters will be chosen, then revealed, then extra moves will be chosen. Winner must keep their character, but can change extra moves, loser can switch characters as well as extra moves.",,"Fri. 1/24, Sun. 1/26",,BunniesFromHell,13,,True,,,13 / ,,From Crimefighter,50,,,,,,,,
recfzfVyaehScEnHF,32,recl0isg36v8Zx6GK,0,https://www.start.gg/tournament/vortex-gallery-at-frosty-faustings-xvii/event/cyberbots-fullmetal-madness/overview,2nd Lineup,recffoXvB1EZv56rm,recvYEB2SPd9w49oz,True,True,True,5,https://v5.airtableusercontent.com/v3/u/36/36/1733832000000/X6oCSP_kKkgMLllWZkE89Q/UUaT4Yeh4m_HTw6gk3tCdKMxPKM6Ms4V3kCmrn9fwfJA_zA3baAOoaU20P_UihnHeSp_3qdTyfAKAVq2yAZuIeNueDPKFB2KWW8mahq6yalRfuo_ZmnZvAWvQSgeqDekhdh3OZrD_lOkk5p0mzKHCp4BvsT1B-fsMCsX15J_mOM/jEfQPozuJ3htknlH-kJrKO1RywsNSewNlpLL5V8b5lM,CBOTS,MiSTer,CBOTS - (MiSTer),,PolarBair,CBOTS%20-%20%28MiSTer%29,2024-09-24T02:42:57.000Z,Cyberbots,3%,0,2024-12-07T04:20:25.000Z,recY9oKWXSGvG06bL,PolarBair#731171,/admin/general,@PolarBair_ON,0,,https://www.start.gg/tournament/vortex-gallery-at-frosty-faustings-xvii/event/cyberbots-fullmetal-madness/overview,https://vortexgallery.moe/info#CBOTS,0,0,0,3,0.5,a88e8515,0,0 Hours,polarbair_8,Cyberbots: Fullmetal Madness,Cyberbots,https://v5.airtableusercontent.com/v3/u/36/36/1733832000000/XKr6TUtNbZMZ-OB6WV9Hpg/usDdmDOCV87rkU8MHOyWmejwj3nRyZTWKjtENsi8S_4qLgw4SAJ_j_hRiUSOS3Pa9KwTx-_jHOyVbeXh_dIkNirUnlwHO3kKAamjCuUp-HCeHo3Mqtr6xlW-ndxmnfmnpsu4Up8mGCSw1Mw-JuudSw/eiBo6Z4xwXM8jfLNMUzSUddWtxa3LXRNiMXZLg9XgJs,,,2,4,60/30/10,,Double Elimination,2/3,2/3,,Winner must keep character. Loser may switch.,,"3/5 Games for Losers Finals, 3/5 Games for Winners Finals, 3/5 Games for Grand Finals",Sat. 1/25,Warlock is banned. All other characters are legal.,2 Hours,"Fri. 1/24, Sun. 1/26",2PM (any good),,1,Thurs. 1/23,,,,1 / 32,,,,recNB9mbnIyyO0DxA,,,,,,,
recBSWpWk11qGRIkK,,recribsTPMsOkIV4p,0,https://www.start.gg/tournament/vortex-gallery-at-frosty-faustings-xvii/event/dead-or-alive-6/overview,2nd Lineup,reczzQn8AgMeLPv83,recIW2PqfFjQEOs0B,True,True,True,10,https://v5.airtableusercontent.com/v3/u/36/36/1733832000000/AMxNoP4h8-hWbx4WMo_MkQ/8EzpTRRQynag7qdSJ3slOujyC6c3xevPfhRUSvWYDUfzjsuNYzM3GQF0cH2P8UP4IRf0z2gFZKRjNeCzSnPaNCemIUw2V2-zMN8hRoP5xJ7eHDOPYF-XzLigCuBbCMPIp_8ayeg1TgcgQfY7OfXCvLttFh8adTIa-1MDc2LSHsg/F-M2UfC-ZqtGSk5ux6kEdcPtR9fc3gvPsYDx_stmtJI,DOA6,PS4,DOA6 - (PS4),,H0oDLeSs,DOA6%20-%20%28PS4%29,2024-10-25T07:24:08.000Z,Dead Or Alive 6,,0,2024-11-30T03:53:24.000Z,rectXRmiQzzgML7Wd,ihoodless#715126,/admin/general,ihoodless,0,,https://www.start.gg/tournament/vortex-gallery-at-frosty-faustings-xvii/event/dead-or-alive-6/overview,https://vortexgallery.moe/info#DOA6,0,0,0,1,None,83daa16f,0,0 Hours,ihoodless#715126,Dead Or Alive 6,DOA6,https://v5.airtableusercontent.com/v3/u/36/36/1733832000000/JKL4KW1QlKzeol9YD7_tfg/2NSkJjl9Ib1br7REzLv-qZJRv2MgSd7PG2KpW0hyumMwpGnkCbj9Wsyr_coRPCHClYV-jVnZ5XQLH6cx8_9NDkmspuxe6bwXZEzi9IO670jvuamWEQTYhHvJwSWKxeQ0YzcfnVSdMSd4f_ABOsirMcxWwzUY3thTfHZn6eGb7-4/8f4tnCoZZOkDRiXRY4UnB_kVXA_LFZiUnxvohrAtkc4,,,,,,,,,,,,,,,,,,,,4,,,,,4 / ,,,,,,,,,,,
recRyNC3sJyns9DJo,48,rec3BToL5Lnknukts,0,https://www.start.gg/tournament/vortex-gallery-at-frosty-faustings-xvii/event/dengeki-bunko-fighting-climax-ignition/overview,1st Lineup,reczzQn8AgMeLPv83,recgg4IFBB8G3BBT3,True,,True,5,https://v5.airtableusercontent.com/v3/u/36/36/1733832000000/y7wYkKHVYgnrJXE5jwtE0Q/N0Vi8BQuw1NslBHwErwnnB8-CPJcNfaBSszZVLs4bppR2sepbFb2hyNEBoAJegbxUzUd2jUaVJbXuUjz8v_tjqRosZUm7nEeMgxJN7Bp-wRBxqKE6FdtHbEc2rUtfiJzCEDJs8cCur4pMwhqXfHJbxUEHhXO80PrAbUaDL8do6w/876-6VJ5POUK2stRF5-4NVCLmHyMHMk_IE5VJR77x88,DFCI,PS4,DFCI - (PS4),,Wish,DFCI%20-%20%28PS4%29,2024-09-24T02:46:19.000Z,DFCI,13%,0,2024-12-06T02:20:40.000Z,recVAGid6Sqkw7w5M,CRQWishy#470269,/admin/general,@CRQWish,0,,https://www.start.gg/tournament/vortex-gallery-at-frosty-faustings-xvii/event/dengeki-bunko-fighting-climax-ignition/overview,https://vortexgallery.moe/info#DFCI,0,0,0,3,1,a5eb6739,0,0 Hours,crqwish,Dengeki Bunko Fighting Climax Ignition,Dengeki Bunko,https://v5.airtableusercontent.com/v3/u/36/36/1733832000000/5pP4MEHlZkD2TaC4E4es-g/0QTxcatz2jyQENhdEL7vt-FgRKGIys5oSXuhYKhhqWkfY71g8652HVkfoKiTeBYk70itcFu77HIYD13uBp9L3GadMBJXyuVbk0cHNQXfKHlHwTHgBAnSfmt7057aKLTRMFPkLBB-56OCSbLnDIxGoAefkzqX-L9jmEnTzX2P_eno2-e8NsxixLIGNWn-d4lb/4RRGh_JyLvoIpPBNWZbdYXyy5GEcGJ1Xj9jeGoYFICM,,,4,4,60/30/10,,Double Elimination,2/3,2/3,"All settings default, Ignition Boost OFF.",Winner must keep character. Loser may switch.,Any game-freezing glitches are banned.,"3/5 Games for Losers Finals, 3/5 Games for Winners Finals, 3/5 Games for Grand Finals",Thurs. 1/23,,3 Hours,"Thurs. 1/23, Fri. 1/24, Sat. 1/25","any time after 7PM Thurs should work, or any time at all on the other days.",,6,,True,,,6 / 48,,I'm tossing in some money myself into that matcherino,50,,"DFCI is Japan-exclusive, so the game can only officially be played in Japanese from the JP PSN store.",,,,,,
rec4oq0F0HbBCEgvN,64,recCa1vuMMiSAQdmI,0,https://www.start.gg/tournament/vortex-gallery-at-frosty-faustings-xvii/event/dnf-duel/overview,3rd Lineup,reczzQn8AgMeLPv83,recnbXlqAs31ohZbF,True,,True,5,https://v5.airtableusercontent.com/v3/u/36/36/1733832000000/RXCirlXLwUMvyeulXzPdDw/ALr099mODILbgDfFcruE2Kq2wWC1LRg7Q7AWreGNMztvWuXwY3as0o9VYwQ3YJf9QiN8ndQZLKO1glW13QqUJfXB-C8Is4RzYFP35hoAmkwCpTgsmkPCsU_zxoEFVdn7DLfHM-H7dVsunsRRL_UIC2KQOVXpVvVzktfnM3TMquo/RPm7Q5GOwQHKJwMvC-kJM0FoKILERLGLMfAy6ArRoLA,DNFD,PS4,DNFD - (PS4),,AngstyDragoon,DNFD%20-%20%28PS4%29,2024-08-11T06:44:36.000Z,DNF Duel,0%,0,2024-12-04T01:49:03.000Z,rech2lIpCezKR5yNy,angstydragoon#1055201,/admin/general,@AngstyDragoon,0,,https://www.start.gg/tournament/vortex-gallery-at-frosty-faustings-xvii/event/dnf-duel/overview,https://vortexgallery.moe/info#DNFD,0,0,0,3,1,8412fd04,0,0 Hours,angstydragoon,DNF Duel,DNFD,https://v5.airtableusercontent.com/v3/u/36/36/1733832000000/qPnnDxd2ixYTh-s8J-uDUg/zK0UjbG8lUS1GX6GbLlCkIDRnmGAw64Qc4c9-ecHRVAsK_2efZ6g5L2UzSqlcGl4VHHlFpwWCWxFwyJOyYog9Mfz_fuxmPgxUspThXLEJzoHR-EriMq2VX5dgMIyZ0Dwv1X6lHyLDmh8V9h5-Lbqew/2HYrwMzz7uLRPXZ1t7r2fyL-IbqrvSJm-kjDn3E4kAY,,TO: AngstyDragoon,4,4,60/30/10,,Double Elimination,2/3,3/5,,Winner must keep character. Loser may switch.,,3/5 Games for Top 8,Sun. 1/26,Winner may not switch cube. Loser can switch both cube and character.,3 Hours,"Sat. 1/25, Fri. 1/24",any time on sunday should work for me,,,Thurs. 1/23,,,True,,,,,,,True,,,,,
rec4a9snTtajlE3W8,32,recQpIk8UBOGjiZ1z,0,https://www.start.gg/tournament/vortex-gallery-at-frosty-faustings-xvii/event/e-s-laf/overview,3rd Lineup,recPSzSF36bmhTpF5,recW5s6qmb0NytqNC,True,True,True,5,https://v5.airtableusercontent.com/v3/u/36/36/1733832000000/oxax30mowCCFQvxbD44rOg/m5aXjYmxVGl5KneeWwnaPr_RslDWHKuXy6juwdMsg8X1K-DttB7PvjcVX-vqFzmbF3oVG6PqTpTr66YN9nECzYGzJB4TyoYtr4y2tTIBKpAkKig4ooPm87jIykl78BjpgMQvtCGoyZUCzPUsT12JfwEI3rNz-OyDMqR9oVhvtfA/DEGcjOznLn71ylFja-26QgIdjSvBlPUjMEsTNeOyHEg,EL2,PC,EL2 - (PC),,Jiji,EL2%20-%20%28PC%29,2024-11-25T20:57:55.000Z,E's Laf++,50%,0,2024-12-05T03:55:43.000Z,reckUUNsRmnHmysNU,Jiji#1423361,/admin/general,@jijiglobe,0,,https://www.start.gg/tournament/vortex-gallery-at-frosty-faustings-xvii/event/e-s-laf/overview,https://vortexgallery.moe/info#EL2,0,0,0,3,1,00cf840d,0,0 Hours,jijiglobe,E's Laf++,Eslaf,https://v5.airtableusercontent.com/v3/u/36/36/1733832000000/MILDLHb00zUOWUsGnkmt0g/fx5Y4BDorL9v8uAh1WRMJwGNuK3Z3lwhnqB2J5-1kxY74hYb7oA1OUCo_9DWHqQD3p8mZclYY6ii6fCxcwATEmAgGxQmUXcVPD5gKkLGcPF77Vv2uR12FEnZCIV2S00qjzzmbKO9RCcBo5z80qhVXQ/al1rmd1okroyQi1aay0BYZA1Gb7kzbWoNLPG3CVjuDk,,,4,4,60/30/10,"recCaBOE2vmD2PGxh, rec7W34rbV7QCNIBa",Double Elimination,2/3,2/3,,Winner must keep character. Loser may switch.,Serena and Alcott will be banned because they are incomplete and have known glitches associated with them.,"3/5 Games for Losers Finals, 3/5 Games for Winners Finals, 3/5 Games for Grand Finals",Fri. 1/24,Game version will be selected a few weeks before the event to avoid any undiscovered bugs on patches right before the event.,3 Hours,Sat. 1/25,11:00 AM,"LegendaryBlueShirt,Hyacinth",16,,,,,16 / 32,,,,,,,,,,,
recCaBOE2vmD2PGxh,32,recLUOzBXPDrANV1F,0,https://www.start.gg/tournament/vortex-gallery-at-frosty-faustings-xvii/event/fate-unlimited-codes/overview,2nd Lineup,recQeefKRIE41cLCk,recLYVfHiXN8C7btN,True,True,True,5,https://v5.airtableusercontent.com/v3/u/36/36/1733832000000/f1rw3HkVLNTlDpOGKqyGpg/4Ds1lISz9SKrMvzgbeh6JlJe8LKws_vfYntP_45XA1F8zd5w2NBhsDirvM3GLIGu5FYqWkW4PWBMzzYFtH9YmNUQeu-9WPUP0kP5ji-P3FnDv7Li90IYNBHrlb78Jj2ovToCqAyKmuoDeClbQD_pdIv0GQSCNH_AqOgyh7vj8oI/WNy1Jl2J2U9-kCerv1rcblAXn9rjXtOYXMjVfZ7B8Mk,FUC,PS2,FUC - (PS2),,LegendaryBlueShirt,FUC%20-%20%28PS2%29,2024-10-25T07:40:46.000Z,Fate unlimited/codes,19%,0,2024-12-04T06:05:52.000Z,reci8uBHKzSLwcD1j,LegendBlueShirt#754211,/admin/general,@LegendBlueShirt,0,,https://www.start.gg/tournament/vortex-gallery-at-frosty-faustings-xvii/event/fate-unlimited-codes/overview,https://vortexgallery.moe/info#FUC,0,0,0,3,0.75,918faf16,0,0 Hours,insanius,Fate/unlimited codes,FUC,https://v5.airtableusercontent.com/v3/u/36/36/1733832000000/Cv8x_je3w7TeHdILz_dZXQ/iHEVkQleRk58NWz-1yWl5U8bVGHX9NbIHeNO31MRPgvoIbuvSPPygd5-C6_LwZx5NIiNzxV9Ebf7y4g2Ct3t0sju96R3tE9fjvkPHkMq1BDNIRA1ZlVgx6PHJtdjp1THDuyghkLsf3ENa56l5UhU6w/fBMGCY09flgZxOCi8PruBC-08KWzni7qbwCd91J_nCU,,,3,4,60/30/10,,Double Elimination,2/3,2/3,"Default Settings
- damage level 2
- timer 99",Winner must keep character. Loser may switch.,There is a glitch where both players may be transported out of bounds and may be unable to move normally.  The round should continue and the players should forward dash to get out of this state.  If a player pauses during this glitch it may not count against them as this is not common knowledge.,"3/5 Games for Losers Finals, 3/5 Games for Winners Finals, 3/5 Games for Grand Finals",Sun. 1/26,"Brook Wingman Converters will be provided rather than requiring players bring their own. Converters are put in force digital mode (LED on the new model converter should be blue). This is more strictly enforced if a persons controller is capable of an uncleaned socd whether pure dpad or dpad + analog stick.
Instant super buttons are banned. Converter remap function is allowed, turbo not. (Please reset the converter bindings to default when you hop off if you use this function)

Pause penalty: round loss. Enforced as player eating penalty has to afk for the rest of the round

Games will be played in Arcade mode not Versus mode, for convenience.
players RPS/coin toss for choice of side.  After game 1, loser can change character and stage (winner must keep character)",2 Hours,"Thurs. 1/23, Fri. 1/24, Sat. 1/25, Sun. 1/26",,,6,,,,,6 / 32,For setup purposes it would be ideal to run FUC after Soul Calibur 2 so they should be scheduled the same day,$200 personal contribution,200,recI66XSPyo4nQ7Cm,,,,,,,
recfzfVyaehScEnHF,32,recq8hfas5tBW6sdz,0,https://www.start.gg/tournament/vortex-gallery-at-frosty-faustings-xvii/event/fighter-s-history-dynamite-karnov-s-revenge/overview,1st Lineup,recffoXvB1EZv56rm,rectKri4dqXgcEvxh,True,,True,5,https://v5.airtableusercontent.com/v3/u/36/36/1733832000000/ZtRLBRZfhpYQf51V-FrBTg/cBpOhOCXZuaDPIKmwY-e9NLLFshRmMhsSA6H0eAn_o9NTjnh9-igSj_dkmDqd1xP5Y2lrJUmffVXAbrtdFBZAlFFxACNAwMbdoSsZf5HGra906MP7ZLPsUFEkfaamfm2uU99_xe9_I7PBQNRyLm08EMbD16lM31vdFZWXKzsD3Q/oj5nznhieBEbjL_22jL1FiG6dpZBc4KObTkMK50tAUA,FHD,MiSTer,FHD - (MiSTer),,PolarBair,FHD%20-%20%28MiSTer%29,2024-09-24T02:42:03.000Z,Karnovs,25%,0,2024-12-07T04:30:48.000Z,rec2gB5M1AhtQ8NRK,PolarBair#731171,/admin/general,@PolarBair_ON,0,,https://www.start.gg/tournament/vortex-gallery-at-frosty-faustings-xvii/event/fighter-s-history-dynamite-karnov-s-revenge/overview,https://vortexgallery.moe/info#FHD,0,0,0,3,0.25,a88e8515,0,0 Hours,polarbair_8,Fighter's History Dynamite: Karnov's Revenge,Karnovs Revenge,https://v5.airtableusercontent.com/v3/u/36/36/1733832000000/TaCFb4egFdp_CMIWQuKVMg/PzXU8NYiAqGYHG5vbg-7HBumoGWCuB2l9yobYNbnJdQOXDvQS0rC3fjsBtJH8O07XOTR15UEfZ7K5WRRwwXLtiC3STZiYyRknPhSvyWBKWSWSr69i45me_8gpT3r39zqnnhtSz69FvvoZ7bk6YR0uQ/QSXVdAw8FBAzvn-Yam3PuKmZ3NC3a_ECJugBYQo5OMo,,,1,4,60/30/10,,Double Elimination,2/3,2/3,,Winner must keep character. Loser may switch.,,"3/5 Games for Grand Finals, 3/5 Games for Winners Finals, 3/5 Games for Losers Finals",Sun. 1/26,Players can request a coin flip to pick their side (P1 and P2 have important differences),3 Hours,"Fri. 1/24, Sat. 1/25",2PM (any good),,8,Thurs. 1/23,True,,,8 / 32,,,,,,,,,,,
reczev7WctDrXT2Hi,48,recdsxpCVMUISzj3Y,0,https://www.start.gg/tournament/vortex-gallery-at-frosty-faustings-xvii/event/garou-mark-of-the-wolves/overview,2nd Lineup,recffoXvB1EZv56rm,recFbhSvESoVXLy3s,True,True,True,5,https://v5.airtableusercontent.com/v3/u/36/36/1733832000000/7amQWiQ62cRTHE2Rkk0Vqg/hyEf7930A8RJ7AORwNal4U2en2PlR23wnXAWrNlFThO968rhr4ICl20y3IJBA4Vdz3ko1H7txL3n2U7C6gy6JjbCqmzHy56qQ5HuhD3BVkqi2jE34tKD-xeR-cmJmrTSp3BmqUAjFbi7JPA-dqgUnJluWUqBWGK4CTc9XFYexbk/ct7LVLdTPR0eGR0nHjXuwKE26qBDItJhsZ6weFRP47Y,MOTW,MiSTer,MOTW - (MiSTer),,pineapple_consultant,MOTW%20-%20%28MiSTer%29,2024-09-24T03:55:57.000Z,Garou MotW,23%,1,2024-12-09T19:13:07.000Z,rectP0Rpp5zSgUkfo,pineapple_consultant#1123530,/admin/general,,0,,https://www.start.gg/tournament/vortex-gallery-at-frosty-faustings-xvii/event/garou-mark-of-the-wolves/overview,https://vortexgallery.moe/info#MOTW,0,0,0,3,0.5,be3bf75c,0,0 Hours,xcf,Garou: Mark of the Wolves,Garou,https://v5.airtableusercontent.com/v3/u/36/36/1733832000000/PMIAQH0E2yXuzOXNUfMzww/y6G54MRyJLdiwdP4cM0elSsJPlH1zXp6LTkE7DffuFYS24HGJ8LDBHi1NLyV-nqO0qvyWEsZXXJWTXilTaMoCFX_9KsNSNd7p9zsByXCgRvmaxRg9fRgff0HL5_mIbc2y2id905wwBuIA8HpkX1H2A/ig5tP0TnDfrRfgcZZSCLf6thkxvjHP_noN7NGSVgnOI,,,2,4,60/30/10,"reckaQFgdy3d6QZji, reczev7WctDrXT2Hi",Double Elimination,2/3,2/3,"Handicap set to 4 stars
Random stage select (default)
Custom TOP is banned.
Players may coinflip for P1/P2 side if requested.",Winner must keep character. Loser may switch.,,"3/5 Games for Winners Finals, 3/5 Games for Grand Finals, 3/5 Games for Losers Finals",Sun. 1/26,,3 Hours,"Thurs. 1/23, Fri. 1/24, Sat. 1/25",12pm (any good),"Razeq,pineapple_consultant",11,,,,,11 / 48,,,,reczev7WctDrXT2Hi,,True,reckaQFgdy3d6QZji,Razeq,,,
"recuhnnvmOPKnOo7p, recGI42fFq4KWnxb1",64,rec01phIszuLyfsyc,0,https://www.start.gg/tournament/vortex-gallery-at-frosty-faustings-xvii/event/idol-showdown/overview,2nd Lineup,recPSzSF36bmhTpF5,recbVPmp0HDZMWBWI,True,True,True,0,https://v5.airtableusercontent.com/v3/u/36/36/1733832000000/aRr6zWRdU787gBGJvpy_0A/orIh71fLUtqhWluDfK-s43AM3ozeKmQxHg3XTfEHoZuwzskMUJEGeGO2zUCuHignFoAw2Pb5Wi3vRNPeQEsJP4ruzSzduJosnFSiIf5pQQaPXrz_uA7m3ITWX-HiJZsQaKH3Q5BtcAEGqSYkN-pC2pNtzcTbCE3j-XwSMDUm9x4/hnGRzunB8VWFVHepx09g5pzpX5m4R_88ABUEsbDnfcs,IDOLS,PC,IDOLS - (PC),,"vikarus,Retro",IDOLS%20-%20%28PC%29,2024-09-24T03:55:21.000Z,Idol Showdown,0%,0,2024-12-01T21:33:55.000Z,recZlGwHYCQoOeJrt,"vikarus#1129495, extradip4#1438004",/admin/general,"@icarus_vikarus, @extradip4",0,,https://www.start.gg/tournament/vortex-gallery-at-frosty-faustings-xvii/event/idol-showdown/overview,https://vortexgallery.moe/info#IDOLS,0,0,0,4,0.25,"fa3c3bd2, c5c2cc02",0,0 Hours,"vikarurs, retrooooo",Idol Showdown,Idols,https://v5.airtableusercontent.com/v3/u/36/36/1733832000000/lTHlPjcf-ybZB7JHHb8Y_Q/cSYKxaIIFVES-sbwXixZIac9yITM39w64YaClLMdFaBHFgwK9Aj7EWgnoup8H35esatG14F9RPFKjBX3dHY8t-tx5Qs_4L_JK0lrscuN4YAC_hj_ab7ilGoDneQhmXImyIoMH6ZGcceq7X9yg85y8Q/OIYw9lAoWRaDv9OReKoXxZH1S1QkLgTJNWErhkHX2AY,,,1,4,50/25/15/10,"recuhnnvmOPKnOo7p, recGI42fFq4KWnxb1",Double Elimination,2/3,2/3,,Winner must keep character. Loser may switch.,,"3/5 Games for Losers Finals, 3/5 Games for Winners Finals, 3/5 Games for Grand Finals",Sat. 1/25,Winner must keep collab; loser may switch,6 Hours,"Sun. 1/26, Fri. 1/24",11:00AM,"vikarus,Retro",,Thurs. 1/23,,,,,"Last year, we ran the game entirely on Vortex Gallery-provided monitors and Micro-PCs.
If we could do the same this year, it would be ideal! If not, we should be able to provide 2 devices the game can run on as well as 1 monitor.

Last year, we ran 4 setups - it worked, but ran slightly behind schedule. I've listed 4 setups as needed, but we should be OK with 4.",,,recuhnnvmOPKnOo7p,,,,,"Top 3 will receive custom hitboxes.
Top 4 will receive wall scrolls featuring character art from the Character Select Screen.
Top 8 will receive an acrylic stand of an in-game sprite of one of the fighters.
Stickers of the ""Idol Showdown Next Fes"" logo will be at the setup!",,
recm91zZZ8U9uXxss,,rec3LB7FVVGTxg1pA,0,https://www.start.gg/tournament/vortex-gallery-at-frosty-faustings-xvii/event/jojo-s-bizarre-adventure-all-star-battle-r/overview,1st Lineup,reczzQn8AgMeLPv83,recmFZf3nAsuESng8,True,,True,5,https://v5.airtableusercontent.com/v3/u/36/36/1733832000000/_bulr09IOx_do7LACs54LA/Zh1gjbZmkwJP-BDVwYyYf_7Q1OaIpexYoxm6fVjlc0FwjEoPdEQM_GIgt4IqvzVrAVkzGk6pleILjjREevsfE3b34XyGSKFW519N-ucEm2juvHfff6NAjdUDqACGZK3ykhoQnpzrlnf7QcqIHatgwDcCQiszXels5kfAOV2kG0A/n6KqRAlTHvc2LoojrU7tC2rZSdp6XMhGnnDqqKq-Buw,JJBAASBR,PS4,JJBAASBR - (PS4),,Aaron Curry,JJBAASBR%20-%20%28PS4%29,2024-09-24T02:39:38.000Z,JJBA ASBR,,0,2024-12-04T01:45:27.000Z,recAGRJy7TSlg4cbS,Curry#841598,/admin/general,AaronCurryDish,0,,https://www.start.gg/tournament/vortex-gallery-at-frosty-faustings-xvii/event/jojo-s-bizarre-adventure-all-star-battle-r/overview,https://vortexgallery.moe/info#JJBAASBR,0,0,0,1,None,b09af56b,0,0 Hours,aaroncurry,JoJo's Bizarre Adventure: All Star Battle R,JJBA ASBR,https://v5.airtableusercontent.com/v3/u/36/36/1733832000000/bb2qNo1A1GezbdZZwoTLNg/QpL83XnkWEkPw3tocM7xOHnOjz4QIujtAmej6GiQcBT8ymAI_IzIkPw6iDP4JgG1kpTUdbeVWZj3X-HQSjedr9Sm5XzNgIk3otGnP1VOfmqoJbJXUcGINniwJqKvLLGCLIA46ipy2T6utlzAo6z86g/bTfFy_LeSnOI5cMMFVgPMRdm4GHCzXbeMnB7RVATKRs,,,2,,,,,,,,,,,Fri. 1/24,,,Sat. 1/25,"8pm, later times are fine generally.",,4,Sun. 1/26,True,,,4 / ,,,,,,,,,,,
recsj0Bo7neCk0Zti,48,rec6VT2mOKYXDd4VG,0,https://www.start.gg/tournament/vortex-gallery-at-frosty-faustings-xvii/event/kamen-rider-super-climax-heroes/overview,2nd Lineup,recrOeOV5ZtWIGqXL,recjKtGQI7YoomIxt,True,True,True,5,https://v5.airtableusercontent.com/v3/u/36/36/1733832000000/9xEm0S_EfdLfWp1NQJSJ-w/Un5fq6YV6mAXY_4XFNMALVWDno8tuaN-0-8VTTIP9ZyXPXScaoA_81ix_iYgdoCQR8MSXDZL9gJJ1UnskXfxLfbDivLAMRlcmOU1LH3w9gep6pzXDvLF08tSDMZJ4leTN4CF60W5cIXH5erqvDUPVgIJkgnprQP6ZdoigRbc3Oo/-6xLnQlaU49t7mJhukk5sYI_ZwOlLvEjFTxo8irrKdA,KRSCH,Dolphin,KRSCH - (Dolphin),,BunniesFromHell,KRSCH%20-%20%28Dolphin%29,2024-09-24T04:00:25.000Z,Kamen Rider,8%,1,2024-12-04T06:21:57.000Z,recGBJgB9TCcM7mDd,,/admin/general,BunniesFromHell,0,,https://www.start.gg/tournament/vortex-gallery-at-frosty-faustings-xvii/event/kamen-rider-super-climax-heroes/overview,https://vortexgallery.moe/info#KRSCH,0,0,0,3,0.5,0f81bc23,0,0 Hours,BunniesFromHell,Kamen Rider Super Climax Heroes,KRSCH,https://v5.airtableusercontent.com/v3/u/36/36/1733832000000/ARIfAe-R8FQug8GIbDcL2w/FRzukbO0L4_merPzjyf6n4NW2-Mk7zoRhJAPp8DwoW791TrHoDBEV9c2f5dlIrWWU17xb_0rlkO8f9_ySQesMcNR4Nssjuuutv7Wx7g0tk4kKObSVJ7iziaSyMupc3Xzi99ZnDoaWkmUykfgIRrTP_eDos3dzWGpPZcp_FVPN6w/mi57XyHZnZQkxD7vLUkguhQLTFHieDvbAB4ZIKAtyaM,,,2,4,70/20/10,recRs1YQOIERBQBhs,Double Elimination,2/3,2/3,"Timer: 90 seconds
Damage: Normal
Climax Time: On
Final Reflect: On",Winner must keep character. Loser may switch.,"The Finisher Mode Throw Cancel bug is banned.

Tag Battle Style is banned (except when used to choose Fourze Meteor Fusion States).

Combo follow-ups after attacks that disable the opponent's burst are banned.
    This affects Kabuto, Den-O (PWR), Fourze Meteor Fusion States, and Kiva (off-axis Kiva Rider Art must be immediately followed up with 5S).
    This does not affect Kuuga (PWR) or Imperer, as their respective cinematics (Kuuga (PWR)'s Rider Art and Imperer's Rider Finale) do not disable burst.

Zeronos may not transform between Vega Form and Zero Form and vice-versa.
    If Zeronos transforms from Vega to Zero or vice-versa, then the player must immediately transform back to Altair Form.","3/5 Games for Losers Finals, 3/5 Games for Winners Finals, 3/5 Games for Grand Finals",Fri. 1/24,"Banned Characters: Faiz (SPD), W LunaTrigger (FMC), Wizard Hurricane Style (FMC), Fourze (SPT), Skull, Agito (SPT), Den-O (SPT + Gun Form)

SCH has no mirror matches so we have a lot of extra rules for character select:
Both players must announce which character they want to play upon entering Character Select. If both players wish to play the same character, play RPS to decide who gets to pick that character — loser must pick another character. In the event that RPS is not feasible, another method, such as coin flip or dice call, will be used instead.
The winning player of a game must pick the character they won the previous game with. The losing player may opt to pick a different character, as well as a different stage should they choose to do so. The losing player may opt to pick the winner’s character going into the next game. In the event of this, both players play RPS (or a suitable alternative).
If the initiating player wins this game of RPS, the defending player must pick a new character, but the initiating player forfeits their right to pick the stage to the defending player. If the initiating player loses the game of RPS, they forfeit the right to pick both a new character and a new stage, and the stage must be a random pick.",3 Hours,"Thurs. 1/23, Sat. 1/25, Sun. 1/26",4:00pm,Crimefighter,4,,,,,4 / 48,,,,,,True,recRs1YQOIERBQBhs,Crimefighter,,,
recWUJhT8tts9M0IG,32,recIhAPbGnR4IqtFu,0,https://www.start.gg/tournament/vortex-gallery-at-frosty-faustings-xvii/event/killer-instinct/overview,1st Lineup,recPSzSF36bmhTpF5,recBg7ZdmlpF5cfU8,True,,True,10,https://v5.airtableusercontent.com/v3/u/36/36/1733832000000/jVLCmoxKSupOCTuWLx86gQ/kBWo-a_GMCdZJ50rsgjHkLrQJvewkQaZRM7Xe2hzv4h5SSck7N86zN1SCw6GRMouHS6LEqxCUeERXfiBB4v7zFdtkA2hOye6qCIcNqGPwikoSUTh7iFWAx3e3dsrdJaRC600B3FINKD91qYRIuuEPoCPvBSjhKuGz5EpOHy_Kd0/LK0FTZbm37M8Y6ztBABBtfoFCbIJMSfIMBIX8zeg2M0,KI,PC,KI - (PC),,BlackDiamondGMZ ,KI%20-%20%28PC%29,2024-06-16T13:14:02.000Z,Killer Instinct,31%,0,2024-12-06T21:01:37.000Z,recApnK8q8mHbhAr6,BlackDiamondGMZ#1092992,/admin/general,BlackDiamondGMZ,0,,https://www.start.gg/tournament/vortex-gallery-at-frosty-faustings-xvii/event/killer-instinct/overview,https://vortexgallery.moe/info#KI,0,0,0,3,1,2fc653a4,0,0 Hours,itsloosey,Killer Instinct,KI,https://v5.airtableusercontent.com/v3/u/36/36/1733832000000/3V9lfPYb69y8VtxR6Ju3vg/JkTf1-nh0IretFHvxE1QLaZTTyROjKIYVaYXbkuxe_pIs0Qp8fJLS5ar1JRWCzFhZQSHWVUguL-KDAIrrS1-2clF-KPtFoKoHhmSksFsJkG4HoRkIiaMHg0bSFTlqu9zvwZxXETH7e_hwSFsvSACX9dXxRNPUfzPmsY9ydl-bp3x_OCIPdf2sQpVKIpaQ4ppdMsTA60rKARmGDq9pCLzOg/irTjC4YFU2dZQB0FO2CWYx-vgqvqSEcUWGJQZ0j9pTM,,,4,4,70/20/10,"recWUJhT8tts9M0IG, recGt7DLvIzfZ3qkU",Double Elimination,2/3,3/5,,Winner must keep character. Loser may switch.,,"3/5 Games for Winners Finals, 3/5 Games for Grand Finals, 3/5 Games for Losers Finals",Thurs. 1/23,,4 Hours,Thurs. 1/23,7:00 pm ,"BlackDiamondGMZ ,BLACKATLAS",10,"Fri. 1/24, Sat. 1/25, Sun. 1/26",True,True,True,10 / 32,,,,recGt7DLvIzfZ3qkU,,,,,LAGr Sponsored Specialized Frosty FaustingsXVII x Vortex Gallery KILLER INSTINCT first place trophy!  ,,
rec3In99MGjxtsHDr,,recCuZcoOhRJxLAAh,0,https://www.start.gg/tournament/vortex-gallery-at-frosty-faustings-xvii/event/marvel-super-heroes/overview,2nd Lineup,reczzQn8AgMeLPv83,recwiOaZlk8cyKlxR,True,True,True,5,https://v5.airtableusercontent.com/v3/u/36/36/1733832000000/qa0teUuXh5gh65YMMtGUzg/TzKfmpPIo9Z-95-8aEDR8qIfvuaE5SX4degspkfOGNFJCAXaSIhzbODMMIHmHs8fhF6wykMidv0ti4BqE6HNalYNWkHooLZ0ze3RVHzDSjUYCPCjF0Xshoqv2RSEEBBF5CF286RhZ1qFCZGm3PwkUSiMIns6XlErm_bi00gh8UI/DTNusalIIxwUFCPL81sMjm2etZYXsE2iNZRQr4jfOTA,MSH,PS4,MSH - (PS4),,JSquaredSecond,MSH%20-%20%28PS4%29,2024-11-01T22:01:44.000Z,Marvel Super Heroes,,0,2024-11-30T03:53:24.000Z,rec22DtNU25vtJDEr,,/admin/general,@CharlesLeeRay,0,,https://www.start.gg/tournament/vortex-gallery-at-frosty-faustings-xvii/event/marvel-super-heroes/overview,https://vortexgallery.moe/info#MSH,0,0,0,1,None,7fa8e43d,0,0 Hours,JSquaredSecond,Marvel Super Heroes,MSH,https://v5.airtableusercontent.com/v3/u/36/36/1733832000000/O1CC12_tEPERuM9uajgIvg/L-lidj85g0rHHZmEXM4qgAUrnIE01fRjLjPqEaK9tJ-qPoIY0Q9wlCoPaK4J_qvwFtOobm2QkduJB8xZyza4e54rs7nWyUWHSWNOtcoPLE1LRZ42PpdmAZfEZvtHYDIWs4RQ1j2QxD_y9bB6aFQL4nDUfSX2Iy8x2VD47Ri_P4Y/etWESvWShOp882-r7qVPKpdTXFK9C0gfXVKxdaVVRJ8,,,,,,,,,,,,,,,,,,,,3,,,,,3 / ,,,,,,,,,,,
recPasISt1hR8g0c0,,recYEtPWDfeBQu7ap,0,https://www.start.gg/tournament/vortex-gallery-at-frosty-faustings-xvii/event/marvel-vs-capcom-infinite-&-beyond/overview,2nd Lineup,reczzQn8AgMeLPv83,recMbgjzM5qYHaGCz,True,True,True,10,https://v5.airtableusercontent.com/v3/u/36/36/1733832000000/2O5TjfGt4RXDjWSoEEkYqw/byybGU2joCCU3etE35le1-_gZjcExkyBFKu4aWjhoOyqopk8qoUX_I4xy-tFRONzD1ZCy_14rym8nyFGDqbj0z6u4Jid3irreYkbfGJqYCfqpga2kdtP83vFU_cxdZSDZdmRhjrmnck7LhMW4GY6GBotATQmkQuEx_xWC2vH3bk/YdP09Ru1b7rv6JhHKxucochQR5pVlneynC5pTS0l3ZA,MVCIB,PS4,MVCIB - (PS4),,Jako Man,MVCIB%20-%20%28PS4%29,2024-09-24T02:44:56.000Z,MVCIB,,0,2024-11-26T01:45:57.000Z,recm7NYLo1SBM1MO4,UG_JakoMan#532891,/admin/general,@TheJakoMan,0,,https://www.start.gg/tournament/vortex-gallery-at-frosty-faustings-xvii/event/marvel-vs-capcom-infinite-&-beyond/overview,https://vortexgallery.moe/info#MVCIB,0,0,0,1,None,95563b45,0,0 Hours,ug_jakoman,Marvel vs. Capcom: Infinite & Beyond,MVCIB,https://v5.airtableusercontent.com/v3/u/36/36/1733832000000/YV0gjQKA4q7nAtxiGRU-OA/geMJ65qFOn8lgSB2lPFZMeJPi4d4oj_eJV6ZRsk6rTkbxgQYtfPvq-9nFlxNgdolM1ix2hAtyvS8MEJd4BAiE5FMj_i_buA3fz3q_qhsd1m5bZRyygPty8qM8IUUCEi116rfi2R3sVcdUOw3ZvF5u5p4Jhw4v-QesxD4ZxS81GD7bo1XyWhv54SLFv0BGgXE/se6GHb1Yjd08ZwER3llAR9UHFIAgGvnfJ_uKfhtjWZ0,,,,,,,,,,,,,,,,,,,,,,,,,,,,,,,,,,,recv4EVN7m20GA4UW,
recvgTbK5h24Kyo0H,,recAmgxzB1gdzxlw7,0,https://www.start.gg/tournament/vortex-gallery-at-frosty-faustings-xvii/event/neo-turf-masters/overview,2nd Lineup,recffoXvB1EZv56rm,recsHRRys56hQIwkl,True,True,True,5,https://v5.airtableusercontent.com/v3/u/36/36/1733832000000/Xz8hS0YRk12G7TuL7BeCuw/zVrdFIzxg8WgSts9cSIvn2htTfHM4vrQxEkOkpQnQRHSJvE8FryC6hU0C3q10DeuGGN4NLtDo5US8dafcTa1gBLOpl88DWEetPn0H0kGp1jI_GJyzzNcQcOWX-zttasp3KBtmfDcDznZDHgoPz4QOIoZPClPvnKpn0I081ij808/fVTFx5zVA_wvsORziESBhtV6x8jchfQ5eop21zSpCtE,NTM,MiSTer,NTM - (MiSTer),,4cJoe,NTM%20-%20%28MiSTer%29,2024-09-24T02:46:07.000Z,Neo Turf Masters,,0,2024-11-30T03:53:23.000Z,recf3CvGhV71qjIJ5,,/admin/general,@4cjoe,0,,https://www.start.gg/tournament/vortex-gallery-at-frosty-faustings-xvii/event/neo-turf-masters/overview,https://vortexgallery.moe/info#NTM,0,0,0,1,None,12f87a0e,0,0 Hours,loganarcade4cjoe,Neo Turf Masters,NTM,https://v5.airtableusercontent.com/v3/u/36/36/1733832000000/5-3RFUZXlRw748LoG9-Ryw/WlhjoiqPrcy-2E4euJgM3-5AvKn4wGrQ0NZB-1-sq3UPoVRiC5vrBw6L95rHK7rzGVbjrtqcPERzDrQCIwcksIeS_NO4vFL6iSJyCfNriln4f37XyClrxVNnppod7dJBgPjeFEGG6DRal-_-Rg8VbQ/qvwRzNc0zZ0xCB8nX6stje1O9PsSOUQ0GPgwWx6VYq0,,,,,,,,,,,,,,,,,,,,9,,,,,9 / ,,,,,,,,,,,
rec8wYhNpuG28J7Di,32,recPrXQ40xaJBxaFe,0,https://www.start.gg/tournament/vortex-gallery-at-frosty-faustings-xvii/event/nickelodeon-all-star-brawl-2/overview,1st Lineup,recPSzSF36bmhTpF5,recHngODE1OTvI0aP,True,,True,5,https://v5.airtableusercontent.com/v3/u/36/36/1733832000000/YTexBllbrdMfKqRIZRoyyA/WJJ7wVtNFPbFZ44p5BqIfa_eVCGQKebAq4S_II6l71B31mvsFVdKRgKYz5burySrSPwiln7Ce0MtRxmv-FLftd0EYrqyQr7_lr-2V_89FZ9kV31rpQ4SgtY30DM6jmi4wFwmG9EDWgoXf8meln5Jzq_ZuCWvfcKrs9qQ9H2W1b4/Mi9wz_qHI5To6VGZKC2m069qxkattmYwzeSn2qC3voE,NASB2,PC,NASB2 - (PC),,Cherry,NASB2%20-%20%28PC%29,2024-09-24T02:43:45.000Z,Nickelodeon All-Star Brawl,22%,0,2024-12-02T18:16:44.000Z,recPifRBEeuVqyWDh,Cherry#772159,/admin/general,Cherrynasb,0,,https://www.start.gg/tournament/vortex-gallery-at-frosty-faustings-xvii/event/nickelodeon-all-star-brawl-2/overview,https://vortexgallery.moe/info#NASB2,0,0,0,3,0.6666666666666666,00ace90d,0,0 Hours,chufuga ,Nickelodeon All-Star Brawl 2,NASB 2,https://v5.airtableusercontent.com/v3/u/36/36/1733832000000/MrLY8I33msEXKYgO97jU_w/m4nFYz7B7IWnY860cvtPVDG3-QJV4ZGLIhwUk8wIrCtUfqd1k11vZd9V00aHkwMxyqO5rIawlsS6e64R8HHN7B6hS3ZDFujFYb7dv3TPHnaE1WGqoXikfiQf9rA-JWTQ45XGMOZTQQAgc3uXcNmLew/XTz7edYMbPxFCka3NdogF3kxw3KAt8-lRp2TSRfAaw4,,,4,6,70/20/10,,Double Elimination,2/3,2/3,"Nasb2 universal ruleset (Ranked Stage list) 3 bans in best of 3
2 bans in best of 5 
DSR 
",Winner & Loser may switch.,Controller issues aside no.,"3/5 Games for Losers Finals, 3/5 Games for Winners Finals, 3/5 Games for Grand Finals",Sun. 1/26,,,,12:30 pm,,7,,True,,,7 / 32,,,,,Delfinovin ,,,,,,
recvA4RlokhPrnpr2,,recRVReE7fG8zMB79,0,https://www.start.gg/tournament/vortex-gallery-at-frosty-faustings-xvii/event/pokemon-close-combat/overview,3rd Lineup,recPSzSF36bmhTpF5,receAp3iBUT8OV3W8,True,,True,,https://v5.airtableusercontent.com/v3/u/36/36/1733832000000/gT3Lf0OMYRrHKQXU1HK1sg/Q-sNIQR_z7-M8LQ_xn2m0c5mgYkgMlH6_lkK8gN-Qfq8cAphOheZS78qfQxwvLqNg9y2g8FQkwGpy91wYbxYCdIottQMqwShBYE9xYIsoV9c4UNa9iZaL_BKtGxhMa7O_RcFis3OsOKTKCg3wgS7Vgr12KaLnIEMC0voSk7Ato4/qMMLQ4W7f2zNV55NW_i74xwG2NJGQ4_1RknlmaKKalo,PCC,PC,PCC - (PC),,ChunkBrickson,PCC%20-%20%28PC%29,2024-11-28T10:33:09.000Z,PCC,,0,2024-12-03T22:58:17.000Z,recTYASKhDy1gE5mH,Chunk_Brickson#1511108,/admin/general,@ChunkBrickson,0,,https://www.start.gg/tournament/vortex-gallery-at-frosty-faustings-xvii/event/pokemon-close-combat/overview,https://vortexgallery.moe/info#PCC,0,0,0,1,None,c43347a9,0,0 Hours,chunkbrickson,Pokemon Close Combat,PCC,https://v5.airtableusercontent.com/v3/u/36/36/1733832000000/mG8egt3DhNgLepRVQNKaDQ/z4y5tt9q4FteiXHjNTqgEU3GgkYgXbROqOdCecYT0Mh9b9aBftTm5elo9vCeoZwU5z07GxF0LfPLNENwWlLmA-sP-uHVpXvqFGvUI5vnZ1flQhng5wNsHyB7tUChXSHylyTvO9UWAOQkagLoiNZDlA/rx_t4Wt5UfnjhzkVkRasuw_eOg97NTwOggx-foyxWyc,,?TO: ChunkBrickson,,,,,,,,,,,,,,,,,,,,,,,,,,,,,,,,,,
rec14lnCkSDuPfqyv,64,rec2gwksq3LNJnIsk,0,https://www.start.gg/tournament/vortex-gallery-at-frosty-faustings-xvii/event/pokken-tournament-dx/overview,2nd Lineup,recx81zEFgINNFJSh,recLw7xyUqE7jEWhQ,True,True,True,10,https://v5.airtableusercontent.com/v3/u/36/36/1733832000000/Iv9CZ6YUDBfN32LA445J_A/UNsK_9YRJ2q4cZsHMNRXS-53grnR7yKhJQQcf0ZaXqLeMsJThlHivgRVz39LPhbp1BKOcPr4fIVU2awvYHbfT_xlZvykI5l6_n2okqiSQV8OHIcRm142ExThTzgQzjYRgXtAo_pYxk7Yobd-lIJfJoTfKXONRp7JAladnmV_Lcs/rGpw8rNOvuGnzv5DIfuThgHVlnQPBkmg8091xfXJGOU,POKKEN,Switch,POKKEN - (Switch),,Double,POKKEN%20-%20%28Switch%29,2024-09-24T03:56:05.000Z,Pokken,6%,2,2024-12-06T01:47:59.000Z,recpbkueYYsWVmzmU,Double#1127569,/admin/general,@Double_FGC,0,,https://www.start.gg/tournament/vortex-gallery-at-frosty-faustings-xvii/event/pokken-tournament-dx/overview,https://vortexgallery.moe/info#POKKEN,0,0,0,3,1,084c881c,0,0 Hours,double,Pokken Tournament DX,Pokken,https://v5.airtableusercontent.com/v3/u/36/36/1733832000000/g0W45fo1C7vy7WxaXUVCSQ/D-_cDmhQFx-KdzNJqGxvX8VUw6VHLZnlTwQ-fwKsRfvo1ccQk9eTBoVOSiYALviVYxg_Knw5734qrGE1XtpI5V_A6kwnNrpj2ZeE2bllXtkGlG9Cum3JLWZEtXJEskPC_z6XlXVf_r5KW45sMqFsLw/3_VO_PyPIXArrBJcx_bS9RV__m6MDFYVzOqtxUOYiZs,,,4,4,50/30/20,,Double Elimination,2/3,2/3,,Winner must keep character. Loser may switch.,,3/5 Games for Top 8,Sat. 1/25,,6 Hours,"Sun. 1/26, Fri. 1/24",12:30pm,,4,Thurs. 1/23,,,,4 / 64,,,,,,True,"reczIQpQMZVTublU1, recn8n0g664E02RoJ","Combo,Uchi",,,
"recI66XSPyo4nQ7Cm, recPCTCUwWjFEtOoW",32,rectIHNPzN8aC9zU8,0,https://www.start.gg/tournament/vortex-gallery-at-frosty-faustings-xvii/event/power-rangers-battle-for-the-grid/overview,1st Lineup,recPSzSF36bmhTpF5,rect6ImNeRgfMJpQz,True,,True,5,https://v5.airtableusercontent.com/v3/u/36/36/1733832000000/EakGd9Xesp3GP-MYqdDC6A/RWp81balBboG-t1IAy6fTQB_0OjW4MAip-48OsQsenAncMXpPb3ZQyrskmYZ_Q6zoyi9n2RmClAnSYoAkGc_TGk5cI2C1qGPfV0GGwjKAsnq3RbJsCrIHfuj_ebCX61w4P_8UkU9f0hsNSdEVjE8go9SOBdvPxw_PzsrHcDBkS4/3UEXjIJ4OPVQ6Vu8GMbVG_uGOscKmUi2wCltx4dr2a4,PRBFTG,PC,PRBFTG - (PC),,"omega_black,Ferns",PRBFTG%20-%20%28PC%29,2024-09-24T02:41:20.000Z,Power Rangers: Battle For The Grid,9%,3,2024-12-05T21:59:24.000Z,recd9m7E6ddxP1BHb,"omega_blackFGC#709267, Ferns#842543",/admin/general,"@omega_blackFGC, @Fernscomm",0,,https://www.start.gg/tournament/vortex-gallery-at-frosty-faustings-xvii/event/power-rangers-battle-for-the-grid/overview,https://vortexgallery.moe/info#PRBFTG,0,0,0,3,1,"3f7ca881, 62372be2",0,0 Hours,"omega_black_was_taken, Ferns1790",Power Rangers: Battle for the Grid,Power Rangers,https://v5.airtableusercontent.com/v3/u/36/36/1733832000000/rdWKxT5kATwHv1QJbeAYow/90eLl12DYsPlY7h2M8iOz-038zpOBzOjdZDCC3MybbWVAz_qQvTT_jaOYmyDgxEUvrHK-0b80EMN0xVkN-XguDUlENx8J61lu4Oy_wLDaUITZOZ4CrHUxQHJ6Gf4vppiliBE67Hi-iPdMu0YYdKwElyl7UzQxugI4vBAifoUIUL0h4-xRD5bOf-h2unmkWBe/_UqJ_uWoNIO2GSJVlyzfFjpLYOGnl7cV8BJhQGAdVNg,,,4,4,60/30/10,"recPCTCUwWjFEtOoW, recI66XSPyo4nQ7Cm, rech66oOgYjSRB5Ol",Double Elimination,3/5,3/5,,Winner must keep character. Loser may switch.,,3/5 Games for Top 8,Fri. 1/24,"Default Game Settings.
3/5 Games per set.
Training Stage only unless both players mutually agree on a stage.
SPD Zord 300 Percent and SPD incoming Unblockables are banned. See below for details.-You can't use the M call debuff on an incoming opponent until the opponent's character touches the ground.
-You can't swap strike if the opponent's character has an air M call debuff.
-Doing either of these will result in a game loss.",4 Hours,Sat. 1/25,3pm,"Ferns,omega_black,Thana",3,"Thurs. 1/23, Sun. 1/26",True,,,3 / 32,,Additional 10 dollars per entrant that plays completes all of the their matches will be added by omega_black. MikeT may also provide a pot bonus based on number of entrants.,,recGt7DLvIzfZ3qkU,"Grimbahack
https://github.com/grimkor/GrimbaHack",,"recV03JSrr1SVq9L9, recn8n0g664E02RoJ, rec8hH0fIuBSkgyQK","Arneezy,Uchi,TECHNIQUE!!!","1st and 2nd place will receive  a 1 of Panzer 4 Fightstick (https://jasenscustoms.com)  with official BFTG artwork provided by the BFTG art team courtesy of omega_black and Ferns. 1st place will also receive a framed banner of their winning team and the choice of background post tournament courtesy of the Community Manager at nWay.  

All entrants will receive 3 Prints of official BFTG Character Artwork and any remaining stock of prints from past events while supplies last. Character prints featured for Frostys will be revealed closer to the event date via the official BFTG twitter.",,If the pot reaches $500+ it will be split between the top 4.
recQcLCVNOeKwkwN3,48,recmObXGalS5ftSsB,0,https://www.start.gg/tournament/vortex-gallery-at-frosty-faustings-xvii/event/puyo-puyo-tetris-2-mixed-vs/overview,1st Lineup,recx81zEFgINNFJSh,recvtmiEWEOcTBgJB,True,,True,5,https://v5.airtableusercontent.com/v3/u/36/36/1733832000000/sl_g8MTsUjMaMKC3Hx1Seg/Hdy7bNLnNplXM5zhFl7DRu0EJDy90YERs7gwz9ozCOUteKSUtQTKtV-Ek87XV3TC0vsWxEzP8o921ixvEnrZ4-8KLsva4Hrv_4VLSnne_NcG-8nz6_f8ewlrJFNyWb1JPxt-Dt4vwE7VQtHAq-C5zX6pKbQrNNNjw7aP4XBbiJI/R-lCHLXa3U3-EhAWOmJIieWajz4-8bkJmqenlW_aAdo,PPT2,Switch,PPT2 - (Switch),,-ZAN,PPT2%20-%20%28Switch%29,2024-09-24T02:46:30.000Z,PPT2,31%,0,2024-12-04T01:48:13.000Z,recD7eckerldrIM9U,,/admin/general,@zanverse,0,,https://www.start.gg/tournament/vortex-gallery-at-frosty-faustings-xvii/event/puyo-puyo-tetris-2-mixed-vs/overview,https://vortexgallery.moe/info#PPT2,0,0,0,4,0,a250f3c0,0,0 Hours,astraregalia,Puyo Puyo Tetris 2,PPT2,https://v5.airtableusercontent.com/v3/u/36/36/1733832000000/mnHb0_scyTqjEHUa6012eA/P1smgZMF0z6DIw98fu0fsie2opzLE9uPRzLl5Y3DqAiINX4DzhkNm4QcTrBg2_uva10kgida_WpcuyT-7LxyMl2Xuqt7ZlRHCrZAjnZRor4vcw1u8IlIl17Wz-GrnmHYQvD0IgL_QvmZnqpheKnrKg/EqFcIE3oISt9OyuNpnJzD2BvxxeU-wKDUCFVLizWpCU,,,,4,50/25/15/10,,Double Elimination,N/A,,"- Set Count: 0
- Win Count: 5 (Win Count 7 in top 4)
- Players must decide on their mode before the match starts. Player(s) may request a blind pick. In a blind pick most players must tell the T.O their mode picks privately.
- Mirror matches will use default settings. Puyo vs Tetris SPECIFICALLY will use 32 second margin time.",,,,Sat. 1/25,No opener bans.,4 Hours,"Fri. 1/24, Sat. 1/25",,,15,,True,,,15 / 48,,,,,,,,,,,
,32,recHKk3fk3xQPSE52,0,https://www.start.gg/tournament/vortex-gallery-at-frosty-faustings-xvii/event/rivals-of-aether-ii-doubles,3rd Lineup,recPSzSF36bmhTpF5,rec4Ea7xk3xv3vlRV,True,,,5,https://v5.airtableusercontent.com/v3/u/36/36/1733832000000/QvvVqZqZzQuaeSeq-N7z_A/vEvf4R4602S00Sa2WAVZEr1ATjgfwMVy9RCp6zKHrs0WFHtaTkFQ3x159mbV-tG5PHZBir3Jeniag5oq-ovkM1eNOdhXn_i17g0zjcBR-FX3AXf5T6BvPcN7HdVknMCGhPGTzTcj6noDbhtPMRDy3Nur1CVz3bUDQ02dF34qBn4/OtPYaHgf4EA59MEcfEg3u5XQx6YWy_iWTe6mMjouKNc,ROA2-2s,PC,ROA2-2s - (PC),,,ROA2-2s%20-%20%28PC%29,2024-12-04T19:46:24.000Z,Rivals of Aether,0%,0,2024-12-07T07:15:10.000Z,rece9mz8MFek1XEMg,,/admin/general,,0,,https://www.start.gg/tournament/vortex-gallery-at-frosty-faustings-xvii/event/rivals-of-aether-ii-doubles,https://vortexgallery.moe/info#ROA2-2s,0,0,0,1,None,,0,0 Hours,,Rivals of Aether 2 Doubles,Rivals 2 Doubles,https://v5.airtableusercontent.com/v3/u/36/36/1733832000000/KyJ0814FC6CtoIVVFCmUgQ/42wGq_C97KdLR5HkzoALYfpfFI_Oo0xkLc6VKkKF_7HTwJ4plKd5H63ajw0qro4FIGRjgwBK3ZgU5xIoNNXnVzLhLrOuWsKEjDK-KgS0HpJclSvr3ymQ6tB1_xW6jdSHZ36BUtbz9IhPkau74oGOrw/7UFV75RxWOXzR2O114uHYzLmPzo49d_JiAWchoyjFoY,,,,,,,,,,,,,,Fri. 1/24,,,,,,,,,,,,,,,,,,,,,,
recfzfVyaehScEnHF,,recpbsLfgNDdqfHhW,0,https://www.start.gg/tournament/vortex-gallery-at-frosty-faustings-xvii/event/sailor-moon-s/overview,1st Lineup,recffoXvB1EZv56rm,recJJlXoEXMBeWd5P,True,,True,5,https://v5.airtableusercontent.com/v3/u/36/36/1733832000000/PTjv0O-78pz4xBHwB-nx9Q/_ecSmyn4R-9zfYC_AMro42XEmxheRuBvWV1btNvnhRakj4pfeDiDgJdb6z01kb8P9rFxkPqMNaf1dcwoaLhQXSXgoLnf6va_JLM_iYDojupTRth6gOoBqsVieZCukvRlXAFkGoTvgyubgUq6Dx-vUnYlyssetFOUyWruG9xkjLw/l3KAyTi6NFZZnx94dhxliG4qcklEDzjGMWzcWVTeaMU,SMS,MiSTer,SMS - (MiSTer),,PolarBair,SMS%20-%20%28MiSTer%29,2024-09-24T02:42:53.000Z,Sailor Moon,,0,2024-12-07T04:44:13.000Z,rectJIUXOYjfmkRPy,PolarBair#731171,/admin/general,@PolarBair_ON,0,,https://www.start.gg/tournament/vortex-gallery-at-frosty-faustings-xvii/event/sailor-moon-s/overview,https://vortexgallery.moe/info#SMS,0,0,0,3,None,a88e8515,0,0 Hours,polarbair_8,Sailor Moon S,SMS,https://v5.airtableusercontent.com/v3/u/36/36/1733832000000/QSKjJRc-9SpNtJ9FYWWNbQ/OYSl92Sip9opEzKz8x8XrUfk-0nxxccobmRNdu7gp4XDDRig5BhqJVzuGcYR_MiQDz8eMa2LH4j-FNi3s6Wg7Jqe7426TFmtMV0JAH0iFO-kZd0axBuZw0Q7Qbi0ZAog4sjL1Xo_8K0wRltcQEex4g/CAxZ7xS2S6wdbhvKzl4umpYQtLMcwAHzpgINlU-Sojw,,,,,60/30/10,,Double Elimination,2/3,2/3,,,,"3/5 Games for Losers Finals, 3/5 Games for Winners Finals, 3/5 Games for Grand Finals",Fri. 1/24,Players can request a coin flip to pick their side (P1 and P2 have important differences),3 Hours,"Sat. 1/25, Sun. 1/26",2PM (any good),,10,Thurs. 1/23,True,,,10 / ,,,,,,,,,,,
reccQDOAKoYvbpVdT,None,recRnlL5NB4ZfTBWP,0,https://www.start.gg/tournament/vortex-gallery-at-frosty-faustings-xvii/event/samurai-shodown-2019/overview,1st Lineup,recSBkIOZsJVIuMWB,recmdAUnaNOpFcJub,True,,True,10,https://v5.airtableusercontent.com/v3/u/36/36/1733832000000/1TOjHdD3aMzgYB58qwwABQ/pveCcLJN3lEcYM6SthEWYGaMgXX_8UlE1uauOt4_kbI5MFtE1AOSK0LoCLRc8Bm_NQ-IDlXGcv--WsJxuqjoMM9uvG2suo6ywEyo59Fo5_xn6Ga1mdnpKMnG3TQxe_ZcBhvEqoWsqx2eXpQWaZTdUjo3zhoLPcThhTqYzwG0Q8c/5HT9pD3-jjtiMbnzzeNgXZEu4Elk9_6tJUngR1ArbyY,SS7,XS,SS7 - (XS),,Ke11y Ann,SS7%20-%20%28XS%29,2024-08-15T23:45:02.000Z,SamSho 7,∞,1,2024-12-06T03:29:46.000Z,reciPCzNd3Zwt9gPN,Ke11yAnn#779245,/admin/general,@Ke11yAnn_,0,,https://www.start.gg/tournament/vortex-gallery-at-frosty-faustings-xvii/event/samurai-shodown-2019/overview,https://vortexgallery.moe/info#SS7,0,0,0,1,1,ab1a92c0,0,0 Hours,ke11yann,Samurai Shodown,SamSho7,https://v5.airtableusercontent.com/v3/u/36/36/1733832000000/reWTu3VbHoTUgA0WaQ_Khw/nf1Ni4YT8eqDWM72a5yAEIjG2brJ5S87iXSFsdvPC-ZFXtXZt5smdyZewK_KHk0mh4CaCGQzfwyDNOHKWts3uLhUE_AQMfFzv7Dvz_BR8FzxQ5d4apGEm0ou1Txj8goJDIVVrRmLYBtpR62AV2X8VH4EnBGpt2G-JVIzDp1OFKg/Bi9LAlHNZm01XQmIEJg1_LDiii-1fQPjTUxSEB7LuCo,,,5,5,,recZ96ZG86SkIGSS3,Double Elimination,2/3,2/3,,Winner must keep character. Loser may switch.,"In the rare case of a Bloom glitch, immediately return to lobby and replay that game","3/5 Games for Losers Finals, 3/5 Games for Winners Finals, 3/5 Games for Grand Finals",Fri. 1/24,"Pause penalty: round loss

",4 Hours,Sat. 1/25,4:00pm,Maki,14,,True,,True,14 / ∞,"Bring your favorite controller! NEW Brook Wingman XB3 converters will be provided to participants (2 per setup) and supports all controllers on all Xbox Series consoles. 

It is each players responsibility to know how to pair their controller with an Xbox Series (if unsure, or want to verify, @ me before the Tournament starts).

Any questions or concerns about converters or controllers, @ me. I'll have XB1, XB2, and MayFlash Magic X converters on hand as well.",Likely,,rec3MGGScx1f0hNeK,"120Hz+ displays, preferably MSI",,recJSsbURSBw7UMyL,ThrustyZol,,recgINhcuMu6HyBUX,
recfzfVyaehScEnHF,32,recdSTr5ozoO63yzU,0,https://www.start.gg/tournament/vortex-gallery-at-frosty-faustings-xvii/event/samurai-shodown-v-special/overview,1st Lineup,reczzQn8AgMeLPv83,rec07uiWPORVD4iZ7,True,True,True,5,https://v5.airtableusercontent.com/v3/u/36/36/1733832000000/8tE4XTGF2EsG7oltH__qEw/sViyNhp9Be65mgT4LGyw7W_GuP-k8JTW3_7JoFqw3amHCxfkBTU0ndGKHK-0YHaDp9mcGwEKnyB6jcWXWr0Urx-rZF219ojYjzdZ0bG2Y_3LeXEpszZ9OJanxqLEmAh3nj8PB9Db7qY4A5QiBikfolWWDW9EaFS8vkM9rIx9hyY/q1fl1OkiC7VRB4fpPsMX7S331fZWh5ySl4XQqRHrIUI,SSVSP,PS4,SSVSP - (PS4),,PolarBair,SSVSP%20-%20%28PS4%29,2024-09-24T02:42:49.000Z,SamSho V SP,13%,0,2024-12-07T04:48:12.000Z,rec7ohVdSe1KqutmI,PolarBair#731171,/admin/general,@PolarBair_ON,0,,https://www.start.gg/tournament/vortex-gallery-at-frosty-faustings-xvii/event/samurai-shodown-v-special/overview,https://vortexgallery.moe/info#SSVSP,0,0,0,3,0.25,a88e8515,0,0 Hours,polarbair_8,Samurai Shodown V Special,SSVSP,https://v5.airtableusercontent.com/v3/u/36/36/1733832000000/UzTQ5HeFQ723OY4Bf30y6g/z9x2-6TIH8kanAnYX2hthZwiyjpt7_pAH1lIZdt5LtHyCNKNH3fQ7sOYhbHow39R_leRjPuB0wJeHgDCEptS2Z6dIdclTrSyT3wYjmTOeQPl9dgf7M4FGrzlRnTm9nCNSCabsM-2B5FaO9E9QzeHKA/1ezQO_ZIbS506lFiAiFuHMwAVaQ5C2kPr1rOj4vBYQE,,,1,4,60/30/10,,Double Elimination,2/3,2/3,,Winner must keep character. Loser may switch.,"Shizumaru START glitch banned (pressing START will use Shin Amanagare Kyourakuzan aka TAP without losing charge, as intended)","3/5 Games for Losers Finals, 3/5 Games for Winners Finals, 3/5 Games for Grand Finals",Fri. 1/24,,2 Hours,"Thurs. 1/23, Sat. 1/25, Sun. 1/26",2PM (any good),,4,,True,,,4 / 32,"PS4 over MiSTer because this game has several useful input shortcuts - AB, BC, CD, ABC, BCD. ",,,,,,,,,,
recacHl7ESbTYSUra,32,recmfupjr77mSsbTM,0,https://www.start.gg/tournament/vortex-gallery-at-frosty-faustings-xvii/event/svc-chaos/overview,3rd Lineup,reczzQn8AgMeLPv83,recBnutO8YZ6iwGG8,True,,True,5,https://v5.airtableusercontent.com/v3/u/36/36/1733832000000/qtBIy7lWXaFAfDHuDVfmxw/vLs7s0U3T_CLJ8LxJ2a73rqZ0jdbZ664YQod_WlyvNAhsjsGFyf7wb2O24H0ZT4N7qosCMC0MSOTdfuw838Yk7_6nb5Zp-nm1FtLRkWZMJrHAvhEITUdWc6HqkPlvDe092eJ15PxkrxlBqv9rJszHqrCBQyiEOVkwldx0mRjRnA/m_Fn5UooDtHH1gApBcqY8LUlOunMMVA3V_OpgmwzyOA,SVC,PS4,SVC - (PS4),,lateenx,SVC%20-%20%28PS4%29,2024-11-19T06:23:27.000Z,SVC Chaos,0%,2,2024-12-04T20:06:03.000Z,recUv00EC279g3zL3,Dshiznetzz#695170,/admin/general,@dshiznetzz,0,,https://www.start.gg/tournament/vortex-gallery-at-frosty-faustings-xvii/event/svc-chaos/overview,https://vortexgallery.moe/info#SVC,0,0,0,3,1,602869e0,0,0 Hours,vatoheem,SNK vs. Capcom SVC Chaos,SVC,https://v5.airtableusercontent.com/v3/u/36/36/1733832000000/J0p2mmabxtTtLu8nKau6rA/AfUkRIc0aXdNRq5wmb_IZMjjQCTNFuuvZzCYyiioTqxYLsPtJn4WpE8qwVeWmtsd-fBuxwBdxcgiIyCfIzaWVxjSXTPYDWOmgMQVptxjcy8MMw2SU4bcTf9N2tmCU9b6e671aKH97pUD2Y5SpxXY_J8YM3M7tXUPaAr4jUo6htQ/Jd4HnetL1UvZs0Ms0vkdxVcvFwfOgkU0lbxpFmgvQ-Q,,?TO: Lateenx,4,4,60/30/10,"recCaBOE2vmD2PGxh, recacHl7ESbTYSUra",Double Elimination,2/3,2/3,Timer settings must be set to 70 seconds ,Winner must keep character. Loser may switch.,Infinites are allowed,"3/5 Games for Losers Finals, 3/5 Games for Winners Finals, 3/5 Games for Grand Finals",Fri. 1/24,"Final 4 bosses are banned (Athena, red arremer, shin Akuma, serious mr. Karate)",3 Hours,Sun. 1/26,2:00pm,"LegendaryBlueShirt,lateenx",,"Sat. 1/25, Thurs. 1/23",,,,,,Tbd,,"recCaBOE2vmD2PGxh, recacHl7ESbTYSUra",,,"recacHl7ESbTYSUra, recCaBOE2vmD2PGxh","lateenx,LegendaryBlueShirt",Tbd,,
recd9dAjiLr1u2bS8,,recXXdxIzgIwQ6Wjv,0,https://www.start.gg/tournament/vortex-gallery-at-frosty-faustings-xvii/event/soulcalibur-ii/overview,2nd Lineup,recQeefKRIE41cLCk,recqoI3ZxzDWIFNXT,True,True,True,10,https://v5.airtableusercontent.com/v3/u/36/36/1733832000000/pQVofkZGIoxw5zuBkMf-uQ/E3AYwJhYRlNukpZM3R8WAQGZbL10OJQciKnt7zrIZAJi4nK7UUnIMmdSntA7CCqmYijqDHHYgy8EyAM4xbsaiExZeQTOseacsI8oKyRT-0Yjf8P6lwfhJkDd-HZfoFwOqOegF7CXL_zk6hpGWlMfS-fGlqnB4BAmOMAHvQZKuf0/eVtcy_ncjhLlK3_D1Oz0dP9q7cKzpxHXqXd7QBOWDZ0,SC2,PS2,SC2 - (PS2),,Gandalf,SC2%20-%20%28PS2%29,2024-09-24T03:31:02.000Z,SC2,,0,2024-11-30T03:53:23.000Z,recaNC5V5GWys49fj,Gandy954#841535,/admin/general,ogrekvlt,0,,https://www.start.gg/tournament/vortex-gallery-at-frosty-faustings-xvii/event/soulcalibur-ii/overview,https://vortexgallery.moe/info#SC2,0,0,0,1,None,665f27ce,0,0 Hours,gandy954,Soulcalibur II,SC2,https://v5.airtableusercontent.com/v3/u/36/36/1733832000000/B5cvMaOMvjVyBWVczBCRoQ/xJ2Dqy99VjPbjNMSo57bmEuaTim5QZB8KrvcvM6RnWRiAGIcl76KJLMdTVLQJ0Si2SEaJWa93JAtlR0GT_ZJeRN85flBLrdUS5eHR4LcTSvMzFCJuaNU172K0nmJkf7D1s2HrghLI7G1tNk7PSUdfg/WYINfE1nNmFMS3kDNN8D9zgU6a7zL9XC0WbR-741Mwg,,,,,,,,,,,,,,,,,,,,11,,,,,11 / ,,,,,,,,,,,
recm0ZmhtzqQtZ7v1,64,recFRnhFK8sfBgcRJ,0,https://www.start.gg/tournament/vortex-gallery-at-frosty-faustings-xvii/event/soulcalibur-vi/overview,1st Lineup,reczzQn8AgMeLPv83,recfHwaMnNFE5e4Ms,True,,True,10,https://v5.airtableusercontent.com/v3/u/36/36/1733832000000/A0wdYq2p7DnVd-fXd1MKEw/cLdxypDBTuf0Yc0Aqk2LT_Q3VpO7g6j4xN6IVCtcYdkH1RkRK6THChTGpRZYB3HOIs6TVcCoMT_lBNxSB6ATVGunJLqBcIlDXpUtgAmGkTlmVH5jZfISIVl0UjuggwJiZ3aQcWYmxxt7ALqVg8W-ePO_On_t3Lj-hILS5ka4imQ/7JOg5FRBGlAvfoU-hZndlUXpYwPhcId5wSb4SoRIic8,SCVI,PS4,SCVI - (PS4),,TiZ,SCVI%20-%20%28PS4%29,2024-10-02T06:10:27.000Z,SoulCalibur VI,33%,1,2024-12-04T21:13:27.000Z,rec4YJ3jd5cCWXk17,TiZ#828034,/admin/general,@TiZ_HugLife,0,,https://www.start.gg/tournament/vortex-gallery-at-frosty-faustings-xvii/event/soulcalibur-vi/overview,https://vortexgallery.moe/info#SCVI,0,0,0,3,0.75,ea5ac7ec,0,0 Hours,tiz_huglife,Soulcalibur VI,SC6,https://v5.airtableusercontent.com/v3/u/36/36/1733832000000/63IBMcCw93A9NrucVkej6A/EotRec3Ied5QsTEZlyJg5XXPWJzzkBbdhwAGa4x5MGKpiKPjX6F23ij23n_-n2nLjnlYhSY3vwmWzSHV7Fll-UUvlyW-GDL0JYFKm672BUAnJJ-riiY8w9RD9BhKUAh1bFjwR0VS7ocrbxkXepSHDOS9zRujA6N47rodoWi-520/xLHzaOOK7nM9so6yaLXKdOgCf2cXNf85Ip0_LU6yP_0,,,3,4,60/30/10,,Double Elimination,3/5,2/3,"- Inferno is banned.
- Custom characters and custom outfits are banned.
- All stage selections are random.
- Loser may roll a new random stage without changing character.
- TiZ's Stupid Rule: If the result is the same stage they were just on, they can reroll until they get a new one ONLY IF the opponent agrees. The opponent is under no obligation to agree and can rescind agreement at any time.",Winner must keep character. Loser may switch.,,"3/5 Games for Losers Finals, 3/5 Games for Winners Finals, 3/5 Games for Grand Finals",Sat. 1/25,,6 Hours,Fri. 1/24,Afternoon or early evening,,21,"Thurs. 1/23, Sun. 1/26",True,,,21 / 64,"Probably won't need this, but I am reserving a right to use Steam Decks as tournament setups if somehow we don't get enough PS4s. No Windows PCs!! They are terrible with controllers. Players may choose to skip playing on a Deck. Again, we probably will have enough PS4s, but I'm keeping this base covered.",,,,,,recm0ZmhtzqQtZ7v1,TiZ,,,
recL8sXo0ME0MEtWj,32,recl6lF4Ju0txBVru,0,https://www.start.gg/tournament/vortex-gallery-at-frosty-faustings-xvii/event/street-fighter-alpha-3/overview,2nd Lineup,recffoXvB1EZv56rm,recC2l6kV9PN0FEAm,True,True,True,5,https://v5.airtableusercontent.com/v3/u/36/36/1733832000000/uNQsJQ_ZpCaS-rFsNrC2Vg/PgGHMf_wRQv0rCDAGPlnEDB3Asu-HQTCvuSe3AnRdMScyA0Z_124EUdLs-xy0R2QlwAJYraQvg7COeYQbAXWtnpSYYsvcKH7QeZahSGTDyTalkJwte2mCxCqdDLjlp1gwRxam7vZkMCjY-_4Sz8PXPh1JCJCv0kclSegBKBXbaY/qQbmJadrLoIvPYPHENHEcBAVv9OltMcDEwa3SqLax-E,SFA3,MiSTer,SFA3 - (MiSTer),,Pskelly,SFA3%20-%20%28MiSTer%29,2024-10-25T07:36:40.000Z,Street Fighter Alpha 3,6%,0,2024-12-03T15:18:30.000Z,recy7F9aUuPj8tmiK,Patrick_Skelly#1010340,/admin/general,Pskelly86,0,,https://www.start.gg/tournament/vortex-gallery-at-frosty-faustings-xvii/event/street-fighter-alpha-3/overview,https://vortexgallery.moe/info#SFA3,0,0,0,4,1,9c49a60b,0,0 Hours,p.skelly,Street Fighter Alpha 3,Alpha 3,https://v5.airtableusercontent.com/v3/u/36/36/1733832000000/R4upew6-IeeCzz7luMlcGg/77NTLNQ1weN0XBSOcj0wRbskFsffN49FPFrEKNs43iDePckM3AeJM7g2QS3eBAWOStH8YKNOyOlQbyfIdUD5TfBDlTXXUmomHkjoa7uWhYkY0yPnQBI0jw4mczKZFR5KWVJTADiHuDEZuQWE0bdq5K_wq8Wn-TvJ5nFfQauqaqQ/QnvEmCq9pBcuVQitUAn3_9j8zdDUcmSzeYV-11xfvto,,,4,4,50/25/15/10,,Double Elimination,2/3,2/3,Default,Winner must keep character. Loser may switch.,No,"3/5 Games for Losers Finals, 3/5 Games for Winners Finals, 3/5 Games for Grand Finals",,none,3 Hours,,,,2,Thurs. 1/23,,,,2 / 32,,,,,"We will use the fan mod called Challengers Edition. This just so that all the secret characters do not require special codes or settings to be selectable.
https://github.com/originalgrego/sfa3ce",,,,,,
recISZsX5PP229gS2,,recRimJylXBip3jOV,0,https://www.start.gg/tournament/vortex-gallery-at-frosty-faustings-xvii/event/super-smash-bros-ultimate-doubles-switch/overview,1st Lineup,recx81zEFgINNFJSh,recW5nYfxeAmwym2t,True,,True,5,https://v5.airtableusercontent.com/v3/u/36/36/1733832000000/Vnxha6mP4xvwscMG8c-2Dg/6up_aiozyXEeW4wvNceyn17XidX53F2lPDqHGWUTJSEvQYENg8VJrMDLMvhMVOhCjW7n9seiTosBilubewOBQQWPDe76JCZxm5XTNf40n7p7oXZi6o5e5l3jrIu1ohA-hS7LV0bvb-x2dvve9hCymXkMtk060dCYqjfuHw0Prf4/XojesqWaH85URuttkepFS4Z8X0dYsSV3nURFonILHBE,SSBU-2s,Switch,SSBU-2s - (Switch),,Pac Diesel,SSBU-2s%20-%20%28Switch%29,2024-09-24T03:27:09.000Z,SSBU Doubles,,0,2024-12-04T19:49:32.000Z,recpLsDbu5mPvvHrt,No idea,/admin/general,@smash_pacman,0,,https://www.start.gg/tournament/vortex-gallery-at-frosty-faustings-xvii/event/super-smash-bros-ultimate-doubles-switch/overview,https://vortexgallery.moe/info#SSBU-2s,0,0,0,1,None,3e64fe94,0,0 Hours,pac_diesel,Super Smash Bros. Ultimate Doubles,SSBU Doubles,https://v5.airtableusercontent.com/v3/u/36/36/1733832000000/ZBjjCY_ENwXL6pdcVUOL9A/Dru0c3G0fnm1kSL4T56bToYA3_2_OuBfh5jp2sZvHxSrsTVDnfKz7F_pSaGar5sZOtOwvRqNK9zBEx0b3KkIRblKKuToOuLpAXwWFbuz5giLHnkenwXrJeZq2ae7mKc5nV6VYgxwZJHFAuaqgVBbsg/SVndayCc0Q6nn74AgZaWQKJrsvM2m_a_Ijuy1ykdHeA,,,,,,,,,,,,,,Sat. 1/25,,,,Top 8 at 9pm,,,,True,,,,,,,,,,,,,,
recjurdB7j8lisoEl,,recCsHOlQwljXmAZu,0,https://www.start.gg/tournament/vortex-gallery-at-frosty-faustings-xvii/event/tatsunoko-vs-capcom-ultimate-all-stars/overview,1st Lineup,recrOeOV5ZtWIGqXL,recUrFciCDQp25FCQ,True,,True,5,https://v5.airtableusercontent.com/v3/u/36/36/1733832000000/_7nIkrmbpFf-B-DKANzuJA/d0D3lyMI-AbgQQe-9TMy0at_NjR8Bg7IF550CUwdcFva7EUXHM-dXbC0UAbN8BYIfHCR8s1ZSFyzGXpOH9kQQ0YTCIBMnc5Y5IYFxR-HNnf3lgALeVDigyL8yTcBiMg4ajiJW_OBuEsCUQLhcPdjlc6ZLtCx22pMH8icUciFZ4I/crBvsTQMlxpIZVyD9H0o8ItOXZYnOUx9sL9egHI5ZiM,TVC,Dolphin,TVC - (Dolphin),,DoctorSc1ence,TVC%20-%20%28Dolphin%29,2024-09-24T02:39:22.000Z,Tatsunoko vs. Capcom,,0,2024-12-04T14:23:51.000Z,recgPgYlaHybk3gNi,Tatsunoko vs Tour#610825,/admin/general,@doctorsc1ence,0,,https://www.start.gg/tournament/vortex-gallery-at-frosty-faustings-xvii/event/tatsunoko-vs-capcom-ultimate-all-stars/overview,https://vortexgallery.moe/info#TVC,0,0,0,3,None,cc095671,0,0 Hours,DrScience,Tatsunoko vs. Capcom Ultimate All-Stars,TvC,https://v5.airtableusercontent.com/v3/u/36/36/1733832000000/uIk3HnAaTPVpflDW_Vzl_w/CKA6bGpLTHCqWNIzNUHqNKn0YoFKSeAh_JG8i4fYLxt4_dnMrY5OydtBfdSTy_teLE2TtYu160agw5cBldz81GsZyCNTBsqj802j10nQ0JSj00EoxlorvB7pmnaTkenJQVcXl-hz6K9TMjPARSihN3EO6SD9Ne-1YA1klN8H3ww/9twwDsVqG4INtzVScp4GUw7P1zJsNKgACHsM3p6IbNo,,,,,60/30/10,,Double Elimination,N/A,2/3,,,,"3/5 Games for Losers Finals, 3/5 Games for Winners Finals, 3/5 Games for Grand Finals",Sat. 1/25,Contrary to previous years - no special rules around giants.,,Sun. 1/26,1:00pm,,16,Thurs. 1/23,True,,,16 / ,,,,,,,,,,,
recGt7DLvIzfZ3qkU,,reccGYMzMgkmxz9JO,0,https://www.start.gg/tournament/vortex-gallery-at-frosty-faustings-xvii/event/them-s-fightin-herds/overview,1st Lineup,recPSzSF36bmhTpF5,recnjaMuKFwKuWGZM,True,,True,5,https://v5.airtableusercontent.com/v3/u/36/36/1733832000000/CZVDETAVM6b9yaQmcC5TmQ/iAUfgQvY3guHYyj5CLM5GUuX_p5pvDasCuNfbllDuYIavJkvSag5khJOzTo4MCGSjH22FRXh4Pi79jqfL4SUk_yE86uovzr6MwgNToPpKmsbFtkAJzcRMmIxYbCCcPtleCfJsNkg-62ZTBxLWMt3U4PzU6kiom_UAv0ee2gj9r0/AZFE6EHVrvwUUfAuZ8dKZArwb1FcdjxbSMs9g4WmNlk,TFH,PC,TFH - (PC),,BLACKATLAS,TFH%20-%20%28PC%29,2024-09-24T02:44:04.000Z,Them’s Fightin’ Herds,,0,2024-11-30T03:53:23.000Z,recyrMjVYQccTgRY5,,/admin/general,@chocorainbro,0,,https://www.start.gg/tournament/vortex-gallery-at-frosty-faustings-xvii/event/them-s-fightin-herds/overview,https://vortexgallery.moe/info#TFH,0,0,0,1,None,a3c65f9a,0,0 Hours,xblackatlasx,Them's Fightin' Herds,TFH,https://v5.airtableusercontent.com/v3/u/36/36/1733832000000/zAu_NkIQVIGMb7BhjCwiZA/l9WZLjwcU9-dNAFFUYmAAiGUdrbIEp4wVHTk7C-FID8vGqCzT7rR_PVkXv5YifAKtNVqjfep3Bt_McjqrgxVBkcCXooDhM7R9f1kE_D8BYHrtRy3hcWqbDhzGNK-D_mWIKt0NAXXdjgOccS1NsBZQnm-ma5kC5mi37_pLtA7Bxk/_tw5gB40PaouiIL0WdOXIlRr_5pdCDwbGyH_Z0x-66o,,,,,,,,,,,,,,,,,,,,9,,True,,,9 / ,,,,,,,,,,,
recCBPlmHAiwJdWLJ,,rec049bruMvXbfNaa,0,https://www.start.gg/tournament/vortex-gallery-at-frosty-faustings-xvii/event/tmnt-x-justice-league-turbo/overview,3rd Lineup,recPSzSF36bmhTpF5,recNd0b3wEc3QVHpW,True,,True,,https://v5.airtableusercontent.com/v3/u/36/36/1733832000000/Js0wsa_McXuhy9M0Hteo2w/1WljQ3XL4_shWNUPIYrmcEbB3zBBo-2KPfRX-ZXAhWInbhUf9ecOdQ1hDJ0qSiIk_o6INemLLt2k3iTH0IHxiGwfV5oSXROpdTt-6tSwoqLpQJFLlPOZc1FE4FelMQUo798JmelsEYzKnvFnJl7rYRd1fEeL_Y8TKWNdJinetaU/eykF5Nq1wBGU1ZZLYQcM7mrhd9Z2OfSEQx7FtDMUaQU,TMNTXJLT,PC,TMNTXJLT - (PC),,Psychoblue,TMNTXJLT%20-%20%28PC%29,2024-11-28T10:56:30.000Z,TMNTXJL,,0,2024-12-07T07:15:10.000Z,recMw90RhRgdc5WQ5,Psychoblue#585104,/admin/general,@psychoblue9,0,,https://www.start.gg/tournament/vortex-gallery-at-frosty-faustings-xvii/event/tmnt-x-justice-league-turbo/overview,https://vortexgallery.moe/info#TMNTXJLT,0,0,0,1,None,d873efd6,0,0 Hours,Psychoblue,TMNT x Justice League Turbo,XJL,https://v5.airtableusercontent.com/v3/u/36/36/1733832000000/sy6fI8VJyePLNr2Ri8SlGQ/rT0duKjKOwy5fyAPVSPQMCQI_2_XrEC-D8pKd2XF8RE164YvcO5624m2yOXPP5kYUAY-yuecL8WfWbnN-3r01bU9DChWdeW1vUlIx8c7JpSxH9KV9oSofdVUpFRCMn9nTdzVbci51eJIx6C_l4mhSnsTmuEpNbUE1Mind1iXItk/7sqX3z4JlleR14wiL1mgO3nIbm3Cprvd3FTlfKV_bAs,,"?TO: PsychoBlue
",,,,,,,,,,,,,,,,,,,,,,,,,,,,,,,,,,
recuZ64FVk8ieYFb6,64,recOTwRe2bQ8sKVZf,0,https://www.start.gg/tournament/vortex-gallery-at-frosty-faustings-xvii/event/touhou-12-3-hisoutensoku/overview,1st Lineup,recPSzSF36bmhTpF5,recOevsNvO4oG3GPe,True,,True,5,https://v5.airtableusercontent.com/v3/u/36/36/1733832000000/reBoGoL0ol7Nmv-fRs8cZA/sD46zOWtDxpMUiujLByUJrY9qgYaBF50ZbMJVGVd0Oora-iXuSwA5yPjeg5TG1XbklRgUVoTtum4OINAa6PxzpfkRriBFJh6ZMa8XP2Hnuuy-og9nAUw4GIMmr7nbIhfJJcN4X_LriWl49WDFIzYrpuWlygjwhJniFZHD0nKBa4/NrsCEC6rLtzyk7XaMkYF45l596QMivQoCZgwlDyEnOM,SOKU,PC,SOKU - (PC),,Tessiro,SOKU%20-%20%28PC%29,2024-09-24T02:45:48.000Z,Hisoutensoku,25%,0,2024-12-08T15:11:52.000Z,recYQJSauOpD3TIZC,Tessiro#271828,/admin/general,@Tessiro48,0,,https://www.start.gg/tournament/vortex-gallery-at-frosty-faustings-xvii/event/touhou-12-3-hisoutensoku/overview,https://vortexgallery.moe/info#SOKU,0,0,0,3,1,bbc61bad,0,0 Hours,tessiro,Touhou 12.3 Hisoutensoku,Soku,https://v5.airtableusercontent.com/v3/u/36/36/1733832000000/w0fOTv_G884FSJjcwGIRng/0FZtEwUKSLDpM7-WENhWmK5_iKI93hFB7L9ZkiscaOTO8QCuVD5JL2i8CYTlw8GpY5r4NEqU6AoxrAR1jbbQ7ccDdEHMpHCHvdbWICLRcif_T6CUaRzrF6vh3qqk9mBfu632P2RaLQXrMVvk8cbR98t6FPY1uTdKBFFcqHx2N_M/LnoCffaL9tszN8b-a9vc3Iofo3JPItolk13vjtQQEpo,,,4,4,60/30/10,,Double Elimination,2/3,2/3,,Winner & Loser may switch.,Intentionally softlocking the game is an automatic loss.,"3/5 Games for Losers Finals, 3/5 Games for Winners Finals, 3/5 Games for Grand Finals",Fri. 1/24,,4 Hours,Sat. 1/25,4:00PM 5:00PM 6:00PM,,16,"Thurs. 1/23, Sun. 1/26",True,,,16 / 64,,,,,,,,,,,Top 8 payout if Matcherino passes $200
recq0ixwi28XU3XqT,16,recs1cQ2BHq1TO3CM,0,https://www.start.gg/tournament/vortex-gallery-at-frosty-faustings-xvii/event/twinkle-star-sprites/overview,2nd Lineup,recffoXvB1EZv56rm,recrMASJOQUWuBN6C,True,True,True,1,https://v5.airtableusercontent.com/v3/u/36/36/1733832000000/BshZiGWI97mBxEh7BTfXdA/ekZoQbmTlXqaVeXqYo8FMT5BxGYx-66977pFU0_MQH7z9BqgZT_Jn-LgxG92Cd0p8rIon06e5JBAHM7oxxrBhSU14pz2cALPqZsZ1hWW61Wyh6ErZ-JjYqPQYFwxxc2ORTQ1NxEPYBeMGf51tLingSTdvKZFPpXFaUaQEILP5qE/4vItcsLmetgT47XVhYraTa0yk-Ol8JEF4G6F0KBwEp0,TSS,MiSTer,TSS - (MiSTer),,Tommytamsworth,TSS%20-%20%28MiSTer%29,2024-10-25T07:21:49.000Z,Twinkle Star Sprites,69%,0,2024-11-30T03:53:23.000Z,recAT3Sdgo5bN5o2d,Tommy_Tamsworth #881679,/admin/general,@Tommytamsworth,0,,https://www.start.gg/tournament/vortex-gallery-at-frosty-faustings-xvii/event/twinkle-star-sprites/overview,https://vortexgallery.moe/info#TSS,0,0,0,1,None,42877dfc,0,0 Hours,Tommytamsworth#3525,Twinkle Star Sprites,TSS,https://v5.airtableusercontent.com/v3/u/36/36/1733832000000/mGxbGqUaGOOsy8eDbbc1Og/NzwyxgYfL8GUPp366ZtzUe9t9-Aq6ZelAdcs6xuIOqxBD9cO0edy8tZp-fSu_ERxhGR2v9WFkT0-rcllj4x89gbuF2Id63OvyU8uOx1fCMC8W5L2cDv6zGMK7oIvD3_iIsxia4qPYRIVbuotvtTrPPTEDwaRGdKEUbPBc1iCuxx5CEkut24d6iq3MsDL0BYv/VqzqeKfG4lzK8LdwGY1l9uL-aLmqPO0koY-CAB4TGmM,,,,,,,,,,,,,,,,,,,,11,,,,,11 / 16,,,,,,,,,,,
recsKOaS2HwPMkZuq,,recI6DCbV9xydjaTt,0,https://www.start.gg/tournament/vortex-gallery-at-frosty-faustings-xvii/event/ultra-fight-da-kyanta-2/overview,1st Lineup,recPSzSF36bmhTpF5,recCqZ8UZTOeJ8rM5,True,,True,5,https://v5.airtableusercontent.com/v3/u/36/36/1733832000000/PbS5n_0N2Qv3QRMFdXsFhg/DeNVw36kbTECBP13YERnQeVNHqXRXBUpYjCXrIN1yjepZerm-ZOfCO72gmDgJAADQzm5Z8kcSr0KkJ9RID4Jul7fqm5N-bj1OtVR2HKTIqivGL7uE2WmZzi3xe7rFL6CzGw3OCfTqQ6yxjBnjqw4r4DULHWaf_sbcx70T1t3sso/kay2c0qFtykSS2fvEdzjiv60gdBRhXK6-dG_C6t9yOc,UFDK,PC,UFDK - (PC),,YFDHippo,UFDK%20-%20%28PC%29,2024-09-24T02:45:06.000Z,Ultra Fight Da! Kyanta 2,,0,2024-11-30T03:53:23.000Z,recshwfFLK6octxIP,YFDhippo#721631,/admin/general,@YFDHippo,0,,https://www.start.gg/tournament/vortex-gallery-at-frosty-faustings-xvii/event/ultra-fight-da-kyanta-2/overview,https://vortexgallery.moe/info#UFDK,0,0,0,1,None,d3bbec41,0,0 Hours,YFDHippo,Ultra Fight Da ! Kyanta 2,Kyanta,https://v5.airtableusercontent.com/v3/u/36/36/1733832000000/vGX4GOeqf-FOOoZwhDmFCA/kzKSgQffxfvrF2mZRz32EOhoERclJoYToTuGXRiQQmPNgLAorEk4qZ5C6PKobx5oThgfguS1tBKTyWBgE_ER4coH8ako4rqP29mEMvSzS0HE2guB6LCXTz6xhWaqqY71V4e6aYJ-C6SO8aBQ14wWASqmF4a8Uu7Qs2Pi5vNKx5k/M3U4JJuLeTXgkcEbDMFGO-Qjp6OC14CIwxMmcWLjDnA,,,,,,,,,,,,,,,,,,,,14,,True,,,14 / ,,,,,,,,,,,
recPasISt1hR8g0c0,,recC48g2uRumGSYyV,0,https://www.start.gg/tournament/vortex-gallery-at-frosty-faustings-xvii/event/ultra-street-fighter-iv/overview,1st Lineup,reczzQn8AgMeLPv83,recls8D1JpKJAxDHn,True,,True,10,https://v5.airtableusercontent.com/v3/u/36/36/1733832000000/T7OgnHRCJtPYn8zWIQW6rQ/WsdBfX7P2I9aDHqDu6pvxnJ9BXG7rZDHRo0Z687bwDqyafre16AxcmC5C7CXZAMVimbANmV8L2hJZoOvY5nZ3GKyuSlM2yI6ZDc1AFEdMxzwwhoTDMB3tilEY5vDsfS5PsmdQl9YGlBmNUGv_qKlOcVEZxI4RwgB8tXl9kwo-r8/1we36w7ly0NJYBMIr7m63aLjautmoZfwxRMt1DCVkbc,USF4,PS4,USF4 - (PS4),,Jako Man,USF4%20-%20%28PS4%29,2024-09-24T02:44:43.000Z,USF4,,0,2024-11-30T03:53:23.000Z,recHpnmxHT4kICnBf,UG_JakoMan#532891,/admin/general,@TheJakoMan,0,,https://www.start.gg/tournament/vortex-gallery-at-frosty-faustings-xvii/event/ultra-street-fighter-iv/overview,https://vortexgallery.moe/info#USF4,0,0,0,1,None,95563b45,0,0 Hours,ug_jakoman,Ultra Street Fighter IV,SF4,https://v5.airtableusercontent.com/v3/u/36/36/1733832000000/Tc_K6KaN_O8waFhyNlJ_rg/2diMEIaX-3OLC1aQURaXM4teOMs7JFgmbZiFNCgayr80-RLNU9D9Jc-likReBAK3L6eFAfufcK0ALSOUnZrk39bp7zCdfRVm_lzrQsydyYEBgMK7nU5y_aWdoEHR82QRN0ckkVVmgYPHYJh5fjFYN27St7ETz6IXTGgm99lOsQg/BJ8Flvuzns55Apa107Sp_VmXTN6n2RR_h6enlyLtUPI,,,,,,,,,,,,,,,,,,,,9,,True,,,9 / ,,,,,,,,,,,
recNADi72ssvwp4fG,,rec9H1NtgdFOnaJDt,0,https://www.start.gg/tournament/vortex-gallery-at-frosty-faustings-xvii/event/windjammers-2/overview,1st Lineup,reczzQn8AgMeLPv83,rec2jk711KZYYR5rU,True,,True,5,https://v5.airtableusercontent.com/v3/u/36/36/1733832000000/5jcWwEy-xDsO1CQ2-0xByA/qbi8br7YXv8IDSZrA8X5c2-4eYknktBvkmjS9MPwL17u9JFyzgcnt86rS7ypdAoujJ3ytUIa18-vaDFbLaTPZHmCkeqoGdt6ge0aD_rxq_Zg8bAWwyvW6X59C8R9FNy4UWXf9Id6evZdX3dRioH5SonyICsJefUullWT1B7GVJo/j8mCYnQ2HKnKLS4aKW5q-jgPwvX9L9Eyct0Rp_5Dkro,WJ2,PS4,WJ2 - (PS4),,NautilusRepertus,WJ2%20-%20%28PS4%29,2024-09-24T02:45:35.000Z,Windjammers,,0,2024-11-30T17:12:49.000Z,rechc4D8EIAf7vfSw,nautilusrepertus#1155076,/admin/general,@rivethead.bsky.social,0,,https://www.start.gg/tournament/vortex-gallery-at-frosty-faustings-xvii/event/windjammers-2/overview,https://vortexgallery.moe/info#WJ2,0,0,0,1,None,e68b9b37,0,0 Hours,nautilusrepertus,Windjammers 2,WJ2,https://v5.airtableusercontent.com/v3/u/36/36/1733832000000/K2r-UkEUOPi04NcOqNJwFQ/byLs1Kx-aZSMWqg9aBCWa1tWYQJooVIdcMnoL7GEYBJC3LKLvrAl9FwuvRSiwmRzHYgktCfb8_vT59cRsZKBL48wLkrgo-Dt9HymX77VqYHSIlVPZBkXpzCclyviGzLjqiTNNo-cbBdlrSkTYryEzg/N9acnrrS9EfBwt7luTYjN2JDOcxN-23RZn4XwkIMJnA,,,,,,,,,,,,,,,,,,,,20,,True,,,20 / ,,,,,,,,,,,
recamFV3Nu8kES0ph,32,recMlOE0gQr4FBm8h,0,https://www.start.gg/tournament/vortex-gallery-at-frosty-faustings-xvii/event/wonderful-world/overview,3rd Lineup,recPSzSF36bmhTpF5,recdgyZSPxiI4Jpq8,True,True,True,5,https://v5.airtableusercontent.com/v3/u/36/36/1733832000000/vn_JoNSqod83Us9h0M8x0A/OW5a0kb4IEPpUt409yVV5af3p64Ugdep8TOHpJhlD4xNcuNfEB6L63Zv492uxThTVEZ9-jvfKdj9uKhW03iTo3XwWBbteRc8R0zaivoZcFWxtr9LlHMTEYseV5EN86euFDadNFUPymCge8ccr5mKNln0DhjG8KL-2TH7tFNRt1A/NnT5VLvtrh9dODEB0r7Bf1nUQb7Jq3BzjO9lu6GYvYA,WW,PC,WW - (PC),,thorntheletter,WW%20-%20%28PC%29,2024-10-25T07:22:10.000Z,WanWan,34%,0,2024-12-04T02:42:40.000Z,rec8GAdYl6aqwrQdM,thorntheletter#957944,/admin/general,thorntheletter,0,,https://www.start.gg/tournament/vortex-gallery-at-frosty-faustings-xvii/event/wonderful-world/overview,https://vortexgallery.moe/info#WW,0,0,0,3,0.75,a7ae2760,0,0 Hours,thorntheletter,Wonderful World,WanWan,https://v5.airtableusercontent.com/v3/u/36/36/1733832000000/Zr41SoVFsfgy6zw07LXsyw/gG8JkKE1vZeOGfTbMj0rG5mUxxLOXSoTlUBbTWWFYzzcnu7kTbjeY1L6HTpkLU37WDvPQBLJiSCWlpl7hFQBNNi-8hGBxeznwBSe7YB6uG2V_gfNGD6TQZdYDpCQEMuNw3beGJzEEZxCCERQCHznsFxql83Pdy5Vn6Vc07bssy4/h7gl-RDskkEibME0dRX31YD6B2SsIdQvfQ6z4VpkcR0,,,3,4,60/30/10,recamFV3Nu8kES0ph,Double Elimination,2/3,2/3,Timer off (0).,Winner must keep character. Loser may switch.,All glitches are to be played through if possible; currently no game breaking glitches or methods of reproducing the meter glitch are known.,"3/5 Games for Losers Finals, 3/5 Games for Winners Finals, 3/5 Games for Grand Finals",Sun. 1/26,,3 Hours,"Sun. 1/26, Sat. 1/25, Fri. 1/24, Thurs. 1/23",2pm (honestly no preference for days or times so long as it does not conflict with any of our other stuff),thorntheletter,11,,,,,11 / 32,,"Yes, at the very least from me (thorntheletter) but there may be more later.",100,recamFV3Nu8kES0ph,"Vanguard Princess Launcher (for more graphics settings): https://github.com/LlamaMaster/VANGUARD_PRINCESS_LAUNCHER_1.0, put exe and launcher files folder into same directory as game exe, put shortcut in known location. Launch and set exe paths for the game (and LilithPort if use).
button binding script: https://github.com/thorntheletter/buttonbinds, put exe somewhere accessible
 AntiMicroX (backup in case the button binding script has issues with a controller; it is way slower to bind so ideally it is not used but best to have just in case): https://github.com/AntiMicroX/antimicrox install or get portable version, keep (or shortcut) in a known location

optional: Lilithport (lets us save replays): https://github.com/UltiMario/LilithPort-Alpha, download, open, set exe path to game exe and turn saving replays on (Options (O) > Save Replays (R)) (optionally change replay directory). When it comes time for the tournament skip connecting to a server launch through Vanguard Princess Launcher (Play Online), skip connecting to a server (Cancel, bottom right corner button), and launch the game by doing Commands (C) > Start 1P Game (G). 
",,,,,,
