Tournament,Game Name,Short Name,Abbr-Game,Abbr-Regions List,Region Includes,Smash URL,Info-Entry Fee,Info-Cap,Matcherino URL,$-Pot Split,Info-Seeding,Pools-Bracket Type,Pools-Rounds per Game,Pools-Games per Set,Finals-Phase,Finals-Games per Set,Rules-Game Settings,Rules-Chara Change,Rules-Glitches,Rules-Disconnect,Staff-Lead TOs,Img-Game Logo URL,Rules-Notes,Info-Platform
AC - ALL - (PC-Fightcade),Alien Challenge,AlienCha,AC,ALL,,https://www.start.gg/tournament/vortex-gallery-online-2023/event/alien-challenge-global/overview,$0,None,,TBD,Region + Skill,Double Elimination,2/3,3/5,,"3/5 Games for Losers Finals,3/5 Games for Winners Finals,3/5 Games for Grand Finals",,Winner must keep character. Loser may switch.,,,ViviMayoi,https://dl.airtable.com/.attachments/560101a745fb9348a1e9a24458f97442/d07f3d7f/891b4a8e-d51a-49d5-8322-189ee6bc4657.png,,PC-Fightcade
ARMS - EU - (Switch),ARMS,ARMS,ARMS,EU,Open to Europe and Maghreb / North Africa,https://www.start.gg/tournament/vortex-gallery-online-2023/event/arms-eu/overview,$0,32,,60/30/10,Skill,Double Elimination,2/3,2/3,Top 4,"3/5 Games for Losers Finals,3/5 Games for Winners Finals,3/5 Games for Grand Finals","In this ruleset, the highest seeded player is referred to as Player 1 and his opponent as Player 2

- The tournament is played in a Best of 3 format
- Winners Finals, Losers Semis, Losers Finals and Grand Finals are played in a Best of 5 format
- All characters, ARMS and ARM loadouts are allowed
- You may switch your ARM loadouts between games
- **Gentlemen's Clause:** A game can be played on any stage in the game if the players agree to it
- **Set Procedure:**
    1. Players select their characters
    2. Player 1 bans one starter stage
    3. Player 2 bans two starter stages
    4. Player 1 picks the first game stage among the two remaining starter stages
    5. Game 1 is played
    6. The winner of the previous game bans two stages from the full stage list
    7. The loser of the previous game picks the next game stage among the remaining stages
    8. The winner announces any character switch
    9. The loser announces any character switch
    10. Play the next game
    11. Repeat steps 6 to 8 until a winner is determined
- **Stage selection:**
    - __Starters:__ Sparring Ring, Buster Beach, DNA Lab, Temple Grounds, Mausoleum
    - __Counterpicks:__ Via Dolce, Ninja College",Winner & Loser may switch.,,,Mathias Wolfbrok,https://dl.airtable.com/.attachments/ad847bb2c20f557e270a8dbf84edaf40/3d17b9f9/ARMSLogo.png,,Switch
Asuka120 - EU+NA/EC - (PC),Asuka 120% LimitOver Burning Fest.,Asuka 120%,Asuka120,"EU, NA/EC","Region free though that it'll play on uk.yuribacon.com.
USA East Coast can easily play, but further away and you'll start to have more lag.

Note:
Due to Mednafen's server structure, your lag doesn't impact your opponent. 
So it's more about your delay tolerance.",https://www.start.gg/tournament/vortex-gallery-online-2023/event/asuka-120-limitover-burning-fest-eu/overview,,None,,TBD,Skill,Double Elimination,2/3,2/3,,"3/5 Games for Losers Finals,3/5 Games for Winners Finals,3/5 Games for Grand Finals",,Winner must keep character. Loser may switch.,"- Ground Infinites are okay.
- Kumi's 214C Glitch isn't outright banned as it can happen involuntarily. If it happens the Kumi player needs to jump immediately and jC.
 
For more details: https://wiki.gbl.gg/w/Asuka_120_LimitOver/Tournament_Rules",,"SailorVick,SonofTzeentch9",https://dl.airtable.com/.attachments/c7b3a974d113d113a1bc98378782c256/ba2f6dcb/Asuka-120_-LimitOver-logo.png,,PC
ABEW - ALL - (PC-Fightcade),Asura Buster: Eternal Warriors,Asura Buster,ABEW,ALL,,https://www.start.gg/tournament/vortex-gallery-online-2023/event/asura-buster-global/overview,$0,None,,TBD,Region + Skill,Double Elimination,2/3,2/3,Top 8,"3/5 Games for Losers Finals,3/5 Games for Winners Finals,3/5 Games for Grand Finals",,Winner must keep character. Loser may switch.,,,ViviMayoi,https://dl.airtable.com/.attachments/3e6f72c395e94e0d50176509ec7ce86a/ea6f742b/de8cfab5-9c8f-40a2-8625-d892c8d3bef3.png,,PC-Fightcade
BBCF - SEA - (PC-Steam),Blazblue Centralfiction,Blazblue,BBCF,SEA,"Singapore, Malaysia, Thailand, Indonesia, Philippines, Vietnam, Brunei, Cambodia, Laos, Myanmar",https://www.start.gg/tournament/vortex-gallery-online-2023/event/blazblue-central-fiction-sea/overview,,,,,,Double Elimination,2/3,2/3,Top 4,"3/5 Games for Winners Finals,3/5 Games for Losers Finals,3/5 Games for Grand Finals",,Winner must keep character. Loser may switch.,,"In the event of a game crash or disconnect, scoring will be kept for games & rounds, and the current round will be restarted.",Kelcroze,https://dl.airtable.com/.attachments/b69d50cd63caea1ce07dde8d5f92b8c0/53d701e1/BlazBlue-Central-Fiction-logo.png,,PC-Steam
BBCF - NA - (PC-Steam),Blazblue Centralfiction,Blazblue,BBCF,NA,,https://www.start.gg/tournament/vortex-gallery-online-2023/event/blazblue-central-fiction-na/overview,,,,,,Double Elimination,2/3,2/3,Top 4,"3/5 Games for Winners Finals,3/5 Games for Losers Finals,3/5 Games for Grand Finals",,Winner must keep character. Loser may switch.,,"In the event of a game crash or disconnect, scoring will be kept for games & rounds, and the current round will be restarted.",Chickzama,https://dl.airtable.com/.attachments/b69d50cd63caea1ce07dde8d5f92b8c0/53d701e1/BlazBlue-Central-Fiction-logo.png,,PC-Steam
BBCF - OCE - (PC-Steam),Blazblue Centralfiction,Blazblue,BBCF,OCE,"Australia, New Zealand
Other countries listed within the Oceania region (i.e New Caledonia, Papua New Guinea) may be allowed pending connection tests.",https://www.start.gg/tournament/vortex-gallery-online-2023/event/blazblue-central-fiction-oce/overview,,None,,,,Double Elimination,2/3,2/3,Top 4,"3/5 Games for Winners Finals,3/5 Games for Losers Finals,3/5 Games for Grand Finals",,Winner must keep character. Loser may switch.,,"In the event of a game crash or disconnect, scoring will be kept for games & rounds, and the current round will be restarted.",Firery,https://dl.airtable.com/.attachments/b69d50cd63caea1ce07dde8d5f92b8c0/53d701e1/BlazBlue-Central-Fiction-logo.png,,PC-Steam
BBCF - SA/SUD - (PC-Steam),Blazblue Centralfiction,Blazblue,BBCF,SA/SUD,,https://www.start.gg/tournament/vortex-gallery-online-2023/event/blazblue-central-fiction-sud/overview,,,,,,Double Elimination,2/3,2/3,Top 4,"3/5 Games for Winners Finals,3/5 Games for Losers Finals,3/5 Games for Grand Finals",,Winner must keep character. Loser may switch.,,"In the event of a game crash or disconnect, scoring will be kept for games & rounds, and the current round will be restarted.",Salazio,https://dl.airtable.com/.attachments/b69d50cd63caea1ce07dde8d5f92b8c0/53d701e1/BlazBlue-Central-Fiction-logo.png,,PC-Steam
BBCF - SA/BR - (PC-Steam),Blazblue Centralfiction,Blazblue,BBCF,SA/BR,,https://www.start.gg/tournament/vortex-gallery-online-2023/event/blazblue-central-fiction-br/overview,,,,,,Double Elimination,2/3,2/3,Top 4,"3/5 Games for Winners Finals,3/5 Games for Losers Finals,3/5 Games for Grand Finals",,Winner must keep character. Loser may switch.,,"In the event of a game crash or disconnect, scoring will be kept for games & rounds, and the current round will be restarted.",Zate,https://dl.airtable.com/.attachments/b69d50cd63caea1ce07dde8d5f92b8c0/53d701e1/BlazBlue-Central-Fiction-logo.png,,PC-Steam
BBCF - LAN - (PC-Steam),Blazblue Centralfiction,Blazblue,BBCF,LAN,,https://www.start.gg/tournament/vortex-gallery-online-2023/event/blazblue-central-fiction-lan/overview,,,,,,Double Elimination,,,,,,,,,Shiburizu,https://dl.airtable.com/.attachments/b69d50cd63caea1ce07dde8d5f92b8c0/53d701e1/BlazBlue-Central-Fiction-logo.png,,PC-Steam
BBCF - EU - (PC-Steam),Blazblue Centralfiction,Blazblue,BBCF,EU,,https://www.start.gg/tournament/vortex-gallery-online-2023/event/blazblue-central-fiction-eu/overview,,,,,,Double Elimination,,,,,,,,,Chickzama,https://dl.airtable.com/.attachments/b69d50cd63caea1ce07dde8d5f92b8c0/53d701e1/BlazBlue-Central-Fiction-logo.png,,PC-Steam
BBCF - JP - (PC-Steam),Blazblue Centralfiction,Blazblue,BBCF,JP,,https://www.start.gg/tournament/vortex-gallery-online-2023/event/blazblue-central-fiction-jp/overview,,,,,,Double Elimination,,,,,,,,,Chickzama,https://dl.airtable.com/.attachments/b69d50cd63caea1ce07dde8d5f92b8c0/53d701e1/BlazBlue-Central-Fiction-logo.png,,PC-Steam
BBCF - CN - (PC-Steam),Blazblue Centralfiction,Blazblue,BBCF,CN,,https://www.start.gg/tournament/vortex-gallery-online-2023/event/blazblue-central-fiction-cn/overview,,,,,,Double Elimination,,,,,,,,,Ryoma,https://dl.airtable.com/.attachments/b69d50cd63caea1ce07dde8d5f92b8c0/53d701e1/BlazBlue-Central-Fiction-logo.png,,PC-Steam
BBTAG - NA - (PS4),Blazblue Cross Tag Battle,BBTAG,BBTAG,NA,"United States, Canada, Mexico",https://www.start.gg/tournament/vortex-gallery-online-2023/event/blazblue-cross-tag-battle-na/overview,$0,,,50/25/15/10,Region + Skill,Double Elimination,N/A,3/5,Top 3,"3/5 Games for Winners Finals,3/5 Games for Losers Finals,3/5 Games for Grand Finals",,Winner must keep character. Loser may switch.,,,GTek,https://dl.airtable.com/.attachments/5046c6464a118f29b4f1a2bb8de1e31a/c75bda1c/BlazBlue_Cross_Tag_Battle_logo.png,,PS4
BBTAG - SA/SUD - (PC-Steam),Blazblue Cross Tag Battle,BBTAG,BBTAG,SA/SUD,,https://www.start.gg/tournament/vortex-gallery-online-2023/event/blazblue-cross-tag-battle-sud/overview,,,,,,Double Elimination,N/A,3/5,Top 4,"3/5 Games for Winners Finals,3/5 Games for Losers Finals,3/5 Games for Grand Finals",,Winner must keep character. Loser may switch.,,,Salazio,https://dl.airtable.com/.attachments/5046c6464a118f29b4f1a2bb8de1e31a/c75bda1c/BlazBlue_Cross_Tag_Battle_logo.png,,PC-Steam
BBTAG - SA/BR - (PC-Steam),Blazblue Cross Tag Battle,BBTAG,BBTAG,SA/BR,,https://www.start.gg/tournament/vortex-gallery-online-2023/event/blazblue-cross-tag-battle-br/overview,,,,,,Double Elimination,N/A,3/5,Top 4,"3/5 Games for Winners Finals,3/5 Games for Losers Finals,3/5 Games for Grand Finals",,Winner must keep character. Loser may switch.,,,Zate,https://dl.airtable.com/.attachments/5046c6464a118f29b4f1a2bb8de1e31a/c75bda1c/BlazBlue_Cross_Tag_Battle_logo.png,,PC-Steam
BBTAG - SEA - (PC-Steam),Blazblue Cross Tag Battle,BBTAG,BBTAG,SEA,"
Singapore, Malaysia, Thailand, Indonesia, Philippines, Vietnam, Brunei",https://www.start.gg/tournament/vortex-gallery-online-2023/event/blazblue-cross-tag-battle-sea/overview,,None,,50/30/20,Region + Skill,Double Elimination,,2/3,Top 8,"3/5 Games for Grand Finals,3/5 Games for Winners Finals,3/5 Games for Losers Finals",,Winner must keep character. Loser may switch.,,,VGD,https://dl.airtable.com/.attachments/5046c6464a118f29b4f1a2bb8de1e31a/c75bda1c/BlazBlue_Cross_Tag_Battle_logo.png,,PC-Steam
DKG - NA+SA - (PC-Fightcade),Dan-Ku-Ga,DKG,DKG,"NA, SA","Canada, US, HI, AK, Mexico, CenAm, SA",https://www.start.gg/tournament/vortex-gallery-online-2023/event/dan-ku-ga-na-sa/overview,,None,,60/30/10,,Double Elimination,,,,,,Winner must keep character. Loser may switch.,,,PolarBair,https://dl.airtable.com/.attachments/b5952cd720007d39e360991e59c169e7/370f67e8/DanKuGa.png,,PC-Fightcade
DFCI - NA - (PC),Dengeki Bunko Fighting Climax Ignition,Dengeki Bunko,DFCI,NA,"Continental US, Canada, Mexico",https://www.start.gg/tournament/vortex-gallery-online-2023/event/dengeki-bunko-fighting-climax-ignition-na/overview,$0,None,,60/30/10,Region + Skill,Double Elimination,2/3,2/3,Top 8,"3/5 Games for Winners Finals,3/5 Games for Losers Finals,3/5 Games for Grand Finals","'- Default Settings
- DLC Yuuki & Ako Point Characters, Llenn & Lucien Support Characters are legal, if available on setups.
- Random stage select (players may opt for an agreed stage).
- Winner must keep character & assist, Loser may switch.",Winner must keep character. Loser may switch.,Game breaking glitches are banned.,,Bloo,https://dl.airtable.com/.attachments/c06f110d2d2b0f1858f36133619020c6/7a25568f/Dengeki-Bunko-Fighting-Climax-Ignition-logo.png,,PC
DNFD - NA - (PC-Steam),DNF Duel,DNFD,DNFD,NA,,https://www.start.gg/tournament/vortex-gallery-online-2023/event/dnf-duel-na/overview,,,,,,Double Elimination,2/3,2/3,Top 8,"3/5 Games for Winners Finals,3/5 Games for Losers Finals,3/5 Games for Grand Finals",Default game settings,Winner must keep character. Loser may switch.,,,Hagure,https://dl.airtable.com/.attachments/9bcef077bfff49c9ee739f5d905dc293/fc252c80/DNFD_Logo.png,,PC-Steam
DNFD - OCE - (PC-Steam),DNF Duel,DNFD,DNFD,OCE,"Australia, New Zealand
Other countries listed within the Oceania region (i.e New Caledonia, Papua New Guinea) may be allowed pending connection tests.",https://www.start.gg/tournament/vortex-gallery-online-2023/event/dnf-duel-oce/overview,,None,,,,Double Elimination,2/3,2/3,Top 8,"3/5 Games for Winners Finals,3/5 Games for Losers Finals,3/5 Games for Grand Finals",Default game settings,Winner must keep character. Loser may switch.,,,Firery,https://dl.airtable.com/.attachments/9bcef077bfff49c9ee739f5d905dc293/fc252c80/DNFD_Logo.png,,PC-Steam
DNFD - SEA - (PC-Steam),DNF Duel,DNFD,DNFD,SEA,,https://www.start.gg/tournament/vortex-gallery-online-2023/event/dnf-duel-sea/overview,,,,,,Double Elimination,,,,,,,,,VGD,https://dl.airtable.com/.attachments/9bcef077bfff49c9ee739f5d905dc293/fc252c80/DNFD_Logo.png,,PC-Steam
DD - NA+SA - (PC-Fightcade),Double Dragon,Double Dragon,DD,"NA, SA","Canada, US, HI, AK, Mexico, CenAm, SA",https://www.start.gg/tournament/vortex-gallery-online-2023/event/double-dragon-neo-geo-na-sa/overview,,None,,60/30/10,,Double Elimination,,,,,,Winner must keep character. Loser may switch.,,,PolarBair,https://dl.airtable.com/.attachments/e6fb7b4a356ae50ee103d4209ee6d4fc/abc7b532/Double-Dragon-logo.png,,PC-Fightcade
DBFZ - NA/WC - (PC-Steam),Dragon Ball FighterZ,DBFZ,DBFZ,NA/WC,"WEST (USA: Alaska, Arizona, California, Colorado, Hawaii, Idaho,
Kansas, Montana, Nebraska, Nevada, New Mexico, North Dakota, Oklahoma, Oregon, South
Dakota, Texas, Utah, Washington, Wyoming. Canada: British Columbia, Yukon, Northwest
Territories, Alberta, Saskatchewan, Manitoba, Nunavut)",https://www.start.gg/tournament/vortex-gallery-online-2023/event/dragon-ball-fighterz-na-wc/overview,$0,256,,50/25/15/10,Region + Skill,Double Elimination,N/A,2/3,Top 3,"3/5 Games for Grand Finals,3/5 Games for Winners Finals,3/5 Games for Losers Finals",,Winner must keep character. Loser may switch.,,,GTek,https://dl.airtable.com/.attachments/013b73a0efca11468b43b88b85a007e4/3c47bf66/dragon_ball_fighterz_logo.png,,PC-Steam
DBFZ - NA/EC - (PC-Steam),Dragon Ball FighterZ,DBFZ,DBFZ,NA/EC,"(USA: Alabama, Arkansas, Connecticut, Delaware, District
of Columbia, Florida, Georgia, Illinois, Indiana, Iowa, Kentucky, Louisiana, Maine, Maryland,
Massachusetts, Michigan, Minnesota, Mississippi, Missouri, New Hampshire, New Jersey,
New York, North Carolina, Ohio, Pennsylvania, Rhode Island, South Carolina, Tennessee,
Vermont, Virginia, West Virginia, Wisconsin. Canada: New Brunswick, Newfoundland and
Labrador, Nova Scotia, Ontario, Prince Edward Island, Quebec)",https://www.start.gg/tournament/vortex-gallery-online-2023/event/dragon-ball-fighterz-na-ec/overview,$0,256,,50/25/15/10,Region + Skill,Double Elimination,N/A,2/3,Top 3,"3/5 Games for Losers Finals,3/5 Games for Winners Finals,3/5 Games for Grand Finals",,Winner must keep character. Loser may switch.,,,GTek,https://dl.airtable.com/.attachments/013b73a0efca11468b43b88b85a007e4/3c47bf66/dragon_ball_fighterz_logo.png,,PC-Steam
DBFZ - OCE - (PC-Steam),Dragon Ball FighterZ,DBFZ,DBFZ,OCE,,https://www.start.gg/tournament/vortex-gallery-online-2023/event/dragon-ball-fighterz-oce/overview,,,,,,Double Elimination,,,,,,,,,Firery,https://dl.airtable.com/.attachments/013b73a0efca11468b43b88b85a007e4/3c47bf66/dragon_ball_fighterz_logo.png,,PC-Steam
EFZ - NA - (PC-Caster),Eternal Fighter Zero,EFZ,EFZ,NA,"USA & all Territories, Canada, Mexico, Antigua & Barbuda, Bahamas, Barbados, Belize, Costa Rica, Cuba, Dominica, Dominican Republic, El Salvador, Grenada, Guatemala, Haiti, Honduras, Jamaica, Nicaragua, Panama, Saint Kitts & NevisSaint Lucia, Saint Vincent & the Grenadines, Trinidad & Tobago",https://www.start.gg/tournament/vortex-gallery-online-2023/event/eternal-fighter-zero-na/overview,,,,,,Double Elimination,2/3,2/3,Top 8,"3/5 Games for Winners Finals,3/5 Games for Losers Finals,3/5 Games for Grand Finals","Matches will be played on EFZRevival 1.02E

In the event of a crash or technical difficulties, the game will be replayed up to the round count, at which point the match will resume (please try to make meters mostly the same as well, if possible).

Custom stages or UI (except for eng translation) on setups is not allowed, but voice mod or any palettes you wish to bring over will be fine.

Kanna is banned.",Winner must keep character. Loser may switch.,"No Unknown jab fly infinite.
No Cello proration bug.","In the event of a game crash or disconnect, scoring will be kept for games & rounds, and the current round will be restarted.",Aligari,https://dl.airtable.com/.attachments/9db5a75adf273675c3f566341c0fcdee/6f49c843/EFZ_Logo1.png,,PC-Caster
EFZ - SA/SUD - (PC-Caster),Eternal Fighter Zero,EFZ,EFZ,SA/SUD,"Chile, Argentina, Perú, Paraguay, Uruguay & Bolivia",https://www.start.gg/tournament/vortex-gallery-online-2023/event/eternal-fighter-zero-sud/overview,,32,,,,Double Elimination,,,,,,,,,Onemi,https://dl.airtable.com/.attachments/9db5a75adf273675c3f566341c0fcdee/6f49c843/EFZ_Logo1.png,,PC-Caster
FOA - NA+EU - (PC-Steam),Fight of Animals,FoA,FOA,"NA, EU",,https://www.start.gg/tournament/vortex-gallery-online-2023/event/fight-of-animals-na-eu/overview,,,,,,Double Elimination,,,,,,,,,Shiburizu,https://dl.airtable.com/.attachments/bce45da680185e12b78a1bd66b48478b/580cf0fa/FightofAnimals.png,,PC-Steam
FOS - NA+EU - (PC-Steam),Fight of Steel: Infinity Warrior,FoS,FOS,"NA, EU",,https://www.start.gg/tournament/vortex-gallery-online-2023/event/fight-of-steel-na-eu/overview,,,,,,Double Elimination,,,,,,,,,Shiburizu,https://dl.airtable.com/.attachments/1eb6483a056e2a2238b16af0f35993c6/be2d6ae7/FOS_Logo.png,,PC-Steam
GOF2 - ALL - (PC-Parsec),Glove on Fight 2: Gleam of Force,GOF2,GOF2,ALL,,https://www.start.gg/tournament/vortex-gallery-online-2023/event/glove-on-fight-2-gleam-of-force/overview,,,,,,,,,,,,,,,Fade,https://dl.airtable.com/.attachments/ecede706438da7854764e4037a82815b/bf10e20e/GOF2_Logo.png,,PC-Parsec
GBVS - NA/WC - (PC-Steam),Granblue Fantasy Versus,Granblue,GBVS,NA/WC,"(USA: Alaska, Arizona, California, Colorado, Hawaii, Idaho,
Kansas, Montana, Nebraska, Nevada, New Mexico, North Dakota, Oklahoma, Oregon, South Dakota, Texas, Utah, Washington, Wyoming. 
Canada: British Columbia, Yukon, Northwest
Territories, Alberta, Saskatchewan, Manitoba, Nunavut)",https://www.start.gg/tournament/vortex-gallery-online-2023/event/granblue-fantasy-versus-na-wc/overview,$0,,,50/25/15/10,Region + Skill,Double Elimination,2/3,2/3,Top 3,"3/5 Games for Losers Finals,3/5 Games for Winners Finals,3/5 Games for Grand Finals",,Winner must keep character. Loser may switch.,,,GTek,https://dl.airtable.com/.attachments/9debac6c75059916e34cae42b25aa19e/92442f50/Granblue-Fantasy-Versus-logo.png,,PC-Steam
GBVS - NA/EC - (PC-Steam),Granblue Fantasy Versus,Granblue,GBVS,NA/EC,"(USA: Alabama, Arkansas, Connecticut, Delaware, District
of Columbia, Florida, Georgia, Illinois, Indiana, Iowa, Kentucky, Louisiana, Maine, Maryland,
Massachusetts, Michigan, Minnesota, Mississippi, Missouri, New Hampshire, New Jersey,
New York, North Carolina, Ohio, Pennsylvania, Rhode Island, South Carolina, Tennessee,
Vermont, Virginia, West Virginia, Wisconsin. Canada: New Brunswick, Newfoundland and
Labrador, Nova Scotia, Ontario, Prince Edward Island, Quebec)",https://www.start.gg/tournament/vortex-gallery-online-2023/event/granblue-fantasy-versus-na-ec/overview,$0,,,50/25/15/10,Skill,Double Elimination,2/3,2/3,Top 3,"3/5 Games for Losers Finals,3/5 Games for Winners Finals,3/5 Games for Grand Finals",,Winner must keep character. Loser may switch.,,,GTek,https://dl.airtable.com/.attachments/9debac6c75059916e34cae42b25aa19e/92442f50/Granblue-Fantasy-Versus-logo.png,,PC-Steam
GBVS - SA/SUD - (PC-Steam),Granblue Fantasy Versus,Granblue,GBVS,SA/SUD,,https://www.start.gg/tournament/vortex-gallery-online-2023/event/granblue-fantasy-versus-sud/overview,,,,,,,,,,,,,,,MIX Dark,https://dl.airtable.com/.attachments/9debac6c75059916e34cae42b25aa19e/92442f50/Granblue-Fantasy-Versus-logo.png,,PC-Steam
GGST - SA/SUD - (PC-Steam),Guilty Gear -STRIVE-,Strive,GGST,SA/SUD,,https://www.start.gg/tournament/vortex-gallery-online-2023/event/guilty-gear-strive-sud/overview,,,,,,Double Elimination,,,,,,,,,Salazio,https://dl.airtable.com/.attachments/0379c506099e4317174884d45ad6b288/f4dbcc1c/GuiltyGear-STRIVE-logo-white.png,,PC-Steam
GGST - SA/BR - (PC-Steam),Guilty Gear -STRIVE-,Strive,GGST,SA/BR,,https://www.start.gg/tournament/vortex-gallery-online-2023/event/guilty-gear-strive-br/overview,,,,,,Double Elimination,,,,,,,,,Zate,https://dl.airtable.com/.attachments/0379c506099e4317174884d45ad6b288/f4dbcc1c/GuiltyGear-STRIVE-logo-white.png,,PC-Steam
GGI - NA - (PC-Fightcade),Guilty Gear Isuka,Isuka,GGI,NA,,https://www.start.gg/tournament/vortex-gallery-online-2023/event/guilty-gear-isuka-2v2-na,,,,,,Double Elimination,,,,,,,,,Mech,https://dl.airtable.com/.attachments/8a1eb634083918d946d0478ffb78ae96/3e925945/GGIsuka_Logo.png,,PC-Fightcade
GGXRD - OCE - (PC-Steam),Guilty Gear Xrd REV 2,Rev 2,GGXRD,OCE,"Australia, New Zealand
Other countries listed within the Oceania region (i.e New Caledonia, Papua New Guinea) may be allowed pending connection tests.",https://www.start.gg/tournament/vortex-gallery-online-2023/event/guilty-gear-xrd-rev2-oce/overview,,None,,,,Double Elimination,2/3,2/3,Top 8,"3/5 Games for Winners Finals,3/5 Games for Losers Finals,3/5 Games for Grand Finals",,Winner must keep character. Loser may switch.,,"In the event of a game crash or disconnect, scoring will be kept for games & rounds, and the current round will be restarted.",Firery,https://dl.airtable.com/.attachments/4e1f36a9e166f9b2c22ee81f94405a02/ad770543/Guilty-Gear-Xrd-Rev-2-logo.png,,PC-Steam
GGXRD - EU - (PC-Steam),Guilty Gear Xrd REV 2,Rev 2,GGXRD,EU,,https://www.start.gg/tournament/vortex-gallery-online-2023/event/guilty-gear-xrd-rev2-eu/overview,,128,,50/30/20,Skill,Double Elimination,2/3,2/3,Top 8,"3/5 Games for Winners Finals,3/5 Games for Losers Finals,3/5 Games for Grand Finals",,Winner must keep character. Loser may switch.,,"In the event of a game crash or disconnect, scoring will be kept for games & rounds, and the current round will be restarted.",Antser,https://dl.airtable.com/.attachments/4e1f36a9e166f9b2c22ee81f94405a02/ad770543/Guilty-Gear-Xrd-Rev-2-logo.png,,PC-Steam
GGACPR - NA - (PC-Steam),Guilty Gear XX Accent Core Plus R,+R,GGACPR,NA,,https://www.start.gg/tournament/vortex-gallery-online-2023/event/guilty-gear-xx-accent-core-plus-r-na/overview,,None,,60/30/10,Region + Skill,Double Elimination,2/3,2/3,Top 8,"3/5 Games for Winners Finals,3/5 Games for Losers Finals,3/5 Games for Grand Finals",,Winner must keep character. Loser may switch.,No activating Aba Danzai Glitch pre match.,,"Mech,Aligari",https://dl.airtable.com/.attachments/5a69cc478ce0d702fe91d9f10bb4c114/75bbcc2c/Guilty-Gear-XX-Accent-Core-Plus-R-logo.png,,PC-Steam
GGACPR - EU - (PC-Steam),Guilty Gear XX Accent Core Plus R,+R,GGACPR,EU,"Albania, Andorra, Austria, Belarus, Belgium, Bosnia and Herzegovina, Bulgaria, Croatia, Cyprus, Czechia, Denmark, Estonia, Finland, France, Germany, Greece, Hungary, Iceland, Ireland, Italy, Kazakhstan, Kosovo, Latvia, Liechtenstein, Lithuania, Luxembourg, Malta, Moldova, Monaco, Montenegro, Netherlands, North Macedonia, Norway, Poland, Portugal, Romania, San Marino, Serbia, Slovakia, Slovenia, Spain, Sweden, Switzerland, Turkey, Ukraine, United Kingdom, Vatican City (Holy See)

Following countries can test in on a case-by-case basis:
Algeria, Armenia, Azerbaijan, Bahrain, Egypt, Georgia, Iceland, Iran, Iraq, Israel, Jordan, Kuwait, Lebanon, Libya, Morocco, Oman, Palestine, Russia, Saudi Arabia, Syria, Tunisia, United Arab Emirates, Yemen",https://www.start.gg/tournament/vortex-gallery-online-2023/event/guilty-gear-xx-accent-core-plus-r-eu/overview,$0,64,,50/30/20,Skill,Double Elimination,2/3,2/3,Top 8,"3/5 Games for Winners Finals,3/5 Games for Losers Finals,3/5 Games for Grand Finals",,Winner must keep character. Loser may switch.,No activating Aba Danzai Glitch pre match.,,Antser,https://dl.airtable.com/.attachments/5a69cc478ce0d702fe91d9f10bb4c114/75bbcc2c/Guilty-Gear-XX-Accent-Core-Plus-R-logo.png,,PC-Steam
GGACPR - JP - (PC-Steam),Guilty Gear XX Accent Core Plus R,+R,GGACPR,JP,Japan,https://www.start.gg/tournament/vortex-gallery-online-2023/event/guilty-gear-xx-accent-core-plus-r-japan/overview,,,,,Skill,Double Elimination,2/3,2/3,Top 8,"3/5 Games for Winners Finals,3/5 Games for Losers Finals,3/5 Games for Grand Finals",,Winner must keep character. Loser may switch.,No activating Aba Danzai Glitch pre match.,,Mech,https://dl.airtable.com/.attachments/5a69cc478ce0d702fe91d9f10bb4c114/75bbcc2c/Guilty-Gear-XX-Accent-Core-Plus-R-logo.png,,PC-Steam
GGACPR - OCE - (PC-Steam),Guilty Gear XX Accent Core Plus R,+R,GGACPR,OCE,"Australia, New Zealand
Other countries listed within the Oceania region (i.e New Caledonia, Papua New Guinea) may be allowed pending connection tests.",https://www.start.gg/tournament/vortex-gallery-online-2023/event/guilty-gear-xx-accent-core-plus-r-oceania/overview,,None,,,,Double Elimination,2/3,2/3,Top 8,"3/5 Games for Winners Finals,3/5 Games for Losers Finals,3/5 Games for Grand Finals",,Winner must keep character. Loser may switch.,No activating Aba Danzai Glitch pre match.,,Firery,https://dl.airtable.com/.attachments/5a69cc478ce0d702fe91d9f10bb4c114/75bbcc2c/Guilty-Gear-XX-Accent-Core-Plus-R-logo.png,,PC-Steam
GGACPR - SEA - (PC-Steam),Guilty Gear XX Accent Core Plus R,+R,GGACPR,SEA,,https://www.start.gg/tournament/vortex-gallery-online-2023/event/guilty-gear-xx-accent-core-plus-r-sea/overview,,,,,,Double Elimination,,,,,,,,,VGD,https://dl.airtable.com/.attachments/5a69cc478ce0d702fe91d9f10bb4c114/75bbcc2c/Guilty-Gear-XX-Accent-Core-Plus-R-logo.png,,PC-Steam
JCFF - ALL - (PC-Fightcade),Jackie Chan in Fists of Fire,Jackie Chan,JCFF,ALL,,https://www.start.gg/tournament/vortex-gallery-online-2023/event/jackie-chan-in-fists-of-fire-global/overview,,,,,,Double Elimination,2/3,3/5,,"3/5 Games for Winners Finals,3/5 Games for Losers Finals,3/5 Games for Grand Finals",,Winner must keep character. Loser may switch.,,,Gyaru,https://dl.airtable.com/.attachments/0cda2a84cb7527b69186bad0117e93e7/3fc0053a/Jackie-Chan-in-Fists-of-Fire-logo.png,"All boss characters banned except Shadow Yeung, Black Sam, Dirty Maree, and Hyper Spiritual Kung Fu Jackie. ",PC-Fightcade
JJBAASBR - NA - (PC-Parsec),JoJo's Bizarre Adventure: All Star Battle R,JJBA ASBR,JJBAASBR,NA,,https://www.start.gg/tournament/vortex-gallery-online-2023/event/jojo-s-bizarre-adventure-all-star-battle-r-na/overview,,32,,,,Double Elimination,,,,,,,,,Gyaru,https://dl.airtable.com/.attachments/ac3258468a32e2a9cd1eee81ce2e5b86/27bffbe5/JJBA-ASBR_Logo.png,,PC-Parsec
HFTF - NA - (PC-Fightcade),JoJo's Bizarre Adventure: Heritage for the Future,JJBA Heritage,HFTF,NA,,https://www.start.gg/tournament/vortex-gallery-online-2023/event/jojo-s-bizarre-adventure-heritage-for-the-future-na/overview,,,,,,Double Elimination,,,,,,,,,BiLL,https://dl.airtable.com/.attachments/d1d1b1c80c63aca737d5c69970766892/415edd88/Jojos-Bizarre-Adventure-Heritage-For-The-Future-logo.png,,PC-Fightcade
KLK - NA+SA - (PC-Steam),Kill La Kill -IF Restitched,Kill La Kill,KLK,"NA, SA",,https://www.start.gg/tournament/vortex-gallery-online-2023/event/kill-la-kill-if-na/overview,,None,,60/30/10,,Double Elimination,2/3,2/3,Top 4,"3/5 Games for Winners Finals,3/5 Games for Losers Finals,3/5 Games for Grand Finals","Game will be played on the steam modded version know as KLKIF: Restitched

Time: 180 Seconds

Round Format: 2/3, 3/5 for Winner's Loser's and Grand Finals

Stage Selection Rules: 

Game 1: Polling Grounds OR Natural Election Stadium

Game 2: Loser of previous round selects the next map. Winner of round is allowed to ban one map. 

Game 3-5 (if necessary): Follow same rules as round 2

Loser of previous round is allowed to swap characters. Winner is required to stick to their character.",Winner must keep character. Loser may switch.,,,IronFoxfire,https://dl.airtable.com/.attachments/85bfdc4fe9f4620d5468941d3c5d93e0/6759517c/klkifr.png,Story characters are banned. Patch will be played on Restitched version 1.2 https://www.youtube.com/watch?v=6q5TCr-TsNo&t=1s,PC-Steam
MajSoul - ALL - (PC),Mahjong Soul,MajSoul,MajSoul,ALL,,https://www.start.gg/tournament/vortex-gallery-online-2023/event/mahjong-soul-global/overview,,,,,,,,,,,,,,,Aranlyde,https://dl.airtable.com/.attachments/ba96d8c86170472852075da2d386b723/fc61802b/Mahjong-Soul-logo.png,,PC
MBAACC - NA - (PC-Caster),Melty Blood Actress Again Current Code,Melty Blood AACC,MBAACC,NA,,https://www.start.gg/tournament/vortex-gallery-online-2023/event/melty-blood-actress-again-current-code-na/overview,,128,,,,Double Elimination,2/3,2/3,Top 8,"3/5 Games for Winners Finals,3/5 Games for Losers Finals,3/5 Games for Grand Finals","Matches will be played on Caster, not Steam, unless unresolvable controller issues arise.

In the event of a crash or technical difficulties, the game will be reset up to the previous round count, at which point the match will resume.

Loser may change character on loss, winner may change moon on win.",Winner must keep character. Loser may switch.,,"In the event of a game crash or disconnect, scoring will be kept for games & rounds, and the current round will be restarted.",DJCream,https://dl.airtable.com/.attachments/c1e4e6a1d860f218ee6f014077911b8d/b5d90fb4/Melty-Blood-Actress-Again-Current-Code-logo_png.png,,PC-Caster
MBAACC - SEA - (PC-Caster),Melty Blood Actress Again Current Code,Melty Blood AACC,MBAACC,SEA,,https://www.start.gg/tournament/vortex-gallery-online-2023/event/melty-blood-actress-again-current-code-sea/overview,,,,,,Double Elimination,,,,,,,,,VGD,https://dl.airtable.com/.attachments/c1e4e6a1d860f218ee6f014077911b8d/b5d90fb4/Melty-Blood-Actress-Again-Current-Code-logo_png.png,,PC-Caster
MBAACC - LAN - (PC-Caster),Melty Blood Actress Again Current Code,Melty Blood AACC,MBAACC,LAN,,https://www.start.gg/tournament/vortex-gallery-online-2023/event/melty-blood-actress-again-current-code-lan/overview,,,,,,Double Elimination,2/3,2/3,Top 8,"3/5 Games for Losers Finals,3/5 Games for Winners Finals,3/5 Games for Grand Finals",,Winner must keep character. Loser may switch.,,,Shiburizu,https://dl.airtable.com/.attachments/c1e4e6a1d860f218ee6f014077911b8d/b5d90fb4/Melty-Blood-Actress-Again-Current-Code-logo_png.png,,PC-Caster
MBAACC - SA/BR - (PC-Caster),Melty Blood Actress Again Current Code,Melty Blood AACC,MBAACC,SA/BR,Brazil only ,https://www.start.gg/tournament/vortex-gallery-online-2023/event/melty-blood-actress-again-current-code-br/overview,,None,,50/30/20,Skill,Double Elimination,2/3,3/5,Top 8,"3/5 Games for Losers Finals,3/5 Games for Winners Finals",,Winner must keep character. Loser may switch.,,,c0ruj4,https://dl.airtable.com/.attachments/c1e4e6a1d860f218ee6f014077911b8d/b5d90fb4/Melty-Blood-Actress-Again-Current-Code-logo_png.png,,PC-Caster
MBAACC - SA/SUD - (PC-Caster),Melty Blood Actress Again Current Code,Melty Blood AACC,MBAACC,SA/SUD,"Argentina, Chile, Uruguay, Bolivia, Paraguay, Perú, Ecuador",https://www.start.gg/tournament/vortex-gallery-online-2023/event/melty-blood-actress-again-current-code-sud/overview,,None,,60/30/10,Skill,Double Elimination,2/3,2/3,Top 8,"3/5 Games for Losers Finals,3/5 Games for Winners Finals,3/5 Games for Grand Finals",,Winner must keep character. Loser may switch.,-Infinite Hime flight glitch is banned and will result in a lost game.,,CancerisR,https://dl.airtable.com/.attachments/c1e4e6a1d860f218ee6f014077911b8d/b5d90fb4/Melty-Blood-Actress-Again-Current-Code-logo_png.png,,PC-Caster
MBTL - NA - (PC-Steam),Melty Blood: Type Lumina,Lumina,MBTL,NA,,https://www.start.gg/tournament/vortex-gallery-online-2023/event/melty-blood-type-lumina-na/overview,,128,,,,Double Elimination,,,,,,,,,DJCream,https://dl.airtable.com/.attachments/9cbbbaaaf331011d8eea9f54bda082c3/adf1d47c/fv_title_13568e059c5ebdd2da48d6de2537caf1.png,,PC-Steam
MBTL - OCE - (PC-Steam),Melty Blood: Type Lumina,Lumina,MBTL,OCE,"Australia, New Zealand
Other countries listed within the Oceania region (i.e New Caledonia, Papua New Guinea) may be allowed pending connection tests.",https://www.start.gg/tournament/vortex-gallery-online-2023/event/melty-blood-type-lumina-oce/overview,,None,,,,Double Elimination,2/3,,,,,,,,Firery,https://dl.airtable.com/.attachments/9cbbbaaaf331011d8eea9f54bda082c3/adf1d47c/fv_title_13568e059c5ebdd2da48d6de2537caf1.png,,PC-Steam
MBTL - SA/SUD - (PC-Steam),Melty Blood: Type Lumina,Lumina,MBTL,SA/SUD,,https://www.start.gg/tournament/vortex-gallery-online-2023/event/melty-blood-type-lumina-sud/overview,,,,,,Double Elimination,,,,,,,,,Salazio,https://dl.airtable.com/.attachments/9cbbbaaaf331011d8eea9f54bda082c3/adf1d47c/fv_title_13568e059c5ebdd2da48d6de2537caf1.png,,PC-Steam
MBTL - SEA - (PC-Steam),Melty Blood: Type Lumina,Lumina,MBTL,SEA,,https://www.start.gg/tournament/vortex-gallery-online-2023/event/melty-blood-type-lumina-sea/overview,,,,,,Double Elimination,,,,,,,,,"VGD,Gasbux_",https://dl.airtable.com/.attachments/9cbbbaaaf331011d8eea9f54bda082c3/adf1d47c/fv_title_13568e059c5ebdd2da48d6de2537caf1.png,,PC-Steam
MBON - NA - (PS4),Mobile Suit Gundam Extreme VS Maxiboost ON,Gundam EXVS MBON,MBON,NA,,https://www.start.gg/tournament/vortex-gallery-online-2023/event/gundam-mbon-na/overview,,,,,,Double Elimination,N/A,2/3,Top 8,"3/5 Games for Winners Finals,3/5 Games for Losers Finals,3/5 Games for Grand Finals","Timer: 240 Seconds.
Stage: Side 7.

RANDOM ALL may be chosen, but the player who picks RANDOM ALL must be RANDOM ALL for the entire tournament.  In the case of RANDOM FAVORITES, if a player wins a game in a set, that player must manually pick the suit and Burst type they won on.

",Winner must keep character. Loser may switch.,,,Bulletprccf,https://dl.airtable.com/.attachments/416c25347e944f73dab89bc4419bed25/af1694be/Gundam-EXVS-MBON-logo.png,"Blind pick for suits is enforced upon request - see a staff member on-site. In the case of a timeout, the team with the higher total point score takes the game.",PS4
MBON - OCE - (PS4),Mobile Suit Gundam Extreme VS Maxiboost ON,Gundam EXVS MBON,MBON,OCE,"Australia, New Zealand
Other countries listed within the Oceania region (i.e New Caledonia, Papua New Guinea) may be allowed pending connection tests.",https://www.start.gg/tournament/vortex-gallery-online-2023/event/gundam-mbon-oceania/overview,,None,,,,Double Elimination,N/A,2/3,Top 8,"3/5 Games for Winners Finals,3/5 Games for Losers Finals,3/5 Games for Grand Finals","Timer: 240 Seconds.
Stage: Side 7.

RANDOM ALL may be chosen, but the player who picks RANDOM ALL must be RANDOM ALL for the entire tournament.  In the case of RANDOM FAVORITES, if a player wins a game in a set, that player must manually pick the suit and Burst type they won on.

",Winner must keep character. Loser may switch.,,,Firery,https://dl.airtable.com/.attachments/416c25347e944f73dab89bc4419bed25/af1694be/Gundam-EXVS-MBON-logo.png,"Blind pick for suits is enforced upon request - see a staff member on-site. In the case of a timeout, the team with the higher total point score takes the game.",PS4
NASB - NA/WC - (PC-Steam),Nickelodeon All-Star Brawl,Nickelodeon,NASB,NA/WC,,https://www.start.gg/tournament/vortex-gallery-online-2023/event/nickelodeon-all-star-brawl-na-wc/overview,,,,,Skill,Double Elimination,N/A,2/3,Top 8,"3/5 Games for Winners Finals,3/5 Games for Losers Finals,3/5 Games for Grand Finals","Game settings: 4 stock. 6 minutes.

Starters: Jellyfish Fields, Sweet Dreams, Rooftop Rumble
Counterpicks: Tremorton Joyride, Irken Armada Invasion, Harmonic Convergence, Sewers Slam

Game 1: Players pick characters first (use x!doubleblind if needed). One player bans one starter. The other player picks from the remaining starters.

After Game 1: Winner chooses character. Loser chooses character. Winner bans two stages. Loser picks a stage (MDSR).",Winner & Loser may switch.,,,HeyVictor,https://dl.airtable.com/.attachments/9d240875fa9b5c2597c9bcb5d09f409d/3832b551/NASB.png,,PC-Steam
NASB - NA/EC - (PC-Steam),Nickelodeon All-Star Brawl,Nickelodeon,NASB,NA/EC,,https://www.start.gg/tournament/vortex-gallery-online-2023/event/nickelodeon-all-star-brawl-na-ec/overview,,32,,,Skill,Double Elimination,,2/3,Top 8,"3/5 Games for Winners Finals,3/5 Games for Losers Finals,3/5 Games for Grand Finals","Game settings: 4 stocks, 6 minutes

Starter: Jellyfish Felds, Rooftop Rumble, Irken Armada Invasion, Sweet Dreams, Duck Duck Pie
Counterpick: Sewer Slam, Tremorton Joyride Royal Woods Cemetery 

Game 1: Double-Blind character selection before stages. 1-2-1 striking. 
After Game 1: Winner picks character. then loser picks character. Winner gets 1 stage ban in b05 and 2 bans in b03.
Loser Picks a remaining stage.
DSR: You may not pick a stage you've won on.",Winner & Loser may switch.,,,HeyVictor,https://dl.airtable.com/.attachments/9d240875fa9b5c2597c9bcb5d09f409d/3832b551/NASB.png,,PC-Steam
P4U2 - NA+JP - (PS4),Persona 4 Ultimax,Persona,P4U2,"NA, JP",,https://www.start.gg/tournament/vortex-gallery-online-2023/event/persona-4-arena-ultimax-psn-na-jp/overview,,256,,,,Double Elimination,2/3,2/3,Top 8,"3/5 Games for Winners Finals,3/5 Games for Losers Finals,3/5 Games for Grand Finals","Random Stage, players may play on an agreed upon stage 
",Winner must keep character. Loser may switch.,Game breaking glitches are banned.,,Osugure,https://dl.airtable.com/.attachments/5f521081ecb24faaab2c1130ba53710c/df960a2c/P4ULogoFinal.png,,PS4
P4U2 - SA/SUD - (PC-Steam),Persona 4 Ultimax,Persona,P4U2,SA/SUD,,https://www.start.gg/tournament/vortex-gallery-online-2023/event/persona-4-arena-ultimax-sud/overview,,,,,,Double Elimination,2/3,2/3,Top 8,"3/5 Games for Winners Finals,3/5 Games for Losers Finals,3/5 Games for Grand Finals","Random Stage, players may play on an agreed upon stage 
",Winner must keep character. Loser may switch.,Game breaking glitches are banned.,,Salazio,https://dl.airtable.com/.attachments/5f521081ecb24faaab2c1130ba53710c/df960a2c/P4ULogoFinal.png,,PC-Steam
P4U2 - NA+EU - (PC-Steam),Persona 4 Ultimax,Persona,P4U2,"NA, EU",,https://www.start.gg/tournament/vortex-gallery-online-2023/event/persona-4-arena-ultimax-pc-na-eu/overview,,256,,,,Double Elimination,,,,,,,,,"Tabby,GrimFlash",https://dl.airtable.com/.attachments/5f521081ecb24faaab2c1130ba53710c/df960a2c/P4ULogoFinal.png,,PC-Steam
P4U2 - OCE - (PC-Steam),Persona 4 Ultimax,Persona,P4U2,OCE,"Australia, New Zealand
Other countries listed within the Oceania region (i.e New Caledonia, Papua New Guinea) may be allowed pending connection tests.",https://www.start.gg/tournament/vortex-gallery-online-2023/event/persona-4-arena-ultimax-oce/overview,,None,,,,Double Elimination,2/3,,,,,,,,Firery,https://dl.airtable.com/.attachments/5f521081ecb24faaab2c1130ba53710c/df960a2c/P4ULogoFinal.png,,PC-Steam
PBO - NA - (PC-Steam),Phantom Breaker Omnia,Phantom Breaker,PBO,NA,"Canada, Mexico, Continental US, HI & Alaska can test on a case-by-case basis",https://www.start.gg/tournament/vortex-gallery-online-2023/event/phantom-breaker-omnia-na,$0,None,,TBD,Skill,Double Elimination,2/3,2/3,Top 4,"3/5 Games for Winners Finals,3/5 Games for Losers Finals,3/5 Games for Grand Finals","Default Game settings: 2/3 Rounds, 90 second timer",Winner must keep character. Loser may switch.,,,Bloo,https://dl.airtable.com/.attachments/fb742d3b943e98afcb11f26c6a7446f7/964a7dd1/Phantom-Breaker-Omnia-Logo.png,"Winner must keep character, but may change perimeter and/or style between games. Loser can change character, perimeter and/or style between games.",PC-Steam
PBO - JP - (PS4),Phantom Breaker Omnia,Phantom Breaker,PBO,JP,,https://www.start.gg/tournament/vortex-gallery-online-2023/event/phantom-breaker-omnia-japan,,,,,,Double Elimination,,,,,,,,,"Bloo,ShinJay SHINJ4Y",https://dl.airtable.com/.attachments/fb742d3b943e98afcb11f26c6a7446f7/964a7dd1/Phantom-Breaker-Omnia-Logo.png,,PS4
PJ - ALL - (PC-Fightcade),Project Justice,PJ,PJ,ALL,Any country/state,https://www.start.gg/tournament/vortex-gallery-online-2023/event/project-justice-global/overview,$0,None,,60/30/10,Skill,Double Elimination,2/3,2/3,Top 8,"3/5 Games for Winners Finals,3/5 Games for Losers Finals,3/5 Games for Grand Finals",Default Game settings.,Winner must keep character. Loser may switch.,Floating in the air with Kyosuke is not allowed. You cannot exceed three loops for infinites. ,,ChairGTables,https://dl.airtable.com/.attachments/7b6c267356a5243e5086a7c8af92b754/3c6322b4/ProjectJustice.png,"Switching characters between in-game rounds is allowed, whether or not you win the round. Winner of each game must keep their characters the same, along with the same order. You are not allowed to set any of your buttons as a macro to perform a super move on the controls screen. The extra students / custom characters are not allowed to be used.",PC-Fightcade
RE - ALL - (PC-Fightcade),Red Earth,,RE,ALL,,https://www.start.gg/tournament/vortex-gallery-online-2023/event/red-earth-global/overview,,None,,N/A,Skill,Double Elimination,2/3,2/3,Top 8,"3/5 Games for Losers Finals,3/5 Games for Winners Finals,3/5 Games for Grand Finals",,Winner must keep character. Loser may switch.,,"If there is a connection problem during tournament, the wired player will be favored no matter what. If both or neither are on wifi, a lag check will be performed (who will perform it will be based on region).

If a decision cannot be reached, a coin toss will be performed.","GhostShroom,MelvinIsANiceBoy",https://dl.airtable.com/.attachments/12b3d8e53ebf3b9265a096f315f1de32/b564b17b/RE_Logo.png,"If you are being streamed, wait until you are on stream to play. Reset using f3 until you are being spectated by the streamer.",PC-Fightcade
SM2 - NA+SA - (PC-Fightcade),Ring of Destruction: Slam Masters II,RingDest,SM2,"NA, SA","Canada, US, HI, AK, Mexico, CenAm, SA",https://www.start.gg/tournament/vortex-gallery-online-2023/event/ring-of-destruction-slam-masters-2/overview,,,,,,Double Elimination,,,,,,Winner must keep character. Loser may switch.,,,PolarBair,https://dl.airtable.com/.attachments/4f2eb19bea5c865d747092f7f0ca6d57/ea72b908/Ring-of-Destruction-Slam-Masters-II_logo.png,,PC-Fightcade
ROA - EU - (PC-Steam),Rivals of Aether,Rivals,ROA,EU,"Europe. Middle east allowed, but will be considered at fault in case of high ping.",https://www.start.gg/tournament/vortex-gallery-online-2023/event/rivals-of-aether-eu/overview,$0,None,,TBD,Skill,Double Elimination,N/A,3/5,,"3/5 Games for Grand Finals,3/5 Games for Winners Finals,3/5 Games for Losers Finals",Default settings,Winner must keep character. Loser may switch.,,,Frik,https://dl.airtable.com/.attachments/4a07abaef1b022d72813cebf2f74c6d3/a61fc16c/logo-rivals-pixel.png,,PC-Steam
ROAW - ALL - (PC-Steam),Rivals of Aether Workshop,Rivals Workshop,ROAW,ALL,,https://www.start.gg/tournament/vortex-gallery-online-2023/event/rivals-of-aether-workshop-na/overview,,None,,60/30/10,Region + Skill,Double Elimination,N/A,2/3,Top 8,"3/5 Games for Grand Finals,3/5 Games for Winners Finals,3/5 Games for Losers Finals",-Workshop: On,Winner & Loser may switch.,,,InnerOtaku/EckS,https://dl.airtable.com/.attachments/93cdfd08a48f91f5b56809473e4ea135/214d5a8f/ae_4_nobg.png,,PC-Steam
SS7 - ALL - (Xbox Series),Samurai Shodown,SS7,SS7,ALL,,https://www.start.gg/tournament/vortex-gallery-online-2023/event/samurai-shodown-2019-global/overview,$0,32,,TBD,Region + Skill,Double Elimination,2/3,2/3,Top 8,"3/5 Games for Winners Finals,3/5 Games for Losers Finals,3/5 Games for Grand Finals",,Winner must keep character. Loser may switch.,,,Ke11y Ann,https://dl.airtable.com/.attachments/fafe5864f621489b9cdc0315770f8d18/2d45652e/samurai_shodown_7_logo.png,,Xbox Series
SS3 - ALL - (PC-Fightcade),Samurai Shodown 3,SamSho3,SS3,ALL,,https://www.start.gg/tournament/vortex-gallery-online-2023/event/samurai-shodown-iii-global/overview,,None,,60/30/10,,Double Elimination,,,,,,,,,PolarBair,https://dl.airtable.com/.attachments/e6790f19526b2e7007deaa2d785286b9/5a56beef/SSH3_logo2.webp,,PC-Fightcade
SSVSP - NA+SA - (PC-Fightcade),Samurai Shodown V Special,SSVSP,SSVSP,"NA, SA",,https://www.start.gg/tournament/vortex-gallery-online-2023/event/samurai-shodown-v-special-na-sa/overview,,,,,,,,,,,,,,,sugar bear,https://dl.airtable.com/.attachments/64913bdde58abb4d75ef99e718de7fa7/faa4f0b7/samshovsplogo.png,,PC-Fightcade
SSVI - NA - (PC-Fightcade),Samurai Shodown VI,SS6,SSVI,NA,"Canada, Mexico, Continental US, Puerto Rico, HI & Alaska can test in on a case-by-case basis.",https://www.start.gg/tournament/vortex-gallery-online-2023/event/samurai-shodown-vi-na/overview,$0,,,50/30/20,Random,Double Elimination,2/3,2/3,Top 8,"3/5 Games for Losers Finals,3/5 Games for Winners Finals,3/5 Games for Grand Finals",,Winner must keep character. Loser may switch.,The OTG glitch infinites (such as Mizuki and Gaira’s looping command grab) are not allowed.,,Toast Rider,https://dl.airtable.com/.attachments/a46cca238f7cba0ac4afbaabc28c0b10/51116c47/SS6_Logo.png,,PC-Fightcade
SG - SA/BR - (PC-Steam),Skullgirls: 2nd Encore+,Skullgirls,SG,SA/BR,,https://www.start.gg/tournament/vortex-gallery-online-2023/event/skullgirls-2nd-encore-brazil/overview,,,,,,Double Elimination,,,,,,,,,Kinomot0,https://dl.airtable.com/.attachments/aa69c333eb8e0bbd45dd1de61c27f471/de799184/Skullgirls-2nd-Encore-logo.png,,PC-Steam
SG - NA - (PC-Steam),Skullgirls: 2nd Encore+,Skullgirls,SG,NA,,https://www.start.gg/tournament/vortex-gallery-online-2023/event/skullgirls-2nd-encore-na/overview,,,,,,Double Elimination,,,,,,,,,Osugure,https://dl.airtable.com/.attachments/aa69c333eb8e0bbd45dd1de61c27f471/de799184/Skullgirls-2nd-Encore-logo.png,,PC-Steam
SG - OCE - (PC-Steam),Skullgirls: 2nd Encore+,Skullgirls,SG,OCE,"Australia, New Zealand
Other countries listed within the Oceania region (i.e New Caledonia, Papua New Guinea) may be allowed pending connection tests.",https://www.start.gg/tournament/vortex-gallery-online-2023/event/skullgirls-2nd-encore-oce/overview,,None,,,,Double Elimination,3/5,3/5,,3/5 Games for All Sets,,,,,Firery,https://dl.airtable.com/.attachments/aa69c333eb8e0bbd45dd1de61c27f471/de799184/Skullgirls-2nd-Encore-logo.png,,PC-Steam
SCVI - NA - (PC-Parsec),Soulcalibur VI,SC6,SCVI,NA,,https://www.start.gg/tournament/vortex-gallery-online-2023/event/soulcalibur-vi-na/overview,,128,,60/30/10,Region + Skill,Double Elimination,3/5,2/3,Top 8,"3/5 Games for Winners Finals,3/5 Games for Losers Finals,3/5 Games for Grand Finals","⦁ Round Count: 3

⦁ Battle Time: 60 seconds

⦁ Battle Mode: Standard

⦁ Pause Menu: Hold Only 

⦁ Character restrictions: Creation custom characters and Inferno are banned",Winner must keep character. Loser may switch.,,"In the event of a game crash or disconnect, scoring will be kept for games & rounds, and the current round will be restarted.",SabinDeus,https://dl.airtable.com/.attachments/0fa2203472a9deea5e4ea5067d886fea/d184f024/soul_calibur_vi_logo.png,"Match Rules
During a Match Set, the winner of a Match must comply with the following “Winner Lock Rules”: 
(i) during the first Match Set, each Player selects their character and the stage is selected at random; 
(ii) after a Match, the winner is ""locked"" into their character and they are not permitted to switch their character until/unless they lose a subsequent Match;
(iii) a loser of a Match may rematch with the current characters and stage, rematch with the current characters and a new random stage, or return to character select to choose a new character and new random stage.

Player Options
Prior to commencement of a Match Set, Players may exercise the following options:
⦁ Side Selection. Players may mutually agree who plays as Player 1 side or Player 2 side at the start of a Match Set. If Players cannot agree on this, they will play a Best-of-One Rock-Paper-Scissors to determine who will pick their preference first. Players will play out the entirety of the Match Set with this selection.
⦁ Blind Pick. Players may request a Blind Pick for character selection. “Blind Pick” means that, prior to the first Match, Players will each tell a Tournament Organizer staff member, in secret, their characters selection for the first Match. Players will then select their characters with the Tournament Organizer staff member validating their selections. If a Player purposely does not select the character they told the Tournament Organizer staff member, that Player will forfeit the Match.
⦁ Button Check. Players may request to do a “button check” to check the proper functionality of their controller with a test match before the official start of a Match Set.


Double K.O.
In the event of a tied Match declared by a Double K.O. on the Game screen, the Match will not be scored and both Players will replay the tied Match with the same character selections.

During Grand Finals, if the Player in the Loser's bracket wins, it sends the Player in Winners Bracket to Losers, triggering a ""Reset"". This Reset Match is considered a new Match for all intents and purposes, including Winner character choice lock and stage randomization.

Button Binds
Sequence mapping is banned. A Player may not program functions on a controller using methods outside the basic functions of the Game, including, but not limited to, programmable and turbo controllers.

Tournament Entry Fee Allocation
50% of the tournament entry fee proceeds will be used to compensate commentary and support staff for the tournament.
The remaining 50% will be added to the prize pool and be split between the Top 8 finalists. The total pot, including the $1000 pot bonus and the Matcherino will be split using a 42/20/13/7/5/5/4/4 breakdown.",PC-Parsec
SPLAT3 - NA - (Switch),Splatoon 3,Splat3,SPLAT3,NA,"Canada, Mexico, Continental US, HI & Alaska  are all allowed in addition to north america",https://www.start.gg/tournament/vortex-gallery-online-2023/event/splatoon-3-na/overview,,32,,TBD,Region + Skill,Double Elimination,2/3,2/3,Top 8,"3/5 Games for Winners Finals,3/5 Games for Grand Finals,3/5 Games for Losers Finals","'- Splat Zones Only
- All maps are allowed
- Game 1 is randomized stage (Splat3 has in-game random stage selection)
- Loser counterpicks map
- You may not select a previously played map
- No weapon restrictions
- 4 players per team.",Winner & Loser may switch.,,"- Each team is allowed 1 DC per set

- The game will not be allowed to be redone if more than 2 minutes has passed OR the team without the DC is 50 units or closer to a KO.

- The team with a DC must stop playing and AFK in base to let the other team win as quickly as possible. If the team with a DC continues to play when the game should be recreated, the game will not be replayed.

-Teams must use the same weapon/gear on replays.",Manabe,https://dl.airtable.com/.attachments/adba6a3b468dad4f808863bc3c8278d6/8d228384/Splatoon-3_logo.png,"- 4 players per team.
- Team captains must post their switch friend code before tournament starts

Splatoon 3 has a feature where private battles may be ended early by anyone in the room. You can do this by holding ZL, ZR, L, R, right stick, and left stick for 3 seconds. This will stop the match mid-game.

You may do this only if the rules permit it, this includes:
Valid disconnects 
Your match was started on the wrong map/mode by mistake.
Canceling a battle for any reason not stated in the rules will result in you losing the match or be handled at the staff's discretion.
This is not a rage quit feature, abusing this feature will get your team disqualified.
If your match is streamed by staff, only the streamer may cancel a private battle.

",Switch
TVC - NA - (PC-Dolphin),Tatsunoko vs. Capcom Ultimate All-Stars,TvC,TVC,NA,,https://www.start.gg/tournament/vortex-gallery-online-2023/event/tatsunoko-vs-capcom-ultimate-all-stars-na/overview,,None,,,,Double Elimination,3/5,3/5,Top 4,"3/5 Games for Winners Finals,3/5 Games for Losers Finals,3/5 Games for Grand Finals",,Winner must keep character. Loser may switch.,,,KBeast,https://dl.airtable.com/.attachments/77570b604e74fd8940e2cde8818d5edc/3b929ade/Tatsunoko_vs_Capcom_logo.png,,PC-Dolphin
TMNTTF - NA - (PC-Steam),Teenage Mutant Ninja Turtles Tournament Fighters,TMNTTF,TMNTTF,NA,,https://www.start.gg/tournament/vortex-gallery-online-2023/event/teenage-mutant-ninja-turtles-tournament-fighters-na/overview,,64,,,Skill,Double Elimination,2/3,2/3,Top 4,"3/5 Games for Winners Finals,3/5 Games for Losers Finals,3/5 Games for Grand Finals",,Winner must keep character. Loser may switch.,,,Macc,https://dl.airtable.com/.attachments/cb0eab736b12780656e46efe624727cf/5b9911c6/TMNT-Tournament-Fighters-CE-logo.png,"There will be a seeding tournament, all that can't attend will be randomly seeded",PC-Steam
KOFXV - NA - (PC-Steam),The King of Fighters XV,KOFXV,KOFXV,NA,,https://www.start.gg/tournament/vortex-gallery-online-2023/event/the-king-of-fighters-xv-na/overview,,,,,,Double Elimination,,,,,,,,,Giby,https://dl.airtable.com/.attachments/aa103bafb57ea302585df5fddd993227/c8d562c2/King-of-Fighters-XV-logo.png,,PC-Steam
SOKU - SEA - (PC-Caster),Touhou 12.3 Hisoutensoku,Soku,SOKU,SEA,,https://www.start.gg/tournament/vortex-gallery-online-2023/event/touhou-hisoutensoku-sea/overview,,None,,50/30/20,Skill,Double Elimination,2/3,,Top 8,"3/5 Games for Grand Finals,2/3 Games for Losers Finals,2/3 Games for Winners Finals",,,,,VGD,https://dl.airtable.com/.attachments/451c611737002682f0df3d778b10113e/6e66c6e5/Hisoutensoku-logo.png,,PC-Caster
SOKU - NA+SA+EU - (PC-Caster),Touhou 12.3 Hisoutensoku,Soku,SOKU,"NA, SA, EU",,https://www.start.gg/tournament/vortex-gallery-online-2023/event/touhou-hisoutensoku-na-sa-eu/overview,,None,,,,Double Elimination,,,,,,,,,Aligari,https://dl.airtable.com/.attachments/451c611737002682f0df3d778b10113e/6e66c6e5/Hisoutensoku-logo.png,,PC-Caster
SOKU - OCE - (PC-Caster),Touhou 12.3 Hisoutensoku,Soku,SOKU,OCE,,https://www.start.gg/tournament/vortex-gallery-online-2023/event/touhou-hisoutensoku-oce/overview,,None,,,,Double Elimination,,,,,,,,,Firery,https://dl.airtable.com/.attachments/451c611737002682f0df3d778b10113e/6e66c6e5/Hisoutensoku-logo.png,,PC-Caster
UFDK - ALL - (PC-Steam),Ultra Fight Da ! Kyanta 2,Kyanta,UFDK,ALL,,https://www.start.gg/tournament/vortex-gallery-online-2023/event/ultra-fight-da-kyanta-2-global/overview,,None,,,,Double Elimination,N/A,3/5,Top 8,"3/5 Games for Winners Finals,3/5 Games for Losers Finals,3/5 Games for Grand Finals","3 out of 5

Double Elim

Any type + Ratio allowed

No switching characters or type on win, order and Ultra change are allowed.",Winner must keep character. Loser may switch.,,"In the event of a game crash or disconnect, scoring will be kept for games & rounds, and the current round will be restarted.","YFDHippo,Durdge-o",https://dl.airtable.com/.attachments/83dc13da29f2d8fb94450877e28a7320/9994988f/Ultra-Fight-Da-Kyanta-logo.png,,PC-Steam
UGF - SA/BR - (PC-Steam),Umineko: Golden Fantasia,Umineko,UGF,SA/BR,,https://www.start.gg/tournament/vortex-gallery-online-2023/event/umineko-golden-fantasia-br/overview,,None,,,,Double Elimination,,,,,,,,,Zate,https://dl.airtable.com/.attachments/08ba9cf09ff057448cb55f048057551f/73670f25/Umineko-logo.png,,PC-Steam
UNICLR - SA/BR - (PC-Steam),Under Night In-Birth Exe:Late [cl-r],UNI,UNICLR,SA/BR,,https://www.start.gg/tournament/vortex-gallery-online-2023/event/under-night-in-birth-exe-late-cl-r-brazil/overview,,None,,,,Double Elimination,2/3,2/3,Top 4,"3/5 Games for Winners Finals,3/5 Games for Losers Finals,3/5 Games for Grand Finals","'-Game Version: PS4

-Game Settings: Versus Mode, 2/3 Rounds, 2/3 Games, 3/5 Games for Winners Finals, Losers Finals & Grand Finals

-Loser may switch characters, winner is locked into the character they won with

-Random Stage, players may play on an agreed upon stage (If you pick Park I'm going to judge you)",Winner must keep character. Loser may switch.,No game breaking glitches,"In the event of a game crash or disconnect, scoring will be kept for games & rounds, and the current round will be restarted.",Zate,https://dl.airtable.com/.attachments/c0b9d3b2c1810617a1fafc89bad4ae4c/04d72fb4/Under-Night-In-Birth-Exe-Late-CLR-logo.png,,PC-Steam
UNICLR - NA/WC - (PC-Steam),Under Night In-Birth Exe:Late [cl-r],UNI,UNICLR,NA/WC,,https://www.start.gg/tournament/vortex-gallery-online-2023/event/under-night-in-birth-exe-late-cl-r-na-wc/overview,,64,,,,Double Elimination,2/3,2/3,Top 4,"3/5 Games for Winners Finals,3/5 Games for Losers Finals,3/5 Games for Grand Finals","'-Game Version: PS4

-Game Settings: Versus Mode, 2/3 Rounds, 2/3 Games, 3/5 Games for Winners Finals, Losers Finals & Grand Finals

-Loser may switch characters, winner is locked into the character they won with

-Random Stage, players may play on an agreed upon stage (If you pick Park I'm going to judge you)",Winner must keep character. Loser may switch.,No game breaking glitches,"In the event of a game crash or disconnect, scoring will be kept for games & rounds, and the current round will be restarted.",Tabby,https://dl.airtable.com/.attachments/c0b9d3b2c1810617a1fafc89bad4ae4c/04d72fb4/Under-Night-In-Birth-Exe-Late-CLR-logo.png,,PC-Steam
UNICLR - NA/EC - (PC-Steam),Under Night In-Birth Exe:Late [cl-r],UNI,UNICLR,NA/EC,,https://www.start.gg/tournament/vortex-gallery-online-2023/event/under-night-in-birth-exe-late-cl-r-na-ec/overview,,64,,,,Double Elimination,2/3,2/3,Top 4,"3/5 Games for Winners Finals,3/5 Games for Losers Finals,3/5 Games for Grand Finals","'-Game Version: PS4

-Game Settings: Versus Mode, 2/3 Rounds, 2/3 Games, 3/5 Games for Winners Finals, Losers Finals & Grand Finals

-Loser may switch characters, winner is locked into the character they won with

-Random Stage, players may play on an agreed upon stage (If you pick Park I'm going to judge you)",Winner must keep character. Loser may switch.,No game breaking glitches,"In the event of a game crash or disconnect, scoring will be kept for games & rounds, and the current round will be restarted.",Tabby,https://dl.airtable.com/.attachments/c0b9d3b2c1810617a1fafc89bad4ae4c/04d72fb4/Under-Night-In-Birth-Exe-Late-CLR-logo.png,,PC-Steam
UNICLR - Chile - (PC-Steam),Under Night In-Birth Exe:Late [cl-r],UNI,UNICLR,Chile,Chile Only,https://www.start.gg/tournament/vortex-gallery-online-2023/event/under-night-in-birth-exe-late-cl-r-chile/overview,,None,,,,Double Elimination,,,,,,,,,Berris,https://dl.airtable.com/.attachments/c0b9d3b2c1810617a1fafc89bad4ae4c/04d72fb4/Under-Night-In-Birth-Exe-Late-CLR-logo.png,,PC-Steam
VSAV - SA/BR - (PC-Fightcade),Vampire Savior,VSAV,VSAV,SA/BR,,https://www.start.gg/tournament/vortex-gallery-online-2023/event/vampire-savior-br/overview,,None,,,,Double Elimination,2/3,2/3,Top 8,"3/5 Games for Winners Finals,3/5 Games for Losers Finals,3/5 Games for Grand Finals",- Speed: Turbo 3.,Winner must keep character. Loser may switch.,- Game breaking glitches are banned.,,"So Hai,Kinomot0",https://dl.airtable.com/.attachments/56f519d310ad7647b0fe02aa3574c6d6/005630f3/Vampire-Savior-logo.png,,PC-Fightcade
VSAV - NA - (PC-Fightcade),Vampire Savior,VSAV,VSAV,NA,,https://www.start.gg/tournament/vortex-gallery-online-2023/event/vampire-savior-na/overview,,None,,,,Double Elimination,2/3,2/3,Top 8,"3/5 Games for Winners Finals,3/5 Games for Losers Finals,3/5 Games for Grand Finals",- Speed: Turbo 3.,Winner must keep character. Loser may switch.,- Game breaking glitches are banned.,,Ailerus,https://dl.airtable.com/.attachments/56f519d310ad7647b0fe02aa3574c6d6/005630f3/Vampire-Savior-logo.png,,PC-Fightcade
VF5US - NA - (PS4),Virtua Fighter 5 Ultimate Showdown,VF5,VF5US,NA,,https://www.start.gg/tournament/vortex-gallery-online-2023/event/virtua-fighter-5-ultimate-showdown-na/overview,,None,,,,Double Elimination,3/5,2/3,Top 8,"3/5 Games for Winners Finals,3/5 Games for Losers Finals,3/5 Games for Grand Finals",,Winner must keep character. Loser may switch.,,"In the event of a game crash or disconnect, scoring will be kept for games & rounds, and the current round will be restarted.",Mech,https://dl.airtable.com/.attachments/68be17e18933203e290ec2e82134143a/b69633b5/Virtua-Fighter-5-Ultimate-Showdown-logo.png,,PS4
WW7 - ALL - (PC-Fightcade),Waku Waku 7,Waku,WW7,ALL,,https://www.start.gg/tournament/vortex-gallery-online-2023/event/waku-waku-7-global/overview,,None,,,,Double Elimination,,,,,,,,,Alexalchemy,https://dl.airtable.com/.attachments/4533bee3d5d83fc81d3e9efdf7a2a350/80793f87/Waku-Waku-7-logo-420.png,,PC-Fightcade