Game-Phase,Abbr. (from Game),Tournament,Game,Channel Username,Phase,Stream Start (PST),Stream End (PST),Short Name
DNFD (PS4)-Bracket,DNFD,DNFD (PS4),DNF Duel,956productions,Bracket,8/5/2022 10:00am,8/5/2022 12:00pm,
EFZ (PC-Caster)-Full Tourney,EFZ,EFZ (PC-Caster),Eternal Fighter Zero,milkmandanTV,Full Tourney,8/5/2022 10:00am,8/5/2022 12:00pm,
KOF98UMFE (PS4)-Exhibition,KOF98UMFE,KOF98UMFE (PS4),KOF 98' Ultimate Match Final Edition,teamsp00ky,Exhibition,8/5/2022 10:00am,8/5/2022 12:00pm,
SS7 (PS4)-Bracket,SS7,SS7 (PS4),Samurai Shodown,thrustyzol,Bracket,8/5/2022 10:00am,8/5/2022 1:00pm,
SFxT (PS3)-Full Tourney,SFxT,SFxT (PS3),Street Fighter x Tekken,gummysharkguy,Full Tourney,8/5/2022 10:00am,8/5/2022 3:00pm,
ABK (PC-Fightcade)-Full Tourney,ABK,ABK (PC-Fightcade),Akatsuki Blitzkampf Ausf. Achse,onikagesrk,Full Tourney,8/5/2022 11:00am,8/5/2022 2:00pm,
DNFD (PS4)-Bracket,DNFD,DNFD (PS4),DNF Duel,956productions,Bracket,8/5/2022 12:00pm,8/5/2022 2:00pm,
KI (XB1)-Bracket,KI,KI (XB1),Killer Instinct,nycfurby,Bracket,8/5/2022 12:00pm,8/5/2022 2:00pm,
PBO (PS4)-Bracket,PBO,PBO (PS4),Phantom Breaker Omnia,teamsp00ky,Bracket,8/5/2022 12:00pm,8/5/2022 2:00pm,
TMNTXJLT (PC)-Full Tourney,TMNTXJLT,TMNTXJLT (PC),TMNT x Justice League Turbo,maccsensei,Full Tourney,8/5/2022 12:00pm,8/5/2022 3:00pm,
CATH (PC-Steam)-Full Tourney,CATH,CATH (PC-Steam),Catherine Classic,celina_0801,Full Tourney,8/5/2022 12:00pm,8/5/2022 4:00pm,
P4U2.5 (PS4)-Full Tourney,P4U2.5,P4U2.5 (PS4),Persona 4 Ultimax,milkmandanTV,Full Tourney,8/5/2022 12:00pm,8/5/2022 5:00pm,
GGXRD (PS4)-Bracket,GGXRD,GGXRD (PS4),Guilty Gear Xrd REV 2,pattheflip,Bracket,8/5/2022 12:00pm,8/5/2022 6:00pm,
SFA3 (Arcade-Supergun)-Full Tourney,SFA3,SFA3 (Arcade-Supergun),Street Fighter Alpha 3,riz0ne,Full Tourney,8/5/2022 1:00pm,8/5/2022 4:00pm,
SCVI (PS4)-Bracket,SCVI,SCVI (PS4),Soulcalibur VI,bigpapachunk,Bracket,8/5/2022 1:00pm,8/5/2022 6:00pm,
SDBZ (PS2)-Full Tourney,SDBZ,SDBZ (PS2),Super Dragon Ball Z,956productions,Full Tourney,8/5/2022 2:00pm,8/5/2022 4:00pm,
MKX (PS4)-Bracket,MKX,MKX (PS4),Mortal Kombat X,nycfurby,Bracket,8/5/2022 2:00pm,8/5/2022 4:00pm,
PBO (PS4)-Top 4,PBO,PBO (PS4),Phantom Breaker Omnia,teamsp00ky,Top 4,8/5/2022 2:00pm,8/5/2022 4:00pm,
CVS2 (DC)-Bracket,CVS2,CVS2 (DC),Capcom vs. SNK 2,d44bas,Bracket,8/5/2022 2:00pm,8/5/2022 6:00pm,
MBON (PS4)-Bracket,MBON,MBON (PS4),Mobile Suit Gundam Extreme VS Maxiboost ON,thebrett,Bracket,8/5/2022 2:00pm,8/5/2022 7:00pm,Mobile Suit Gundam EXVS MBON
TMNTTF (SNES)-Full Tourney,TMNTTF,TMNTTF (SNES),Teenage Mutant Ninja Turtles Tournament Fighters,texasshottakers,Full Tourney,8/5/2022 3:00pm,8/5/2022 6:00pm,TMNT Tournament Fighters
NASB (PC-Steam)-Full Tourney,NASB,NASB (PC-Steam),Nickelodeon All-Star Brawl,blackimar64,Full Tourney,8/5/2022 3:00pm,8/5/2022 7:00pm,
AP (PS3)-Full Tourney,AP,AP (PS3),Aquapazza,956productions,Full Tourney,8/5/2022 4:00pm,8/5/2022 6:00pm,
JCFF (PC-Fightcade)-Full Tourney,JCFF,JCFF (PC-Fightcade),Jackie Chan in Fists of Fire,maccsensei,Full Tourney,8/5/2022 4:00pm,8/5/2022 6:00pm,
KI (XB1)-Top 4,KI,KI (XB1),Killer Instinct,nycfurby,Top 4,8/5/2022 4:00pm,8/5/2022 6:00pm,
SS7 (PS4)-Top 4,SS7,SS7 (PS4),Samurai Shodown,teamsp00ky,Top 4,8/5/2022 4:00pm,8/5/2022 6:00pm,
KLK (PC-Steam)-Full Tourney,KLK,KLK (PC-Steam),Kill La Kill -IF Restitched,ironfoxfire,Full Tourney,8/5/2022 4:00pm,8/5/2022 7:00pm,
BBCF (PS4)-Top 32,BBCF,BBCF (PS4),Blazblue Centralfiction,gtektv,Top 32,8/5/2022 5:00pm,8/5/2022 7:00pm,
DFCI (PS4)-Full Tourney,DFCI,DFCI (PS4),Dengeki Bunko Fighting Climax Ignition,milkmandanTV,Full Tourney,8/5/2022 5:00pm,8/5/2022 8:00pm,
USF2 (Switch)-Full Tourney,USF2,USF2 (Switch),Ultra Street Fighter II,riz0ne,Full Tourney,8/5/2022 5:00pm,8/5/2022 8:00pm,
DNFD (PS4)-Bracket,DNFD,DNFD (PS4),DNF Duel,956productions,Bracket,8/5/2022 6:00pm,8/5/2022 8:00pm,
MAAB (PS4)-Bracket,MAAB,MAAB (PS4),Million Arthur Arcana Blood,mechzdeus,Bracket,8/5/2022 6:00pm,8/5/2022 8:00pm,
MKX (PS4)-Top 4,MKX,MKX (PS4),Mortal Kombat X,nycfurby,Top 4,8/5/2022 6:00pm,8/5/2022 8:00pm,
FOA (PS4)-Full Tourney,FOA,FOA (PS4),Fight of Animals: The Legend of the Strongest Creature,raiser606,Full Tourney,8/5/2022 6:00pm,8/5/2022 8:00pm,Fight of Animals
SCVI (PS4)-Top 4,SCVI,SCVI (PS4),Soulcalibur VI,teamsp00ky,Top 4,8/5/2022 6:00pm,8/5/2022 8:00pm,
T5DR (PS3)-Full Tourney,T5DR,T5DR (PS3),Tekken 5: Dark Resurrection,texasshottakers,Full Tourney,8/5/2022 6:00pm,8/5/2022 8:00pm,
MAAB (PS4)-Top 4,MAAB,MAAB (PS4),Million Arthur Arcana Blood,956productions,Top 4,8/5/2022 8:00pm,8/5/2022 10:00pm,
GGXRD (PS4)-Top 4,GGXRD,GGXRD (PS4),Guilty Gear Xrd REV 2,teamsp00ky,Top 4,8/5/2022 8:00pm,8/5/2022 10:00pm,
CC (PS4)-Full Tourney,CC,CC (PS4),Chaos Code: New Sign of Catastrophe,956productions,Full Tourney,8/6/2022 10:00am,8/6/2022 12:00pm,Chaos Code
KOF2K2UM (PS4)-Exhibition,KOF2K2UM,KOF2K2UM (PS4),KOF 2002 Unlimited Match,teamsp00ky,Exhibition,8/6/2022 10:00am,8/6/2022 12:00pm,
UFDK (PC-Steam)-Full Tourney,UFDK,UFDK (PC-Steam),Ultra Fight Da ! Kyanta 2,yfdhippo,Full Tourney,8/6/2022 10:00am,8/6/2022 1:00pm,
GGACPR (PS3)-Bracket,GGACPR,GGACPR (PS3),Guilty Gear XX Accent Core Plus R,guiltygearacprdiscord,Bracket,8/6/2022 10:00am,8/6/2022 2:00pm,
USF4 (PS4)-Full Tourney,USF4,USF4 (PS4),Ultra Street Fighter IV,1776productions,Full Tourney,8/6/2022 10:00am,8/6/2022 4:00pm,
WJ2 (PS4)-Full Tourney,WJ2,WJ2 (PS4),Windjammers 2,nearfutureindustries,Full Tourney,8/6/2022 10:00am,8/6/2022 4:00pm,
UNICLR (PS4)-Full Tourney,UNICLR,UNICLR (PS4),Under Night In-Birth Exe:Late [cl-r],milkmandanTV,Full Tourney,8/6/2022 10:00am,8/6/2022 6:00pm,
PJ (DC)-Full Tourney,PJ,PJ (DC),Project Justice,chairgtables,Full Tourney,8/6/2022 11:00am,8/6/2022 2:00pm,
TVC (PC-Dolphin)-Full Tourney,TVC,TVC (PC-Dolphin),Tatsunoko vs. Capcom Ultimate All-Stars,matchstickmelee,Full Tourney,8/6/2022 12:00pm,8/6/2022 2:00pm,Tatsunoko vs. Capcom
CVS2 (DC)-Top 4,CVS2,CVS2 (DC),Capcom vs. SNK 2,teamsp00ky,Top 4,8/6/2022 12:00pm,8/6/2022 2:00pm,
CAFB (PS4)-Full Tourney,CAFB,CAFB (PS4),Catherine: Full Body,celina_0801,Full Tourney,8/6/2022 12:00pm,8/6/2022 4:00pm,
VSAV (Arcade-MiSTer)-Full Tourney,VSAV,VSAV (Arcade-MiSTer),Vampire Savior,VampireArcadia,Full Tourney,8/6/2022 12:00pm,8/6/2022 4:00pm,
UMVC3 (PS4)-Bracket,UMVC3,UMVC3 (PS4),Ultimate Marvel vs. Capcom 3,tampaneversleeps,Bracket,8/6/2022 1:00pm,8/6/2022 5:00pm,
SSF2X (Arcade-Supergun)-Full Tourney,SSF2X,SSF2X (Arcade-Supergun),Super Street Fighter II Turbo,riz0ne,Full Tourney,8/6/2022 1:00pm,8/6/2022 7:00pm,
DNFD (PS4)-Top 48 to 8,DNFD,DNFD (PS4),DNF Duel,956productions,Top 48 to 8,8/6/2022 2:00pm,8/6/2022 4:00pm,
MVC2 (DC)-Bracket,MVC2,MVC2 (DC),Marvel vs. Capcom 2,onikagesrk,Bracket,8/6/2022 2:00pm,8/6/2022 5:00pm,
RR (PC-Steam)-Top 8,RR,RR (PC-Steam),Rushdown Revolt,teamsp00ky,Top 8,8/6/2022 2:00pm,8/6/2022 5:00pm,
MBON (PS4)-Top 8,MBON,MBON (PS4),Mobile Suit Gundam Extreme VS Maxiboost ON,thebrett,Top 8,8/6/2022 2:00pm,8/6/2022 6:00pm,Mobile Suit Gundam EXVS MBON
NPB (PS4)-Full Tourney,NPB,NPB (PS4),Nitroplus Blasterz: Heroines Infinite Duel,nycfurby,Full Tourney,8/6/2022 3:00pm,8/6/2022 5:00pm,Nitroplus Blasterz
SOKU (PC-Caster)-Full Tourney,SOKU,SOKU (PC-Caster),Touhou 12.3 Hisoutensoku,tessiro,Full Tourney,8/6/2022 3:00pm,8/6/2022 6:00pm,
EL2 (PC)-Top 4,EL2,EL2 (PC),E's Laf++,956productions,Top 4,8/6/2022 4:00pm,8/6/2022 6:00pm,
3S (Arcade-Supergun)-Full Tourney,3S,3S (Arcade-Supergun),Street Fighter III: 3rd Strike,texasshottakers,Full Tourney,8/6/2022 4:00pm,8/6/2022 7:00pm,
VF5US (PS4)-Full Tourney,VF5US,VF5US (PS4),Virtua Fighter 5 Ultimate Showdown,mechzdeus,Full Tourney,8/6/2022 4:00pm,8/6/2022 8:00pm,
BBTAG (PS4)-Top 24,BBTAG,BBTAG (PS4),Blazblue Cross Tag Battle,gtektv,Top 24,8/6/2022 5:00pm,8/6/2022 7:00pm,
MVC2 (DC)-Top 4,MVC2,MVC2 (DC),Marvel vs. Capcom 2,nycfurby,Top 4,8/6/2022 5:00pm,8/6/2022 7:00pm,
UMVC3 (PS4)-Top 12 to Top 4,UMVC3,UMVC3 (PS4),Ultimate Marvel vs. Capcom 3,tampaneversleeps,Top 12 to Top 4,8/6/2022 5:00pm,8/6/2022 7:00pm,
PP (PC-Steam)-Top 4,PP,PP (PC-Steam),Punch Planet,teamsp00ky,Top 4,8/6/2022 5:00pm,8/6/2022 7:00pm,
MBAACC (PC-Caster)-Top 8,MBAACC,MBAACC (PC-Caster),Melty Blood Actress Again Current Code,956productions,Top 8,8/6/2022 6:00pm,8/6/2022 8:00pm,Melty Blood AACC
PRBFTG (PS4)-Top 4,PRBFTG,PRBFTG (PS4),Power Rangers: Battle for the Grid,nycfurby,Top 4,8/6/2022 7:00pm,8/6/2022 9:00pm,
UMVC3 (PS4)-Top 4,UMVC3,UMVC3 (PS4),Ultimate Marvel vs. Capcom 3,teamsp00ky,Top 4,8/6/2022 7:00pm,8/6/2022 9:00pm,
SFA2 (Arcade-Supergun)-Full Tourney,SFA2,SFA2 (Arcade-Supergun),Street Fighter Alpha 2,texasshottakers,Full Tourney,8/6/2022 7:00pm,8/6/2022 10:00pm,
DNFD (PS4)-Top 8,DNFD,DNFD (PS4),DNF Duel,956productions,Top 8,8/6/2022 8:00pm,8/6/2022 10:00pm,
GGACPR (PS3)-Top 4,GGACPR,GGACPR (PS3),Guilty Gear XX Accent Core Plus R,teamsp00ky,Top 4,8/6/2022 9:00pm,8/6/2022 11:00pm,