Tournament,Staff-Lead TOs,Info-Cap,Game,Abbr-Game,Img-Game Logo,Game Name,Rollup-Lead TOs,Tournaments (Encoded),$-Total Match,Smash URL,Date Added,Discord Role,Info-Current Entrants,Info-% of Cap,Info-Entrants/Cap,# of Commentators,Short Name,Status,Data-Platform,Date Modified,Data-Game Record ID,Staff-Lead TO Match ID,Twitter-Lead TO,# Done,📺 Finals Stream,📋 Brackets,💰 Matcherino,🌐 Info,$-Match Paid Out,$-Winners Info,$-Top 8 Info Collected,$-# of Payouts,Setups-%,Staff-Lead TO Smash ID,Time-Run Time #,Time-Run Time,Staff-Lead TO Discord ID,Data-Platform Short Name,Staff-Streamers,Twitter-Streamers,Rollup-Streamers,Format-Rollup,Time-Start Pools String,Stream-Pools,Stream-Finals,Stream-Pools URL,📺 Pools Stream,Stream-Finals URL,Smash ID,$-Winners Info Collected #,$-Pot Paid Out,Regions,Region Abbr. (from Regions),Time-Start Day,Time-Desired Time,Time-Desired Timezone,In smash,Logo gDrive (from Game),Matcherino Reqd,Region Includes,$-Pot Split,Pools-Bracket Type,Pools-Rounds per Game,Pools-Games per Set,Rules-Game Settings,Rules-Chara Change,Rules-Glitches,Finals-Games per Set,Info-Software Needed,Time-Est. Run Time,Stream Links,Rules-Notes,$-Pot Bonus Info,Info-Comments,$-Pot Split Further,$-Prizes,$-Pot Bonus Amount
2XKO (Crossplay),recAjsoVDfDxlMjwb,32 Teams,recS8raiaUkqnvn0l,2XKO,https://v5.airtableusercontent.com/v3/u/44/44/1754546400000/ovpov60ZW952zJZYAF7d-A/G9onrm5OHse3l6R9wl2vgW6DO4SVwIKJAFlqve9Zh1w7EHnba0GgxJAR1OaOA0wf6t6lxQ33a0y59dnnIuGdn78bJZhr-f0m3oHGZqnxYfeE6m15MZyW5hA9dTyHbIuhUHG11O7H1pSNmkmq66SZS0Zmv0vRf6q9O_zgGPoMOKw/p2eUHzzbiKGG3mPtb3AV4cYbzdLv7m0LzylnEvNK6Rw,2XKO ,Aaron Curry,2XKO%20%28Crossplay%29,0,https://www.start.gg/tournament/vortex-gallery-online-2025/event/2xko-na/overview,2025-07-31T08:01:18.000Z,2XKO,2,6%,2 / 32 Teams,0,2XKO,Confirmed,recziemqtoaMc1PA9,2025-08-07T02:53:22.000Z,recElIRk3YoNcRn24,Curry#841598,AaronCurryDish,0,None,https://www.start.gg/tournament/vortex-gallery-online-2025/event/2xko-na/overview,,https://vortexgallery.moe/info#2XKO,0,0,0,1,None,b09af56b,0,0 Hours,aaroncurry,Crossplay,recG8UlbGpoWSqZkN,@gtekfgc,GTek,,None,,,,None,,,0,0,recEporlRbu93it1q,NA,,,,,,,,,,,,,,,,,,,,,,,,
ABKAA (Flycast),recfthYWrd5KdTAhg,128,recxzTvxs5shbV0AF,ABKAA,https://v5.airtableusercontent.com/v3/u/44/44/1754546400000/Xwao9CYv2_GS09zlBdDreA/V-KK59TrKw0hvl8F9yqGbUWaxGUy3qILZsk-mbJCCnvNPLkT_qcDgo3Hj1QBOW8w41f_xfZvbgbRWt_DvOPZaACSoAdkJBdHpOgZL0lhOxoA9YgdmIN77IaiHMlm4fG58I7fx8zgm347ZEMW4Elp1mqaaNxvG1MmA2VJfHPL1yn6BuecW9rwOFBWCOWO7oVB/TcUp4OTtXUvZxLrw5jci0HRFMNVmyT5muarW3E3yfRM,Akatsuki Blitzkampf Ausf. Achse ,Stew,ABKAA%20%28Flycast%29,0,https://www.start.gg/tournament/vortex-gallery-online-2025/event/akatsuki-blitzkampf-ausf-achse-na,2025-07-02T02:41:19.000Z,Akatsuki Blitzkampf,6,5%,6 / 128,0,ABK,Confirmed,recD8jYnPXVaG6YLX,2025-08-07T02:53:26.000Z,recoqQNwa1k9jJyDq,SSBStew#1119597,ssbstew,0,None,https://www.start.gg/tournament/vortex-gallery-online-2025/event/akatsuki-blitzkampf-ausf-achse-na,,https://vortexgallery.moe/info#ABKAA,0,0,0,1,None,9185ac54,0,0 Hours,ssbstew,Flycast,recLoWOjMBW8UTWOv,@Mibeador,Mibeador,,None,,,,None,,,0,0,recEporlRbu93it1q,NA,9/13 Sat,5 PM,PT,True,https://drive.google.com/uc?id=1AG77jbWU0WB1J-JhEJB_XUY42nJCA1vN,Yes,"USA, Mexico, Canada",,,,,,,,,,,,,,,,,
ABKAA (Flycast),,32,recxzTvxs5shbV0AF,ABKAA,https://v5.airtableusercontent.com/v3/u/44/44/1754546400000/Xwao9CYv2_GS09zlBdDreA/V-KK59TrKw0hvl8F9yqGbUWaxGUy3qILZsk-mbJCCnvNPLkT_qcDgo3Hj1QBOW8w41f_xfZvbgbRWt_DvOPZaACSoAdkJBdHpOgZL0lhOxoA9YgdmIN77IaiHMlm4fG58I7fx8zgm347ZEMW4Elp1mqaaNxvG1MmA2VJfHPL1yn6BuecW9rwOFBWCOWO7oVB/TcUp4OTtXUvZxLrw5jci0HRFMNVmyT5muarW3E3yfRM,Akatsuki Blitzkampf Ausf. Achse ,,ABKAA%20%28Flycast%29,0,https://www.start.gg/tournament/vortex-gallery-online-2025/event/akatsuki-blitzkampf-ausf-achse-global,2025-07-02T02:41:53.000Z,Akatsuki Blitzkampf,4,13%,4 / 32,0,ABK,Confirmed,recD8jYnPXVaG6YLX,2025-08-07T02:53:26.000Z,recoqQNwa1k9jJyDq,,,0,None,https://www.start.gg/tournament/vortex-gallery-online-2025/event/akatsuki-blitzkampf-ausf-achse-global,,https://vortexgallery.moe/info#ABKAA,0,0,0,1,None,,0,0 Hours,,Flycast,,,,,None,,,,None,,,0,0,rec11xnNbXFYlBovE,ALL,9/6 Sat,7 PM,BRT,True,https://drive.google.com/uc?id=1AG77jbWU0WB1J-JhEJB_XUY42nJCA1vN,Yes,,,,,,,,,,,,,,,,,,
ASUKA (PC),rec4qzWO4l7o6qdcQ,32,rec2gibJed9LV3VAv,ASUKA,https://v5.airtableusercontent.com/v3/u/44/44/1754546400000/D02nkx9pHXI0TKMAHwkslQ/iTaU3A6lw61ieF8M9_HHZIwBxeKpSg3RyMHiFnlO9TzOL5zNMXhN5VI2FdoYp7qNxiPjXQjSIbsycpBZwMI-Jc8Jmh43TYZm-f_E9LzJmgN10S7egIyv6muszDhjLA9xW-CaA30cYv5Egh32WfCE_0F0jSp5alYctNblZJZ2R1o/Agm4WYi_drWnzFnjhtAksfAAi_gie2zGOgwDgF-Ilc0,Asuka 120% LimitOver Burning Fest. ,SonofTzeentch9,ASUKA%20%28PC%29,0,https://www.start.gg/tournament/vortex-gallery-online-2025/event/asuka-120-limitover-burning-fest-global,2025-07-02T02:41:41.000Z,Asuka 120%,10,31%,10 / 32,0,Asuka 120,Confirmed,rec24jBOfifk8YfOs,2025-08-07T02:53:26.000Z,recgQGPoCQ9F5qCLA,Manolito_Gallegos#904066,@SonofTzeentch9,0,None,https://www.start.gg/tournament/vortex-gallery-online-2025/event/asuka-120-limitover-burning-fest-global,,https://vortexgallery.moe/info#ASUKA,0,0,0,3,None,a9d00a88,0,0 Hours,sonoftzeentch9,PC,recxTrXSfvsGf9FlR,@TheSailorVick,SailorVick,,None,,,,None,,,0,0,rec11xnNbXFYlBovE,ALL,9/7 Sun,7 PM ,CET,True,https://drive.google.com/uc?id=1_z5CaLFt308gk4vceWsr34srFXXBnCvs,Yes,,60/30/10,Double Elimination,2/3,2/3,"- all setup by default.
- Torami is played Handy 4.
- Ground Infinite are allowed.

More details: https://wiki.gbl.gg/w/Asuka_120_LimitOver/Tournament_Rules",Winner must keep character. Loser may switch.,"Glitches & Infinite:
- Kumi's 214C glitch isn't banned but you HAVE to jump > jC immediately.
- All Ground Infinites are allowed, have fun.

More details: https://wiki.gbl.gg/w/Asuka_120_LimitOver/Tournament_Rules","3/5 Games for Losers Finals, 3/5 Games for Winners Finals, 3/5 Games for Grand Finals","You need to setup RetroArch beforehand otherwise you'll be put in loser side, then DQ is still not solved.",2 Hours,,,,,,,
ABEW (FC2),rec47HnWqnEyoPQnj,64,recSEHVe3m8acSp6I,ABEW,https://v5.airtableusercontent.com/v3/u/44/44/1754546400000/ATn-JJ9WgaqmC68XBEg1fw/AntockVdwuTXC4u7rWTOzwtO0-Xq4E6d-2J9zPHy98ogbKrTr5yU3xwjz87d9Kf4Y4Ix9MTSnShpd66zbZF-rRWTsSRWn8YTsIgxzlgVAwkSBzWaXBWWU0L4zCI34MPzRnYyRUQPk5nXIodbRA7RYqGHQtlur2vt8xzEcKjlh8GQGJAqHGbfGGJA77JxOXVU/-_d1sv47D4lgSXKBWvi0d41qNEf-tso4BZpUUc52oqQ,Asura Buster: Eternal Warriors ,melody?,ABEW%20%28FC2%29,0,https://www.start.gg/tournament/vortex-gallery-online-2025/event/asura-buster-eternal-warriors-na,2025-07-28T02:15:24.000Z,Asura Buster,1,2%,1 / 64,0,Asura Buster,Confirmed,recuzzlHMMI2BlhKy,2025-08-07T02:53:26.000Z,recWaPp6B3gGDDrhP,melody?#920077,twitter.com/NightlyMelodies,0,None,https://www.start.gg/tournament/vortex-gallery-online-2025/event/asura-buster-eternal-warriors-na,,https://vortexgallery.moe/info#ABEW,0,0,0,3,None,b4ee975c,0,0 Hours,trans.wrongs,FC2,recnV75hOTcOovLQT,twitter.com/ViviMayoi,ViviMayoi,,None,,,,None,,,0,0,rec11xnNbXFYlBovE,ALL,9/13 Sat,4pm,,,https://drive.google.com/uc?id=1aCs0ayreEV6D0HtGZ3pCgtF-YC0iR2-W,Yes,,50/30/20,Double Elimination,2/3,2/3,,Winner must keep character. Loser may switch.,,"3/5 Games for Losers Finals, 3/5 Games for Winners Finals, 3/5 Games for Grand Finals",,3 Hours,twitch.tv/ViviMayoi,,,,,,
BBCF (PC),,256,recOR0cafWyvy79u7,BBCF,https://v5.airtableusercontent.com/v3/u/44/44/1754546400000/7CrF7-qgsiOqahhSi-sYVw/7jzmMXuBU-YLbBGslD2e5Z0EqtOe59vklxLK1AHjX0vbTHqbvlNqARYgapiLqm_6XkQYfC7cOtaye4vqvdP6iySrO2GBQ4yUDNGJS26vnSpb_uWtZ1Dzu1HLtIlrYHx1bDJYtt2Oi2LfuTHHtOuzYA30cCglY5pbNPG-qgt7BaE/WjCiEjZtH5ROm0yx2vLVCV82PfwxaPgZsj7sgnuS-ls,Blazblue Centralfiction ,,BBCF%20%28PC%29,0,https://www.start.gg/tournament/vortex-gallery-online-2025/event/blazblue-central-fiction-na,2025-07-02T02:41:50.000Z,BBCF,4,2%,4 / 256,0,Blazblue,Confirmed,rec24jBOfifk8YfOs,2025-08-07T02:53:26.000Z,reciPBu4tcSpo2Hq7,,,0,None,https://www.start.gg/tournament/vortex-gallery-online-2025/event/blazblue-central-fiction-na,,https://vortexgallery.moe/info#BBCF,0,0,0,1,None,,0,0 Hours,,PC,recyKBgHWbCFdznDe,@chickzama,Chickzama,,None,,,,None,,,0,0,recEporlRbu93it1q,NA,9/13 Sat,4 PM,PT,True,https://drive.google.com/uc?id=1rNnWD06DveHBoE-L31Ne6gdPudC0CCNc,Yes,,,,,,,,,,,,,,,,,,
BBCF (PC),recFo36zQL6UFn3zf,32,recOR0cafWyvy79u7,BBCF,https://v5.airtableusercontent.com/v3/u/44/44/1754546400000/7CrF7-qgsiOqahhSi-sYVw/7jzmMXuBU-YLbBGslD2e5Z0EqtOe59vklxLK1AHjX0vbTHqbvlNqARYgapiLqm_6XkQYfC7cOtaye4vqvdP6iySrO2GBQ4yUDNGJS26vnSpb_uWtZ1Dzu1HLtIlrYHx1bDJYtt2Oi2LfuTHHtOuzYA30cCglY5pbNPG-qgt7BaE/WjCiEjZtH5ROm0yx2vLVCV82PfwxaPgZsj7sgnuS-ls,Blazblue Centralfiction ,TheLagWizard,BBCF%20%28PC%29,0,https://www.start.gg/tournament/vortex-gallery-online-2025/event/blazblue-central-fiction-oce,2025-07-12T01:20:39.000Z,BBCF,1,3%,1 / 32,0,Blazblue,Confirmed,rec24jBOfifk8YfOs,2025-08-07T02:53:26.000Z,reciPBu4tcSpo2Hq7,LagWizard_A#1055218,None,0,None,https://www.start.gg/tournament/vortex-gallery-online-2025/event/blazblue-central-fiction-oce,,https://vortexgallery.moe/info#BBCF,0,0,0,1,None,78598fa7,0,0 Hours,thelagwizard_2086,PC,recZIH3u2sTxcm5lM,@tommoyang,tommo,,None,,,,None,,,0,0,recZao6hOj02EcUOE,OCE,8/31 Sun,9 PM,JST,,https://drive.google.com/uc?id=1rNnWD06DveHBoE-L31Ne6gdPudC0CCNc,Yes,,,,,,,,,,,,,,,,,,
BBTAG (PS4),recQ4UxuiqO85iuv2,,recyyKbi2Kz9VI88P,BBTAG,https://v5.airtableusercontent.com/v3/u/44/44/1754546400000/wmUMjbxTX9hzurh9LcTT2g/Hhny41L3OcdPk0uxdhepD2LJEU16f3FiOIsNKMImsPDQdI0ygQnfOxcKNJEtrr135fFrtiAMoCMFW00Bl2RwC1QafkBHrxqXplMRUfI3X78wjArd1WIv5dBVq8xPma3roWMeIorcxLm8rRAWNn2Hlg11VIWnP4u9sf7GvoLh-Eo/ZEnTCytCMDszXwPvcFRYl0aM9wPFKb8YC9zOxxbPYOw,Blazblue Cross Tag Battle ,Midorii,BBTAG%20%28PS4%29,0,https://www.start.gg/tournament/vortex-gallery-online-2025/event/blazblue-cross-tag-battle-na,2025-08-04T18:17:37.000Z,BBTAG,3,,3 / ,0,BBTAG,Confirmed,recUwDAXmLOClnqAZ,2025-08-07T02:53:26.000Z,recYdbHI325YI2pVO,Midorii#728049,@Mldorli,0,None,https://www.start.gg/tournament/vortex-gallery-online-2025/event/blazblue-cross-tag-battle-na,,https://vortexgallery.moe/info#BBTAG,0,0,0,1,None,6ea2e0a7,0,0 Hours,Midoriiii,PS4,recG8UlbGpoWSqZkN,@gtekfgc,GTek,,None,,,,None,,,0,0,recEporlRbu93it1q,NA,,,,,https://drive.google.com/uc?id=1jwyl1tmiRjnyOCp8kNSXnVQGSYMnx7-2,,,,,,,,,,,,,,,,,,,
CBOTS (FC2),rec7mlADXQ9VduQpU,64,rec74YlLjOt3QYuql,CBOTS,https://v5.airtableusercontent.com/v3/u/44/44/1754546400000/qbupapOoov4kTb1UL3FEeA/whz49bsXvsaw_Ki5zR3XgBu3OTqnu9UWi5vjkH_8TzyZL112sScwfW7HXDw273dN1rttHDieDFi2RnITcm7cY1SjuaU-8DwtrFA2UglINrs2oEwVpGL0R6iYHecA1IcnVOsm4yIyLS4Er_oR_O9y9A/Cmn-rtbOeFqJxUatBvzYBqGfTNOgZRXWvyiaRqRJ5ho,Cyberbots: Fullmetal Madness ,dazegambler,CBOTS%20%28FC2%29,0,https://www.start.gg/tournament/vortex-gallery-online-2025/event/cyberbots-fullmetal-madness-global,2025-07-02T02:42:04.000Z,Cyberbots,5,8%,5 / 64,0,Cyberbots,Confirmed,recuzzlHMMI2BlhKy,2025-08-07T02:53:26.000Z,recY9oKWXSGvG06bL,Dazegambler#1429538,@ArtsDazegambler,0,None,https://www.start.gg/tournament/vortex-gallery-online-2025/event/cyberbots-fullmetal-madness-global,,https://vortexgallery.moe/info#CBOTS,0,0,0,3,None,0ed30b6f,0,0 Hours,Dazegambler,FC2,recgel4HmRUbcoQkZ,@PolarBair_ON,PolarBair,,None,,,,None,,,0,0,rec11xnNbXFYlBovE,ALL,9/14 Sun,4 PM,PT,True,https://drive.google.com/uc?id=1sTtVZUDAoW2-AyTu5sErtNnsmkZlxbxf,Yes,,50/30/20,Double Elimination,2/3,2/3,,Winner must keep character. Loser may switch.,,"3/5 Games for Grand Finals, 3/5 Games for Winners Finals, 3/5 Games for Losers Finals",,3 Hours,https://www.twitch.tv/polar_bair_8,Warlock is banned.,,,,,
DOE (Steam),recly8QAyHmqnXfxa,64,rec6dmjPGpSILqbdN,DOE,https://v5.airtableusercontent.com/v3/u/44/44/1754546400000/md0fRgnvhoMIrrD51IzajQ/iJ5vg5JVNWlrBBuIzEs7YxQ3a3nx2CGWqKE__IVtWAKsPRK6sAwSHsJQeBq3XfR08GSFWZMc4NL3GMhUeW3HrWe9QbYDMm6m2TWUK7-ktMxYuHrifT3-oLStPXG82qjgjEOnN9mrYPEoMjbb2DNNycIqjWNG719aBWbmjk_h8oc/fwQgXPuUyxgXKaaLdKToPxAHLI8Vlq5MIkCc98uWJ6g,Duelists of Eden ,Calexe,DOE%20%28Steam%29,0,https://www.start.gg/tournament/vortex-gallery-online-2025/event/duelists-of-eden-sa,2025-07-02T07:59:55.000Z,,0,0%,,0,DOE,Confirmed,recIMmOa3K2dhwHzo,2025-08-07T02:53:26.000Z,recbQSo6weeXiPpTL,Calexe#862068,@Calexeee,0,None,https://www.start.gg/tournament/vortex-gallery-online-2025/event/duelists-of-eden-sa,,https://vortexgallery.moe/info#DOE,0,0,0,4,None,ae250f24,0,0 Hours,calexe,Steam,recDvUvF9WzzSaqzQ,@Syokamorii,Syoka,,None,,,,None,,,0,0,rec26HdoLXe0utdnM,SA/BR,9/6 Sat,5 PM,BRT,True,,No,,N/A,Double Elimination,3/5,3/5,"- No ratio applied;
- Only loser can change their deck and character.
",Winner must keep character. Loser may switch.,,"3/5 Games for Losers Finals, 3/5 Games for Winners Finals, 3/5 Games for Grand Finals",,2 Hours,"twitch.tv/duelistsbrasil
https://www.youtube.com/@DuelistsofEdenBrasil

both for stream pools and finals",,,,,,
DOE (PC),reciy35n1Vrvi0wxS,,rec6dmjPGpSILqbdN,DOE,https://v5.airtableusercontent.com/v3/u/44/44/1754546400000/md0fRgnvhoMIrrD51IzajQ/iJ5vg5JVNWlrBBuIzEs7YxQ3a3nx2CGWqKE__IVtWAKsPRK6sAwSHsJQeBq3XfR08GSFWZMc4NL3GMhUeW3HrWe9QbYDMm6m2TWUK7-ktMxYuHrifT3-oLStPXG82qjgjEOnN9mrYPEoMjbb2DNNycIqjWNG719aBWbmjk_h8oc/fwQgXPuUyxgXKaaLdKToPxAHLI8Vlq5MIkCc98uWJ6g,Duelists of Eden ,greezygoose,DOE%20%28PC%29,0,https://www.start.gg/tournament/vortex-gallery-online-2025/event/duelists-of-eden-na,2025-07-28T02:14:33.000Z,,3,,3 / ,0,DOE,Confirmed,rec24jBOfifk8YfOs,2025-08-07T02:53:26.000Z,recbQSo6weeXiPpTL,,greezygoose,0,None,https://www.start.gg/tournament/vortex-gallery-online-2025/event/duelists-of-eden-na,,https://vortexgallery.moe/info#DOE,0,0,0,1,None,e5b08834,0,0 Hours,greezygoose,PC,recw6OPKhDLmRphhV,@_kinomot0,Kinomot0,,None,,,,None,,,0,0,recEporlRbu93it1q,NA,,,,,,,,,,,,,,,,,,,,,,,,
EFZ (Caster),recSPIB8dUFnFRRnv,64,rec06cG84iu7BZ8Kj,EFZ,https://v5.airtableusercontent.com/v3/u/44/44/1754546400000/hg87RoIjHAxoBClk8mEYcg/a0NTSwR_qb9msmte2u4pndqOO9kXQa7bJKrVw3U-uTsY_3c2si_Wl_jzQ7hQ7S0esdiI7uGBraNYh3ZK3Nm_Ju7cW4yDuAwjqmLmqpitRrfrsaIVLwzR0LDXJZ1v6Wc3p7dyMMCOIGXdxRagPhoRFw/6MoVj26rlMTNTsTKEms41ZC-Wqx9-FYo_qv9CQ2ub-M,Eternal Fighter Zero ,EFZ Stella,EFZ%20%28Caster%29,0,https://www.start.gg/tournament/vortex-gallery-online-2025/event/eternal-fighter-zero-sa,2025-07-02T02:39:49.000Z,Eternal Fighter Zero,3,5%,3 / 64,0,EFZ,Confirmed,recdsvtT4AI8pQ4zF,2025-08-07T02:53:26.000Z,recS5eJKIuyUBmxIv,StellaThimotyEFZ#661056,@StellaEfz,0,None,https://www.start.gg/tournament/vortex-gallery-online-2025/event/eternal-fighter-zero-sa,,https://vortexgallery.moe/info#EFZ,0,0,0,1,None,27534a3a,0,0 Hours,stellaefz,Caster,rec1BQ1150jvL4nuD,@EremesGuile3,Eremes,,None,,,,None,,,0,0,recEcIcyq5t9pZzoG,SA,9/7 Sun,5 PM,BRT,True,https://drive.google.com/uc?id=14UcYcveoG5wpW0MpVAFpCKOsU8o1cX9A,Yes,"Brazil, Argentina, Chile, Paraguay, Uruguay, Bolivia",,,,,,,,,,,,,,,,,
EFZ (Caster),recFrxGOHXnkfnGQS,32,rec06cG84iu7BZ8Kj,EFZ,https://v5.airtableusercontent.com/v3/u/44/44/1754546400000/hg87RoIjHAxoBClk8mEYcg/a0NTSwR_qb9msmte2u4pndqOO9kXQa7bJKrVw3U-uTsY_3c2si_Wl_jzQ7hQ7S0esdiI7uGBraNYh3ZK3Nm_Ju7cW4yDuAwjqmLmqpitRrfrsaIVLwzR0LDXJZ1v6Wc3p7dyMMCOIGXdxRagPhoRFw/6MoVj26rlMTNTsTKEms41ZC-Wqx9-FYo_qv9CQ2ub-M,Eternal Fighter Zero ,WHITELEN,EFZ%20%28Caster%29,0,https://www.start.gg/tournament/vortex-gallery-online-2025/event/eternal-fighter-zero-na-eu,2025-07-02T02:40:53.000Z,Eternal Fighter Zero,6,19%,6 / 32,0,EFZ,Confirmed,recdsvtT4AI8pQ4zF,2025-08-07T02:53:26.000Z,recS5eJKIuyUBmxIv,WHITELEN#916436,@whitelen@fgc.network,0,None,https://www.start.gg/tournament/vortex-gallery-online-2025/event/eternal-fighter-zero-na-eu,,https://vortexgallery.moe/info#EFZ,0,0,0,8,None,,0,0 Hours,white.len,Caster,recXyzmnbjeyM4OzG,https://x.com/fishshapedfish,fishshapedfish,,None,,,,None,,,0,0,"recEporlRbu93it1q, recrEJmd4vWfYFahW","NA, EU",9/7 Sun,4 PM,BRT,True,https://drive.google.com/uc?id=14UcYcveoG5wpW0MpVAFpCKOsU8o1cX9A,Yes,,42/20/13/7/5/5/4/4,Double Elimination,2/3,2/3,,Winner must keep character. Loser may switch.,"Purposeful use of Mizuka's proration bug is banned.
Purposeful use of Unknown infinite flight bug is banned.",3/5 Games for Grand Finals,"EfzRevival (caster) required: https://www.mediafire.com/file/vbvgbxmpmu8rtlo/EfzRevival_102e.zip/file

Concerto (GUI frontend) nice to have but not required: https://concerto-efz.shib.live/",2 Hours,https://www.twitch.tv/fishshapedfish,Kanna is banned.,,,,,
CotW (PC),recOe54aGpXfYV0oc,,recrMblsoj37pL1ib,CotW,https://v5.airtableusercontent.com/v3/u/44/44/1754546400000/0YnuA48VzvgcuHQGK2wjfw/RtNAMwdWap23UoaJtj_tcJNRGbsk-GGQ9FGSZR2iY-K-_mH9uKB8L4dWL7GW6HQBaS4NMxdfn3FXmV7udFnM3P2plOi1Ir2FCHUS3i5vRwV3PVFADEcwmN5ppJa1uHqGGN3QYssWaXaDEuewbJ_CyDOR-gRFht1htNbtMgDbqno/uiOs81_95Ai1AHb8Wx93TvsKeBNQORBiwZE_n6TW44w,Fatal Fury: City of the Wolves ,DarkHoward,CotW%20%28PC%29,0,https://www.start.gg/tournament/vortex-gallery-online-2025/event/fatal-fury-city-of-the-wolves-sa,2025-07-30T05:38:16.000Z,CotW,4,,4 / ,0,CotW,Confirmed,rec24jBOfifk8YfOs,2025-08-07T02:53:26.000Z,recoJJHMIUGTGMWXX,#766438,@darkhoward_fgc,0,None,https://www.start.gg/tournament/vortex-gallery-online-2025/event/fatal-fury-city-of-the-wolves-sa,,https://vortexgallery.moe/info#CotW,0,0,0,1,None,e922ebdc,0,0 Hours,white1008,PC,rec7ii90FCkIYa3JI,@djibuti_fgc,Djibuti,,None,,,,None,,,0,0,rec26HdoLXe0utdnM,SA/BR,,,,,,,,,,,,,,,,,,,,,,,,
FUC (Parsec),rec044HyTMeRj2y9C,32,recuqajNpeXddJGqQ,FUC,https://v5.airtableusercontent.com/v3/u/44/44/1754546400000/DUpQRzcnTNbwyaaLKlDxYg/OMQsfHsjm6n0qqYRsUsOWS5g0jd_pTZ3OiPwMGEIR0Xmq2oAAlHYDjxIYPbNsdR-G9ymV-dN-VuI6yrUIQ9mSPMFV6HFukrX0HHpXacrnl08sjJUpmcfmZyIPTVUHNMT1BkBrtVYP7XP-uDH3kFrIA/tBSpDd4LUp71ONBdvuBDZld1doAhv5NCmpB-wG2ngY8,Fate/unlimited codes ,Kitaeo,FUC%20%28Parsec%29,0,https://www.start.gg/tournament/vortex-gallery-online-2025/event/fate-unlimited-codes-na,2025-07-21T19:00:28.000Z,Fate unlimited/codes,1,3%,1 / 32,0,FUC,Confirmed,recUDryOzf1DpVUID,2025-08-07T02:53:26.000Z,reci8uBHKzSLwcD1j,Kitaeo#961357,@kitskoonk,0,None,https://www.start.gg/tournament/vortex-gallery-online-2025/event/fate-unlimited-codes-na,,https://vortexgallery.moe/info#FUC,0,0,0,3,None,8474f9ff,0,0 Hours,Kitaeo,Parsec,rec3tK1TSIpVHNtTc,bsky.app/profile/gyarugarou,Gyaru,,None,,,,None,,,0,0,recEporlRbu93it1q,NA,9/14 Sun,4:30 PM,PT,,https://drive.google.com/uc?id=1kiAesVwm5Ji2jt-9CW1HbMwZ7MS4tT6q,Yes,,60/30/10,Double Elimination,2/3,2/3,"Use Arcade Mode for tournament matches, VS 2P for button checks
The winner of the previous game cannot change their character
Loser may pick the stage
Super binds are banned
Zero lancer unblockable bug/emulator only loop are banned",Winner must keep character. Loser may switch.,Zero lancer unblockable bug/emulator only loop are banned,"3/5 Games for Losers Finals, 3/5 Games for Winners Finals, 3/5 Games for Grand Finals","Only Parsec is needed, available at https://parsec.app/",2 Hours,,,,,,,
FCMYST (FC2),recZjcHE0F3GW69LI,128,recmtEITvTxyGVjtu,FCMYST,https://v5.airtableusercontent.com/v3/u/44/44/1754546400000/QaeUVYR7mj1v53Chs4aQag/q021xGkcEWcn4veeWxF5cH52T5kW4InAOFLewudBvwoEwVoMgPFGvNkSBMITZk78kagdCHsJ2lBwswOfLstUKZjbHAerRlVTaoevS0hz2JYzflCNHU_bVpb3r9-y_LzON3f6ahvac28ABN-h1QVWs9QUX3rRIgz4ixs9UgVCoU0/Af-cWSZ8OvAWbrrM7zou9t_WQP_CkrqVAbayIThAEo8,Fightcade Mystery Tournament ,TuesdayNightMystery,FCMYST%20%28FC2%29,0,https://www.start.gg/tournament/vortex-gallery-online-2025/event/fightcade-mystery-tournament-na,2025-07-31T07:57:44.000Z,Fightcade Mystery Tournament,14,11%,14 / 128,0,Fightcade Mystery,Confirmed,recuzzlHMMI2BlhKy,2025-08-07T02:53:26.000Z,rec3fAi5MFVM7q6Mu,ItsJustChrisNow#538550,@itsjustchrisnow.bsky.social‬,0,None,https://www.start.gg/tournament/vortex-gallery-online-2025/event/fightcade-mystery-tournament-na,,https://vortexgallery.moe/info#FCMYST,0,0,0,3,None,7787dbf1,0,0 Hours,ItsJustChrisNow,FC2,recl2TuJR5bWIu0Hb,https://bsky.app/profile/strictfilter.bsky.social,Strict_Filter,,None,,,,None,,,0,0,recEporlRbu93it1q,NA,9/14 Sun,4PM PT,PT,,https://drive.google.com/uc?id=13QzJ5izGvhEUvliajwShEacFmUGn5j7L,Yes,,60/30/10,Double Elimination,N/A,Varies,various game rules communicated to players per round via discord,Winner must keep character. Loser may switch.,varies by game,Varies,"Players will need Fightcade json files updated, unsure of the rules on distributing that link for the event https://lofi.netlify.app/post/fc2-json-pack-auto-download-roms-from-fightcade-2/",4 Hours,https://www.twitch.tv/input_select,"Players may set buttons and begin matches as soon as the game is announced per round, only top 8 will stream each individual match. ",,,,,
FHD (FC2),recgel4HmRUbcoQkZ,64,reckL6zw2qSyRnZRk,FHD,https://v5.airtableusercontent.com/v3/u/44/44/1754546400000/z5R2Ze88d4BoiSoch1OccA/o9xng4v3b0eW2XpFR2YMDIaBHqDM0IBFUM6zxS5Y9uo_GQDlbnUaRk3BPIeLrmJXUtUHnzc0LhXO6ILML9PZoUJRXSJoa257p0cDK_v-R-6DzGwhVqPkC501OmvHSoNSPFn4EpDliIiwd_npteTysA/kqmJOltTO8ZQbUY3b6HTZxGNlbFpf3nK_GW-bd1O-aA,Fighter's History Dynamite: Karnov's Revenge ,PolarBair,FHD%20%28FC2%29,0,https://www.start.gg/tournament/vortex-gallery-online-2025/event/karnov-s-revenge-global,2025-07-02T04:23:04.000Z,Karnovs,10,16%,10 / 64,0,Karnovs Revenge,Confirmed,recuzzlHMMI2BlhKy,2025-08-07T02:53:26.000Z,rec2gB5M1AhtQ8NRK,PolarBair#731171,@PolarBair_ON,0,None,https://www.start.gg/tournament/vortex-gallery-online-2025/event/karnov-s-revenge-global,,https://vortexgallery.moe/info#FHD,0,0,0,3,None,a88e8515,0,0 Hours,polarbair_8,FC2,recFnJk11CBacsC8h,@YFDHippo,YFDHippo,,None,,,,None,,,0,0,rec11xnNbXFYlBovE,ALL,9/6 Sat,5 PM,BRT,True,https://drive.google.com/uc?id=1hsHoNYBm7MpjAwfAbiOOuhFwSWfSf_4O,Yes,,50/30/20,Double Elimination,2/3,2/3,,Winner must keep character. Loser may switch.,,"3/5 Games for Losers Finals, 3/5 Games for Winners Finals, 3/5 Games for Grand Finals",,3 Hours,https://www.twitch.tv/yfdhippo,,,,,,
FEXL (PC),rec2v5FvDWfVuZxKz,32,recqjzmwFcej7f5E7,FEXL,https://v5.airtableusercontent.com/v3/u/44/44/1754546400000/UqniJTbNEF-OUBiIhx1Kww/s_VY_SXIFWH3EI1puztkcXCokwS8fArRImMB-dqGQoJlGOf91rtOUpXtUEn27TpQ5eSBR6g0anbsrulGJIH3KZyQQ25goyUaHGsrRA6EHaWGZG-7EhspLPEE_KrF1bj7PHabqyOywXvAYsX-BZlzDA_cCmER0d6wtt-1Zss97G4/s13oSdIj15-nKs1Thp9mRLySn0Jl2jjIDY_TuVMfFWw,Fighting EX Layer ,Arneezy,FEXL%20%28PC%29,0,https://www.start.gg/tournament/vortex-gallery-online-2025/event/fighting-ex-layer-global-pc,2025-07-02T04:12:17.000Z,Fighting EX Layer,5,16%,5 / 32,0,FEXL,Confirmed,rec24jBOfifk8YfOs,2025-08-07T02:53:26.000Z,recBrDiRlNb35GmTV,arneezy619#621297,@arneezy619,0,None,https://www.start.gg/tournament/vortex-gallery-online-2025/event/fighting-ex-layer-global-pc,,https://vortexgallery.moe/info#FEXL,0,0,0,4,None,3367d3ab,0,0 Hours,arneezy619,PC,"recJUZ0IbYYjXUr7g, rec2v5FvDWfVuZxKz","@Geki_CP, @arneezy619","Geki, Arneezy",,None,,,,None,,,0,0,rec11xnNbXFYlBovE,ALL,9/13 Sat,5 PM,PT,True,https://drive.google.com/uc?id=1ybFk0vCweKDvbIthBme3oglyt3MB8MuN,Yes,,TBD,Double Elimination,3/5,2/3,,,,"3/5 Games for Losers Finals, 3/5 Games for Winners Finals, 3/5 Games for Grand Finals",,3 Hours,https://twitch.tv/arneezy619,Winner must also keep Gougi.,,,,,
MOTW (FC2),,None,recaGgbtaENVLVwG2,MOTW,https://v5.airtableusercontent.com/v3/u/44/44/1754546400000/raPWnE2hH5TAi6-f48BKbA/AHjLDs5xXGSfmOPlmfrilHsZ2T493RPz3MFwFrjViTXpijA0w0nsEsDCf3eIeHB1VPxzDtkgFppXb8Bfih_QvaIVa3T6SFscXxyNQGtD-tG0B_iPB8-lXAsAuNDleJZAR40O6rpA-BJuzFnieMkBFA/IjQfH6Vqn0sDeM6K952SZjDBqeEOi8CWV1xDUD9hELQ,Garou: Mark of the Wolves ,,MOTW%20%28FC2%29,0,,2025-08-06T16:17:27.000Z,Garou MotW,,∞,,0,Garou,Confirmed,recuzzlHMMI2BlhKy,2025-08-07T02:53:26.000Z,rectP0Rpp5zSgUkfo,,,0,None,,,https://vortexgallery.moe/info#MOTW,0,0,0,1,None,,0,0 Hours,,FC2,,,,,None,,,,None,,,0,0,"recceh86fMgwIEkeh, recZao6hOj02EcUOE, recY4DdJTkSMsySNL","AS, OCE",8/29 Fri,7:00 PM,JST,,https://drive.google.com/uc?id=13_y0wsXHo6FxhhrQbJyfGvfOOWtp84KI,,,,Double Elimination,2/3,3/5,,Winner & Loser may switch.,,"3/5 Games for Winners Finals, 3/5 Games for Grand Finals, 3/5 Games for Losers Finals, 3/5 Games for Top 8",,3 Hours,,,,,,,
MOTW,,,recaGgbtaENVLVwG2,MOTW,https://v5.airtableusercontent.com/v3/u/44/44/1754546400000/raPWnE2hH5TAi6-f48BKbA/AHjLDs5xXGSfmOPlmfrilHsZ2T493RPz3MFwFrjViTXpijA0w0nsEsDCf3eIeHB1VPxzDtkgFppXb8Bfih_QvaIVa3T6SFscXxyNQGtD-tG0B_iPB8-lXAsAuNDleJZAR40O6rpA-BJuzFnieMkBFA/IjQfH6Vqn0sDeM6K952SZjDBqeEOi8CWV1xDUD9hELQ,Garou: Mark of the Wolves ,,MOTW,0,,2025-08-06T16:25:23.000Z,Garou MotW,,,,0,Garou,Confirmed,,2025-08-07T02:53:26.000Z,rectP0Rpp5zSgUkfo,,,0,None,,,https://vortexgallery.moe/info#MOTW,0,0,0,1,None,,0,0 Hours,,,,,,,None,,,,None,,,0,0,recEcIcyq5t9pZzoG,SA,,,,,https://drive.google.com/uc?id=13_y0wsXHo6FxhhrQbJyfGvfOOWtp84KI,,,,,,,,,,,,,,,,,,,
MOTW (FC2),,None,recaGgbtaENVLVwG2,MOTW,https://v5.airtableusercontent.com/v3/u/44/44/1754546400000/raPWnE2hH5TAi6-f48BKbA/AHjLDs5xXGSfmOPlmfrilHsZ2T493RPz3MFwFrjViTXpijA0w0nsEsDCf3eIeHB1VPxzDtkgFppXb8Bfih_QvaIVa3T6SFscXxyNQGtD-tG0B_iPB8-lXAsAuNDleJZAR40O6rpA-BJuzFnieMkBFA/IjQfH6Vqn0sDeM6K952SZjDBqeEOi8CWV1xDUD9hELQ,Garou: Mark of the Wolves ,,MOTW%20%28FC2%29,0,,2025-08-06T16:25:25.000Z,Garou MotW,,∞,,0,Garou,Confirmed,recuzzlHMMI2BlhKy,2025-08-07T02:53:26.000Z,rectP0Rpp5zSgUkfo,,,0,None,,,https://vortexgallery.moe/info#MOTW,0,0,0,1,None,,0,0 Hours,,FC2,,,,,None,,,,None,,,0,0,recEporlRbu93it1q,NA,9/13 Sat,8:00 PM ,Eastern Standard Time (EST),,https://drive.google.com/uc?id=13_y0wsXHo6FxhhrQbJyfGvfOOWtp84KI,,,,Double Elimination,2/3,3/5,,Winner & Loser may switch.,,"3/5 Games for Losers Finals, 3/5 Games for Winners Finals, 3/5 Games for Grand Finals, 3/5 Games for Top 8",,3 Hours,,,,,,,
GBVSR (Crossplay),recAjsoVDfDxlMjwb,None,recQDUGtwetcRtlaK,GBVSR,https://v5.airtableusercontent.com/v3/u/44/44/1754546400000/WworrR8WF9CkAWR63Pprdg/ywpaiiOYSXUqocC3w6EEiXBtcdhRgaGZ3Ah48gUUBQC2BqSkRH2Rv_mer413gnMJnnZqooRTz0oD97w9HTD-wZTHMHKns_ClmIcu1DIC7iPA_XFRil2R0Q1Sxjv0XfvpusE3iu5gBCx95yy11m6nuTmKAtNe4uroNG3HrZEenS4/nVFcdYyJdzzkTQLWd_4vS3Bbp6oIT6jucH7_b0PrTOQ,Granblue Fantasy Versus: Rising ,Aaron Curry,GBVSR%20%28Crossplay%29,0,https://www.start.gg/tournament/vortex-gallery-online-2025/event/granblue-fantasy-versus-rising-na,2025-07-02T02:40:37.000Z,Granblue VS Rising,12,∞,12 / ∞,0,Granblue Rising,Confirmed,recziemqtoaMc1PA9,2025-08-07T02:53:26.000Z,recuxSE5KY2DKzSxG,Curry#841598,AaronCurryDish,0,None,https://www.start.gg/tournament/vortex-gallery-online-2025/event/granblue-fantasy-versus-rising-na,,https://vortexgallery.moe/info#GBVSR,0,0,0,3,None,b09af56b,0,0 Hours,aaroncurry,Crossplay,recG8UlbGpoWSqZkN,@gtekfgc,GTek,,None,,,,None,,,0,0,recEporlRbu93it1q,NA,9/14 Sun,4 PM,PT,True,https://drive.google.com/uc?id=1FSYti4TyyyGm0eKsCHzpOs8nAJQ4v593,Yes,"US, Canada, Mexico",60/30/10,Double Elimination,2/3,2/3,,Winner must keep character. Loser may switch.,,3/5 Games for Top 8,,4 Hours,https://www.twitch.tv/gtekfgc,No Frying Pan. No Color 17.,TBD,Will update as we go.,,,
GBVSR (Crossplay),"receCr1hciumUhcpB, recc2ze25iF77ISSD",None,recQDUGtwetcRtlaK,GBVSR,https://v5.airtableusercontent.com/v3/u/44/44/1754546400000/WworrR8WF9CkAWR63Pprdg/ywpaiiOYSXUqocC3w6EEiXBtcdhRgaGZ3Ah48gUUBQC2BqSkRH2Rv_mer413gnMJnnZqooRTz0oD97w9HTD-wZTHMHKns_ClmIcu1DIC7iPA_XFRil2R0Q1Sxjv0XfvpusE3iu5gBCx95yy11m6nuTmKAtNe4uroNG3HrZEenS4/nVFcdYyJdzzkTQLWd_4vS3Bbp6oIT6jucH7_b0PrTOQ,Granblue Fantasy Versus: Rising ,"Mollie,4uraboros",GBVSR%20%28Crossplay%29,0,https://www.start.gg/tournament/vortex-gallery-online-2025/event/granblue-fantasy-versus-rising-oce,2025-07-02T02:41:10.000Z,Granblue VS Rising,6,∞,6 / ∞,0,Granblue Rising,Confirmed,recziemqtoaMc1PA9,2025-08-07T02:53:26.000Z,recuxSE5KY2DKzSxG,"Mollie_poke#1504865, 4uraboros#1509283","Mollie_Poke, @4uraboros",0,None,https://www.start.gg/tournament/vortex-gallery-online-2025/event/granblue-fantasy-versus-rising-oce,,https://vortexgallery.moe/info#GBVSR,0,0,0,4,None,"https://www.start.gg/user/1363f54e, 6a3707ec",0,0 Hours,"Molushi, 4uraboros",Crossplay,recc2ze25iF77ISSD,@4uraboros,4uraboros,,None,,,,None,,,0,0,recZao6hOj02EcUOE,OCE,8/30 Sat,4 PM,AWST +8 ??,True,https://drive.google.com/uc?id=1FSYti4TyyyGm0eKsCHzpOs8nAJQ4v593,Yes,"Aus, NZ",TBD,Double Elimination,2/3,2/3,,Winner must keep character. Loser may switch.,,3/5 Games for Top 8,,3 Hours,https://www.twitch.tv/4uraboros,Colour 17 is Banned For all Characters.,,,,,
GGXRD (Steam),recVkX5n4VRh4vGdT,64,recgL0olOxNujDxvV,GGXRD,https://v5.airtableusercontent.com/v3/u/44/44/1754546400000/tO5_qV74qxb4hnRzkQu6eg/7iM9_IV7y_cWKqYYQBkk6TNVUygupWZrznAPZhugk9eagCaVxIaQFcTq7YFFSSggzB5pv3yGXfP9jfU21VujgAymixo5Y_2reZM1sBlGgbCwCK1FTub6dOa80EXdOlbgFEG4ZFLVF1xDXNwzq2eqmq_QHcyJ8slhDcRMk4niEKM/bDujk_Q5QpR78PKtBTfM4BFzlXsiQ4bZroNNedxex20,Guilty Gear Xrd REV 2 ,TakatoKurenai,GGXRD%20%28Steam%29,0,https://www.start.gg/tournament/vortex-gallery-online-2025/event/guilty-gear-xrd-rev-2-sa,2025-07-02T02:41:47.000Z,Guilty Gear Xrd Rev 2,1,2%,1 / 64,0,Rev 2,Confirmed,recIMmOa3K2dhwHzo,2025-08-07T02:53:26.000Z,recqapF4NoQBVDe3I,TakatoKurenai#1087775,@takato.bsky.social,0,None,https://www.start.gg/tournament/vortex-gallery-online-2025/event/guilty-gear-xrd-rev-2-sa,,https://vortexgallery.moe/info#GGXRD,0,0,0,1,None,84b76103,0,0 Hours,TakatoKurenai,Steam,reco7RFrx3m9mojLt,@fujiwaranozero,Zero,,None,,,,None,,,0,0,recEcIcyq5t9pZzoG,SA,9/7 Sun,4 PM,BRT,,https://drive.google.com/uc?id=1zYS_o9JZoJonReqhdODWlJrRLbac7eSm,Yes,,,,,,,,,,,,,,,,,,
GGXRD (Steam),recLITnqKgCTn5gHr,32,recgL0olOxNujDxvV,GGXRD,https://v5.airtableusercontent.com/v3/u/44/44/1754546400000/tO5_qV74qxb4hnRzkQu6eg/7iM9_IV7y_cWKqYYQBkk6TNVUygupWZrznAPZhugk9eagCaVxIaQFcTq7YFFSSggzB5pv3yGXfP9jfU21VujgAymixo5Y_2reZM1sBlGgbCwCK1FTub6dOa80EXdOlbgFEG4ZFLVF1xDXNwzq2eqmq_QHcyJ8slhDcRMk4niEKM/bDujk_Q5QpR78PKtBTfM4BFzlXsiQ4bZroNNedxex20,Guilty Gear Xrd REV 2 ,B-R Sanguine,GGXRD%20%28Steam%29,0,https://www.start.gg/tournament/vortex-gallery-online-2025/event/guilty-gear-xrd-rev2-oce,2025-07-02T02:42:09.000Z,Guilty Gear Xrd Rev 2,1,3%,1 / 32,0,Rev 2,Confirmed,recIMmOa3K2dhwHzo,2025-08-07T02:53:26.000Z,recqapF4NoQBVDe3I,br_sanguine#1452199,https://x.com/BeeArr_Sanguine | https://bsky.app/profile/brsanguine.bsky.social,0,None,https://www.start.gg/tournament/vortex-gallery-online-2025/event/guilty-gear-xrd-rev2-oce,,https://vortexgallery.moe/info#GGXRD,0,0,0,1,None,742cdc9f,0,0 Hours,br_sanguine,Steam,recu9i5qRnDSNpIKH,@NathanSivis,Sivis,,None,,,,None,,,0,0,recZao6hOj02EcUOE,OCE,8/30 Sat,,,True,https://drive.google.com/uc?id=1zYS_o9JZoJonReqhdODWlJrRLbac7eSm,Yes,"Aus, NZ",,,,,,,,,,,,,,,,,
GGACPR (PC),recjT9Nz9FpytrYPK,,recYeIDXJwNF7U1GN,GGACPR,https://v5.airtableusercontent.com/v3/u/44/44/1754546400000/vX50RarGzNSNI1_3Cesg2A/fzRSen2vr_iLuPR1UeBrFGrfwr-oVu4Zkwnez2w5yJ4eUEYNPkEf1Qj6rS59kEa_FbpXrvoz0zQQ9HT8GZuUSO-kHSino5YrWgsGJH0ooI4E6eTp72K3Ro_oas31Dsrh7wnMZGS9YHcerGkkyoBx1zHmFtrNN4pAqs2QX2l9r9Oa0lK6l_aYCRo-kikvri_0/i-aYJp7C8Gx2qbHHwkbOQuw29TEtZ8PuZc_Cxi2iKsI,Guilty Gear XX Accent Core Plus R ,Thicc Man Meat,GGACPR%20%28PC%29,0,https://www.start.gg/tournament/vortex-gallery-online-2025/event/guilty-gear-xx-accent-core-plus-r-oce,2025-08-04T17:48:24.000Z,Guilty Gear ACPR,2,,2 / ,0,GGACPR,Confirmed,rec24jBOfifk8YfOs,2025-08-07T02:53:26.000Z,recPkQhHXKjIf8B2U,Thicc Man Meat#2132311,N/A,0,None,https://www.start.gg/tournament/vortex-gallery-online-2025/event/guilty-gear-xx-accent-core-plus-r-oce,,https://vortexgallery.moe/info#GGACPR,0,0,0,1,None,ee569148,0,0 Hours,thiccmanmeat,PC,recu9i5qRnDSNpIKH,@NathanSivis,Sivis,,None,,,,None,,,0,0,recZao6hOj02EcUOE,OCE,,,,,https://drive.google.com/uc?id=0B7EL45h9mz-ER3pJSXNQdmFXRUk,,,,,,,,,,,,,,,,,,,
IDOLS (PC),rec5GD0XIuT4eD3Aq,,rech0W5RQSXaMtDLR,IDOLS,https://v5.airtableusercontent.com/v3/u/44/44/1754546400000/MfyNLNEqHtdZzQx9hCe97A/r2ssfYc-Jh7E7AETyeDhB26ho7I2yh99RYEYhZqiua6hyFv9yiX0hgdiWuPcDd6avvhgKz_OsuFvHrWymxMuhVy9ZsQF6Z3pJ5O7sHkChV_V7m7wk-zTro7nmkD_3cLYZDuLFBRippUP5P7Lf3y48Q/DByPJ5B4nxiF9qyiRkD8LPSLGfGB0aSAdvNdPGI9J_U,Idol Showdown ,vikarus,IDOLS%20%28PC%29,0,https://www.start.gg/tournament/vortex-gallery-online-2025/event/idol-showdown-next-fes-na,2025-08-05T06:38:05.000Z,Idol Showdown,4,,4 / ,0,Idols,Confirmed,rec24jBOfifk8YfOs,2025-08-07T02:53:26.000Z,recZlGwHYCQoOeJrt,vikarus#1129495,@icarus_vikarus,0,None,https://www.start.gg/tournament/vortex-gallery-online-2025/event/idol-showdown-next-fes-na,,https://vortexgallery.moe/info#IDOLS,0,0,0,1,None,fa3c3bd2,0,0 Hours,vikarus,PC,recfOCnj9STIc1acb,@extradip4,Retro,,None,,,,None,,,0,0,recEporlRbu93it1q,NA,,,,,https://drive.google.com/uc?id=1cpyqiCymG6ISeJ4ghOGkzNKEFGIUez-m,,,,,,,,,,,,,,,,,,,
JJHFTF (FC2),recNKUDQkb0Mcpb2P,None,reccOnwe46LifSymg,JJHFTF,https://v5.airtableusercontent.com/v3/u/44/44/1754546400000/lnhMK-Ag-qf3r9HNdoyxfg/Mga-pd8T6x-E0mmYNfDUUYdyVSp7u70ID67WY3SlGejqoA8VlX5PLg-N7M4YjN8FJoPssOTadekvJMPJh2TgEeYvzS7h4tuRkvnw_bfvgyPjeq93hmYt_jfIK9GhZou0irmpbRZgXs5fdRE1RRazThiPprAYmZo6X6YLLkjke-qM6sPfrJPqPxHRBDqhbEHj281C0AfZbsSS0kT7e0FWuw/GICU2shE7ED9RzmOArlUrAnzaF8Ad6_3x-nJm5EpoRE,JoJo's Bizarre Adventure: Heritage for the Future ,Thoughtfall,JJHFTF%20%28FC2%29,0,https://www.start.gg/tournament/vortex-gallery-online-2025/event/jojo-s-heritage-for-the-future-sa,2025-07-02T02:41:43.000Z,JJBA HFTF,6,∞,6 / ∞,0,JJBA Heritage,Confirmed,recuzzlHMMI2BlhKy,2025-08-07T02:53:26.000Z,recsN8cmN6mVMemZh,Thoughtfall#902987,I dont have any that are public,0,None,https://www.start.gg/tournament/vortex-gallery-online-2025/event/jojo-s-heritage-for-the-future-sa,,https://vortexgallery.moe/info#JJHFTF,0,0,0,3,None,ecebcf5b,0,0 Hours,forfol,FC2,rec1ulOpE8QqDsXjE,@ArdanDoInfinito,Ardan do Infinito,,None,,,,None,,,0,0,recEcIcyq5t9pZzoG,SA,9/6 Sat,7 PM ,BRT,,https://drive.google.com/uc?id=1WJ68Z1R4-hv4bK12WDmcl7Nwjo-vBGEE,Yes,,50/30/20,Double Elimination,2/3,2/3,,Winner must keep character. Loser may switch.,"- Avdol Ankh Glitch aka Avdol Ghosting Glitch is banned.
- Game crashing ou softlocking glitches are banned (Iggy/Jotaro softlock grab glitch, etc. Any glitch that makes the game unplayable is banned).
- Any other glitch is allowed if it don't make the game unplayable or frozen/stuck.","3/5 Games for Losers Finals, 3/5 Games for Winners Finals, 3/5 Games for Grand Finals",Fightcade 2 is needed: https://www.fightcade.com/,3 Hours,https://www.twitch.tv/HFTF_Brasil,"- Petshop e Kakyoin are softbanned. If one of the players chooses, they can ask the Kak or Petshop player to switch characters.

- Loops are restricted to 3 repetitions.
Exemplo: (S.Dio Loop, DIO Loop etc).
 
- 1 Tandem per combo. 2 Tandems are allowed if the first one is made before a stand crash is done in the combo.
(ABCx5 > Stand crash in the first ""ABC"" repetitions > the rest of the hits of the same tandem > another tandem is NOT allowed)

- UB oki of VIce is banned, tandem UB on okizeme is banned.

- Debug Mode is banned, restart or close the game to avoid playing it.",,,"If the pot reaches 50$, split it to 50/25/15/10.",,
JJHFTF (FC2),rec8fjV3sIZzWsfes,None,reccOnwe46LifSymg,JJHFTF,https://v5.airtableusercontent.com/v3/u/44/44/1754546400000/lnhMK-Ag-qf3r9HNdoyxfg/Mga-pd8T6x-E0mmYNfDUUYdyVSp7u70ID67WY3SlGejqoA8VlX5PLg-N7M4YjN8FJoPssOTadekvJMPJh2TgEeYvzS7h4tuRkvnw_bfvgyPjeq93hmYt_jfIK9GhZou0irmpbRZgXs5fdRE1RRazThiPprAYmZo6X6YLLkjke-qM6sPfrJPqPxHRBDqhbEHj281C0AfZbsSS0kT7e0FWuw/GICU2shE7ED9RzmOArlUrAnzaF8Ad6_3x-nJm5EpoRE,JoJo's Bizarre Adventure: Heritage for the Future ,ProjectPotato,JJHFTF%20%28FC2%29,0,https://www.start.gg/tournament/vortex-gallery-online-2025/event/jojo-s-heritage-for-the-future-na,2025-07-31T00:45:17.000Z,JJBA HFTF,1,∞,1 / ∞,0,JJBA Heritage,Confirmed,recuzzlHMMI2BlhKy,2025-08-07T02:53:26.000Z,recsN8cmN6mVMemZh,ProjectPotato#1008142,@ProjectPotatos,0,None,https://www.start.gg/tournament/vortex-gallery-online-2025/event/jojo-s-heritage-for-the-future-na,,https://vortexgallery.moe/info#JJHFTF,0,0,0,3,None,3fe14c3e,0,0 Hours,projectpotato,FC2,recTqPHS10OyxrQaF,https://x.com/Balls28757109,phballs,,None,,,,None,,,0,0,recEporlRbu93it1q,NA,9/13 Sat,6 PM,PT,,https://drive.google.com/uc?id=1WJ68Z1R4-hv4bK12WDmcl7Nwjo-vBGEE,Yes,"United States, Canada, Mexico",60/30/10,Double Elimination,2/3,2/3,,Winner must keep character. Loser may switch.,"-Avdol Ankh AKA Avdol ghosting glitch is banned
-Debug/Dev mode are banned
-Game crashing or softlocking glitches are banned
(Iggy/Jotaro softlock grab glitch or Hol Horse stand bullet game freeze glitch, Midler Ghosting etc.)
-Any other glitches are allowed as long as it doesn't make the game unplayable
","3/5 Games for Losers Finals, 3/5 Games for Grand Finals, 3/5 Games for Winners Finals",Fightcade 2: https://www.fightcade.com,3 Hours,https://www.twitch.tv/phballs,"-Kakyoin and Petshop are still banned
-The Gray Fly Stage “Plane Stage” is soft banned (The right corner of the stage is blocked by a sprite and can cause issues). If both players agree to reset, resetting will serve no penalty. (Characters that can trigger this stage: Kakyoin, Oldseph, Devo, Jotaro, Alessi, Midler, Avdol)
-Vice unblockable oki is banned
-Loops are limited to 3 repetitions. (S.Dio Loop, DIO Loop, custom combo, etc.)
-1 Tandem per combo. 2 Tandems allowed if the first causes a stand crash and ends right after. 
(ABCx5 > Stand crash on first repetition > rest of the tandem repetitions > into another tandem NOT allowed)",,,,,
KRSCH (Dolphin),recc64GgbB9myop2R,32,recY4kBAn1o1JlPGB,KRSCH,https://v5.airtableusercontent.com/v3/u/44/44/1754546400000/OFJOef2wf2jhe9fLzeIxEg/M5ULbjgpsluIyR3Pza_a0CeVWgg5utfpfBwINBTsjnzc4rXkzchd0aUMYnUq2cIGsJyR1r2eR0kVrNu6h5CMQBUYGtG4nn-gJxlJtyCRS_obsW-VNibTUIdL2Mg3O7iU8uqYaSbv8XjrlZuhLHRaZCDzqViA3dHAXTyLUwrRNNI/7oSr-TtLVn36xX2_4uvPJVjtBjp0u5uxJ9x4ImjD7OE,Kamen Rider Super Climax Heroes ,LilliKatVT,KRSCH%20%28Dolphin%29,0,https://www.start.gg/tournament/vortex-gallery-online-2025/event/kamen-rider-super-climax-heroes-na,2025-07-08T00:48:25.000Z,Kamen Rider,2,6%,2 / 32,0,KRSCH,Confirmed,recJxPlHIpAtoG1qE,2025-08-07T02:53:26.000Z,recGBJgB9TCcM7mDd,TransQueenNaCl #1141733,Lillikat.vtubers.social,0,None,https://www.start.gg/tournament/vortex-gallery-online-2025/event/kamen-rider-super-climax-heroes-na,,https://vortexgallery.moe/info#KRSCH,0,0,0,3,None,f2bd7142,0,0 Hours,transqueenofsalt,Dolphin,rec3tK1TSIpVHNtTc,bsky.app/profile/gyarugarou,Gyaru,,None,,,,None,,,0,0,recEporlRbu93it1q,NA,9/13 Sat,4 PM,PT,True,https://drive.google.com/uc?id=1X6SL_hQiJhXT9Zah1rpI7qwHtDwYVK3o,Yes,,60/30/10,Double Elimination,2/3,2/3,"Timer: 90 Seconds
Rounds: 2
Damage: Normal
Climax Time: On
Final Reflect: On",Winner must keep character. Loser may switch.,Finisher Mode Throw Cancel bug is banned.,"3/5 Games for Grand Finals, 3/5 Games for Winners Finals, 3/5 Games for Losers Finals",Dolphin,4 Hours,https://www.twitch.tv/gyarugarou,"Using the current ruleset found here 
https://wiki.gbl.gg/w/Kamen_Rider:_Super_Climax_Heroes/FAQ#KRSCH_Community_Rules",,I do not agree with the current ruleset found on the Mizuumi wiki ,,,
KETSUI (Crossplay),recc6tDrqW9TOyvXW,16,reciadXnFKknHCRKp,KETSUI,https://v5.airtableusercontent.com/v3/u/44/44/1754546400000/8nRGTSbYM1-e3u87yz108Q/51pUDbfBEFHjwAR4ie0Em5UlyY8rFNObxwiGiSjQViIUt1ntuRer9gh9KxkHMmvuJSaT2_GwzGiXX8zul8FDJJMBbfQug3jJSCNWTp7P_48xW9pnp44kK1_cXrgh0UWr_ucSnsGdMOuMtfWBlesNG2Xuy5GUJaD0ikkS1TQTZKJFvPMe2Jq5Diuw91kpiJZj/VeAfcZGylo04sNcbBiXNdbpummwhsJrj76mX5JCLeMo,Ketsui Deathtiny -Kizuna Jigoku Tachi- ,Mandaloris,KETSUI%20%28Crossplay%29,0,https://www.start.gg/tournament/vortex-gallery-online-2025/event/ketsui-kizuna-jigoku-tachi-sa,2025-07-02T02:42:17.000Z,Ketsui Deathtiny,2,13%,2 / 16,0,Ketsui,Confirmed,recziemqtoaMc1PA9,2025-08-07T02:53:26.000Z,reci6jrCpOCnOZHlg,Mandaloris#967794,@mandaloris_,0,None,https://www.start.gg/tournament/vortex-gallery-online-2025/event/ketsui-kizuna-jigoku-tachi-sa,,https://vortexgallery.moe/info#KETSUI,0,0,0,3,None,5a4dd6a3,0,0 Hours,mandaloris,Crossplay,recCdu0xSIsNvtV4c,@jota_jordy,Sr Jota,,None,,,,None,,,0,0,recEcIcyq5t9pZzoG,SA,9/6 Sat,8 PM,BRT,True,,Yes,,70/20/10,,,,"- Default settings (auto-fire is allowed);
- Players should not insert more than one creadit at a time. Continues are prohibited;
- Players will have 40 minutes of practice (they can restart the game at will during this period) and a final run after it.
- If a player manages to clear a loop within the first 40 minutes, they can opt to stop playing and use it as their final score. If they decide to continue playing, the score from the clear will be invalidated;
- The only score to be considered will always be the last one achieved by the player.
- If by some miracle (or curse) two players finish their runs with the exact same score, the tiebreaker will be: fewest bombs used > how far they made it in the game.",,,,"A browser to share the game screen through VDO.Ninja.
It's also necessary to share the game screen through Discord (for audio capturing purposes).",3 Hours,https://www.twitch.tv/mandaloris_,"The tournament can be played on all versions that feature the original arcade mode of Ketsui, which includes:
- PGM board;
- Xbox 360;
- PS3;
- PS4.",,Tournament format: Leaderboard.,,,
KLK (Steam),recEirqllXBNm6IfI,32,recTBbNRf4f8dXRmb,KLK,https://v5.airtableusercontent.com/v3/u/44/44/1754546400000/SL0CXVF3IEs0zLk2vR4q0A/Vvo6p4PmU94f4p4bAHVO_6YTlazmEB68XARE5vY0wEPhWciL0l3jMr689ckmG4y9j2GFpUhTwzdyjQE1OjwkNbSRyFjza-i4GiSLTKXPY0bgQ_jxGqxXZjUTuOxv5s_s5Mwhr6Tic6Joh-F_39aRzQ/KvjqrFnb6Nqsy8XNZOzB3vaH-u0g8yQSy194FnbXSHI,Kill La Kill -IF Restitched ,33phy33,KLK%20%28Steam%29,0,https://www.start.gg/tournament/vortex-gallery-online-2025/event/kill-la-kill-if-restitched-na-sa,2025-07-02T02:42:06.000Z,Kill la Kill IF,1,3%,1 / 32,0,Kill la Kill,Confirmed,recIMmOa3K2dhwHzo,2025-08-07T02:53:26.000Z,rec39yT9Vgpmn5Eoj,John_Nguyen#1025307,@33phy33.bsky.social‬,0,None,https://www.start.gg/tournament/vortex-gallery-online-2025/event/kill-la-kill-if-restitched-na-sa,,https://vortexgallery.moe/info#KLK,0,0,0,3,None,aed42f2e,0,0 Hours,33phy33,Steam,rec7EEhKzJEVBJK08,@ironfoxfire.bsky.social,IronFoxfire,,None,,,,None,,,0,0,"recEporlRbu93it1q, recX1NySoxwdgbkPY","NA, LAN",9/13 Sat,4 PM,PT,True,https://drive.google.com/uc?id=1aURa345RW0_zSMmYAGrSJzNSFUim1aMn,Yes,"Canada, USA, Mexico",60/30/10,Double Elimination,2/3,2/3,"Round time: 180
Handicap unadjusted",Winner must keep character. Loser may switch.,,"3/5 Games for Losers Finals, 3/5 Games for Winners Finals, 3/5 Games for Grand Finals","Steam remote play will be used to play set's. The patch can be downloaded here.
https://www.nexusmods.com/killlakillif/mods/39",3 Hours,https://www.twitch.tv/ironfoxfire,"Tournament Rules: Format: Double Elimination Time: 180 Seconds Round Format: 2/3, 3/5 for Winner's Loser's and Grand Finals

Stage Selection Rules: Game 1: Polling Grounds OR Natural Election Stadium Game 2: Loser of previous round selects the next map. Winner of round is allowed to ban one map. Game 3-5 (if necessary): Follow same rules as round 2

Loser of previous round is allowed to swap characters. Winner is required to stick to their character. Upon reaching the character select screen, players will have a limited time to select their characters.

Story mode characters are banned.",There will be a base pot of 150 provided by Team IF,,,Top 3 will get a custom color,150
KOIHIME (PC),recjzWpWy5BWfgF1Y,32,recR9qEM6i4G9ErHy,KOIHIME,https://v5.airtableusercontent.com/v3/u/44/44/1754546400000/d6PVm66EZbL5_KD3xkVTEQ/nr4S2CvHZ1cnfffjvZI12AP7oTtC5EYMv2tn9mjHt8fTmHSg02TfQb39ENK2tnTbf5jbmSbDOdo3Yfx_Uu8m9cnP5IHJxPrJOSdlY3TYyjTyl0hvr0eph09vF5tB6EOknij9Al8XcWPhO4ZW3jS26A/b-ITUUVsQLqNx_IUZd_CQadxFXW3n_paL6zlGQ4Gt1E,Koihime Enbu RyoRaiRai ,OmniRabbit,KOIHIME%20%28PC%29,0,https://www.start.gg/tournament/vortex-gallery-online-2025/event/koihime-enbu-ryorairai-ver-3-na,2025-07-02T02:41:43.000Z,Koihime,3,9%,3 / 32,0,Koihime,Confirmed,rec24jBOfifk8YfOs,2025-08-07T02:53:26.000Z,recCn8zR1lrsUDOyh,Vinushika#464104,@OmniRarab,0,None,https://www.start.gg/tournament/vortex-gallery-online-2025/event/koihime-enbu-ryorairai-ver-3-na,,https://vortexgallery.moe/info#KOIHIME,0,0,0,1,None,b0a3efad,0,0 Hours,omnirarab,PC,receV8EzPFACGW1kC,@tz_toast_rider,Toast Rider,,None,,,,None,,,0,0,recSWuII8NHVtf7uU,NA/EC,9/14 Sun,4 PM,PT,True,https://drive.google.com/uc?id=1ZtDiaXhGLiXPKrK41h_O9XuGu9R-Dm_v,Yes,US East/Midwest,,,,,,,,,,,,,,,,,
MBAACC (Caster),rechD6j9wGgX2TxAE,None,rec4idUUuqJbSRNaf,MBAACC,https://v5.airtableusercontent.com/v3/u/44/44/1754546400000/9pykmji8iMvGluFZfwRAEg/ah8hLxoX67QCQcZwAdPEU-j5OLRYBgINj4uLCyHtiTDvj9bWKH9NybPNTiqi9gzllK3oWkLcb20KgpMXRo61ldKVGuS1X4zklRrIStkjakz2q-yc4RqdyO0LfSzYORGskoiE6iOud_e5rx_ATGEQQg1UeikLVlSNPM8gvf7msRHirWHIfCyJDlKgDG4nIN_H/nsMV_BsVFKnWRUX8zjRt4lMF_Aq_dypCyfALPfXhwL0,Melty Blood Actress Again Current Code ,Canceris,MBAACC%20%28Caster%29,0,https://www.start.gg/tournament/vortex-gallery-online-2025/event/melty-blood-actress-again-current-code-sud,2025-07-02T02:41:20.000Z,Melty Blood AACC,7,∞,7 / ∞,0,Melty Blood AACC,Confirmed,recdsvtT4AI8pQ4zF,2025-08-07T02:53:26.000Z,rec0E8RdNNEQ7sdsq,Canceris#684260,@CancerisR,0,None,https://www.start.gg/tournament/vortex-gallery-online-2025/event/melty-blood-actress-again-current-code-sud,,https://vortexgallery.moe/info#MBAACC,0,0,0,3,None,c318fab1,0,0 Hours,Cancerisr,Caster,recU3T59FUCTu5GP2,@sharkey_smith,Isaac,,None,,,,None,,,0,0,recJQhbWePo0M17BG,SA/SUD,9/6 Sat,6 PM,BRT,True,https://drive.google.com/uc?id=1jD607MAl_xZo9UfkJDNPf92VHVXCnnpv,Yes,Argentina - Chile - Uruguay - Paraguay - Bolivia - Perú (Sud),60/30/10,Double Elimination,2/3,2/3,,Winner must keep character. Loser may switch.,,"3/5 Games for Losers Finals, 3/5 Games for Winners Finals, 3/5 Games for Grand Finals",,4 Hours,https://www.twitch.tv/meltysud,"Players from the country of Brasil will be allowed entrance as long as they can have a good connection against players from the Sud region, in case the players from Brasil can not by any mean have a playable connection against a Sud player then that player from Sud will be given priority.",,,,,
MBAACC (Caster),recawRdbOZHb5IRnG,32,rec4idUUuqJbSRNaf,MBAACC,https://v5.airtableusercontent.com/v3/u/44/44/1754546400000/9pykmji8iMvGluFZfwRAEg/ah8hLxoX67QCQcZwAdPEU-j5OLRYBgINj4uLCyHtiTDvj9bWKH9NybPNTiqi9gzllK3oWkLcb20KgpMXRo61ldKVGuS1X4zklRrIStkjakz2q-yc4RqdyO0LfSzYORGskoiE6iOud_e5rx_ATGEQQg1UeikLVlSNPM8gvf7msRHirWHIfCyJDlKgDG4nIN_H/nsMV_BsVFKnWRUX8zjRt4lMF_Aq_dypCyfALPfXhwL0,Melty Blood Actress Again Current Code ,Oso Ragna,MBAACC%20%28Caster%29,0,https://www.start.gg/tournament/vortex-gallery-online-2025/event/melty-blood-actress-again-current-code-lan,2025-07-22T03:23:54.000Z,Melty Blood AACC,1,3%,1 / 32,0,Melty Blood AACC,Confirmed,recdsvtT4AI8pQ4zF,2025-08-07T02:53:26.000Z,rec0E8RdNNEQ7sdsq,JeanneKafka#1065085,https://x.com/RagnaPho3niX,0,None,https://www.start.gg/tournament/vortex-gallery-online-2025/event/melty-blood-actress-again-current-code-lan,,https://vortexgallery.moe/info#MBAACC,0,0,0,4,None,d87a2f8c,0,0 Hours,osoragna,Caster,recXpIriWS8lq836Q,@aidendarceniv,@Aiden_Darcen_IV,,None,,,,None,,,0,0,recX1NySoxwdgbkPY,LAN,9/7 Sun,8 PM,BRT,,https://drive.google.com/uc?id=1jD607MAl_xZo9UfkJDNPf92VHVXCnnpv,Yes,LAN Only,N/A,Double Elimination,2/3,2/3,,Winner must keep character. Loser may switch.,,"3/5 Games for Losers Finals, 3/5 Games for Winners Finals, 3/5 Games for Grand Finals",,3 Hours,https://www.twitch.tv/melty_lan,,,,"Up to 30$: Top 3 (50/30/20)
Up to 100$: Top 4 (50/25/15/10)
Up to 200$: Top 8 (50/25/12/7/2/2/1/1)",No,
MBAACC (PC),rec3wrKM3jJac30ta,None,rec4idUUuqJbSRNaf,MBAACC,https://v5.airtableusercontent.com/v3/u/44/44/1754546400000/9pykmji8iMvGluFZfwRAEg/ah8hLxoX67QCQcZwAdPEU-j5OLRYBgINj4uLCyHtiTDvj9bWKH9NybPNTiqi9gzllK3oWkLcb20KgpMXRo61ldKVGuS1X4zklRrIStkjakz2q-yc4RqdyO0LfSzYORGskoiE6iOud_e5rx_ATGEQQg1UeikLVlSNPM8gvf7msRHirWHIfCyJDlKgDG4nIN_H/nsMV_BsVFKnWRUX8zjRt4lMF_Aq_dypCyfALPfXhwL0,Melty Blood Actress Again Current Code ,c0ruj4,MBAACC%20%28PC%29,0,https://www.start.gg/tournament/vortex-gallery-online-2025/event/melty-blood-actress-again-current-code-br,2025-07-23T17:41:40.000Z,Melty Blood AACC,3,∞,3 / ∞,0,Melty Blood AACC,Confirmed,rec24jBOfifk8YfOs,2025-08-07T02:53:26.000Z,rec0E8RdNNEQ7sdsq,C0ruja#570875,@C00ruja,0,None,https://www.start.gg/tournament/vortex-gallery-online-2025/event/melty-blood-actress-again-current-code-br,,https://vortexgallery.moe/info#MBAACC,0,0,0,3,None,6347ec81,0,0 Hours,c0ruj4,PC,rec6M3OlIRMGtUpvw,@procurorede,Paulo,,None,,,,None,,,0,0,rec26HdoLXe0utdnM,SA/BR,9/6 Sat,8:00 PM,BRT,,https://drive.google.com/uc?id=1jD607MAl_xZo9UfkJDNPf92VHVXCnnpv,Yes,,60/30/10,Double Elimination,,,,,,"3/5 Games for Winners Finals, 3/5 Games for Losers Finals, 3/5 Games for Grand Finals",,4 Hours,www.twitch.tv/reversebeatbrasil,,,,,,
MBTL (Steam),rechD6j9wGgX2TxAE,None,recvjyBY6xDysG1l4,MBTL,https://v5.airtableusercontent.com/v3/u/44/44/1754546400000/DU38J28LxaKMCHqXAZGcdw/7UtrYvPm_JBLvofsKJBvASvmwYYl8CUbGWsO9_2MBoaPkFS_OayL099M2OoybWI_U8BVjug7HVukqNJ5na1DzfuvTvlccNPIeo4jGbr4zfqtp51eblGx7FxNF8VIMK8HTlI4mLiOcjBL05NPTWBSq72GoGzy1JHisHRssIDj7yKNICZNSFqsYq3cDB5nPVPf/sevMCaatSjqiK7CJ-1Av95dcmhtT0JJuwy9dNZIf21I,Melty Blood: Type Lumina ,Canceris,MBTL%20%28Steam%29,0,https://www.start.gg/tournament/vortex-gallery-online-2025/event/melty-blood-type-lumina-sa,2025-07-02T02:42:12.000Z,Melty Blood Type Lumina,6,∞,6 / ∞,0,Lumina,Confirmed,recIMmOa3K2dhwHzo,2025-08-07T02:53:26.000Z,recUncacWTI5Cjcms,Canceris#684260,@CancerisR,0,None,https://www.start.gg/tournament/vortex-gallery-online-2025/event/melty-blood-type-lumina-sa,,https://vortexgallery.moe/info#MBTL,0,0,0,3,None,c318fab1,0,0 Hours,Cancerisr,Steam,,,,,None,,,,None,,,0,0,recEcIcyq5t9pZzoG,SA,9/7 Sun,6 PM,BRT,True,https://drive.google.com/uc?id=1DfgvNeF8qzodJLPYvgopi0QknpWfCIRq,Yes,Brasil - Argentina - Chile - Uruguay - Paraguay - Bolivia - Perú,60/30/10,Double Elimination,2/3,2/3,,Winner must keep character. Loser may switch.,,"3/5 Games for Losers Finals, 3/5 Games for Winners Finals, 3/5 Games for Grand Finals",,4 Hours,https://www.twitch.tv/reversebeatbrasil,,,,,,
MBTL (Steam),recawRdbOZHb5IRnG,32,recvjyBY6xDysG1l4,MBTL,https://v5.airtableusercontent.com/v3/u/44/44/1754546400000/DU38J28LxaKMCHqXAZGcdw/7UtrYvPm_JBLvofsKJBvASvmwYYl8CUbGWsO9_2MBoaPkFS_OayL099M2OoybWI_U8BVjug7HVukqNJ5na1DzfuvTvlccNPIeo4jGbr4zfqtp51eblGx7FxNF8VIMK8HTlI4mLiOcjBL05NPTWBSq72GoGzy1JHisHRssIDj7yKNICZNSFqsYq3cDB5nPVPf/sevMCaatSjqiK7CJ-1Av95dcmhtT0JJuwy9dNZIf21I,Melty Blood: Type Lumina ,Oso Ragna,MBTL%20%28Steam%29,0,https://www.start.gg/tournament/vortex-gallery-online-2025/event/melty-blood-type-lumina-lan,2025-07-22T03:24:23.000Z,Melty Blood Type Lumina,2,6%,2 / 32,0,Lumina,Confirmed,recIMmOa3K2dhwHzo,2025-08-07T02:53:26.000Z,recUncacWTI5Cjcms,JeanneKafka#1065085,https://x.com/RagnaPho3niX,0,None,https://www.start.gg/tournament/vortex-gallery-online-2025/event/melty-blood-type-lumina-lan,,https://vortexgallery.moe/info#MBTL,0,0,0,4,None,d87a2f8c,0,0 Hours,osoragna,Steam,recjGBZwijND16oz0,I do not have a twitter,Mega,,None,,,,None,,,0,0,recX1NySoxwdgbkPY,LAN,9/6 Sat,8 PM,BRT,,https://drive.google.com/uc?id=1DfgvNeF8qzodJLPYvgopi0QknpWfCIRq,Yes,LAN Only,N/A,Double Elimination,2/3,2/3,,Winner must keep character. Loser may switch.,,"3/5 Games for Losers Finals, 3/5 Games for Grand Finals, 3/5 Games for Winners Finals",,3 Hours,https://www.twitch.tv/melty_lan,,,,"Up to 30$: Top 3(50/30/20)
Up to 100$: Top 4(50/25/15/10)
Up to 200$: Top 8 (50/25/12/7/2/2/1/1)",No,
OMF (PC),rec1WWOFZbmq1fhN7,32,recgUHnjQys9NYEmq,OMF,https://v5.airtableusercontent.com/v3/u/44/44/1754546400000/LLmKHQZOQMwKohIX9F4UIw/Qcr4ny3hPSR7TzCU86dxgsDNfzkxJclNPdSldBb9Rh3l0wyUdfuwbiZt7miHsz-WzL4r6hfH5Cpi4B93K1PumLWGDdL7Wl79KIvZE8pmPRb94EYJ0hjUxgxcBqiR0AN18ROvh3aUHLL-UxnVeng1Qg/ZpyWS9bkPQlBXt_KhZ2XCTOYySLToWhfxL4BPAVO6-k,Open One Must Fall: 2097 ,LegendaryBlueShirt,OMF%20%28PC%29,0,https://www.start.gg/tournament/vortex-gallery-online-2025/event/one-must-fall-2097-na,2025-07-02T08:03:40.000Z,One Must Fall,0,0%,,0,OMF,Confirmed,rec24jBOfifk8YfOs,2025-08-07T02:53:26.000Z,recqK3S8ZIyLfQjwX,LegendBlueShirt#754211,@LegendBlueShirt,0,None,https://www.start.gg/tournament/vortex-gallery-online-2025/event/one-must-fall-2097-na,,https://vortexgallery.moe/info#OMF,0,0,0,3,None,918faf16,0,0 Hours,insanius,PC,reckfIcAmKT4eU8x3,https://bsky.app/profile/dankpasta.bsky.social,DankPasta2099,,None,,,,None,,,0,0,recEporlRbu93it1q,NA,9/13 Sat,4 PM,PT,True,,Yes,,60/30/10,Double Elimination,2/3,3/5,"Hyper Mode ON
Rehit Mode ON
P1 and P2 power 5",Winner must keep character. Loser may switch.,A softlock preventing both players from advancing the game state will result in a round restart.  If rounds were already won players should give up rounds to recreate the game state.,Varies,"This will be run using OpenOMF not the DOS version!
https://www.openomf.org/",2 Hours,,"Game one of each set will be played on the Stadium stage.  From then on, the loser may choose the next stage.
Top 8 will run ft4/7 unless running behind.",,,,,
P4U2 (PC),recWzFQCVlGMG5lGx,,recAV69KFmivRZwYC,P4U2,https://v5.airtableusercontent.com/v3/u/44/44/1754546400000/DthBEmulhehXpz9NjT6GWQ/AZhuKLU-iOFj-OTC-OI3VMHVlCOwaOq1cJSNOLIksh0hdCHtCuBqtZu7_vpQGr07pRfkDIy9_F9ew1ZNTH3tH4P41MiLy2cjB40k6LAXg2lle_uQnJjhk11S42Li_5c9OrrKDHyl-aVZdw-66TahjA/r1RLnZ9i94XQk4QH7pDdkX58jeWfpRTikWVGtqCatus,Persona 4 Ultimax ,Mith,P4U2%20%28PC%29,0,https://www.start.gg/tournament/vortex-gallery-online-2025/event/persona-4-arena-ultimax-br,2025-07-29T01:04:52.000Z,Persona 4 Arena,0,,,0,Persona,Confirmed,rec24jBOfifk8YfOs,2025-08-07T02:53:26.000Z,recUptINRGWEmkH1E,Mith#643255,@Mith_214,0,None,https://www.start.gg/tournament/vortex-gallery-online-2025/event/persona-4-arena-ultimax-br,,https://vortexgallery.moe/info#P4U2,0,0,0,3,None,6809389f,0,0 Hours,mith__,PC,recNGwtQzSHcbYifW,@P4AUBR,Shances,,None,,,,None,,,0,0,rec26HdoLXe0utdnM,SA/BR,9/6 Sat,7:00 PM,BRT,,https://drive.google.com/uc?id=0B0W5TMLqXDZuUDhCRDl5UURSMVU,Yes,,50/30/20,Double Elimination,2/3,2/3,,Winner must keep character. Loser may switch.,,"3/5 Games for Losers Finals, 3/5 Games for Winners Finals, 3/5 Games for Grand Finals",,3 Hours,https://www.twitch.tv/personaarenabrasil,,,,,,
P4U2 (PC),rec2YGKStj5LwGMue,64,recAV69KFmivRZwYC,P4U2,https://v5.airtableusercontent.com/v3/u/44/44/1754546400000/DthBEmulhehXpz9NjT6GWQ/AZhuKLU-iOFj-OTC-OI3VMHVlCOwaOq1cJSNOLIksh0hdCHtCuBqtZu7_vpQGr07pRfkDIy9_F9ew1ZNTH3tH4P41MiLy2cjB40k6LAXg2lle_uQnJjhk11S42Li_5c9OrrKDHyl-aVZdw-66TahjA/r1RLnZ9i94XQk4QH7pDdkX58jeWfpRTikWVGtqCatus,Persona 4 Ultimax ,GrimFlash,P4U2%20%28PC%29,0,https://www.start.gg/tournament/vortex-gallery-online-2025/event/persona-4-arena-ultimax-na-pc,2025-07-30T04:17:53.000Z,Persona 4 Arena,4,6%,4 / 64,0,Persona,Confirmed,rec24jBOfifk8YfOs,2025-08-07T02:53:26.000Z,recUptINRGWEmkH1E,GrimFlash#813979,@TheGrimFlash,0,None,https://www.start.gg/tournament/vortex-gallery-online-2025/event/persona-4-arena-ultimax-na-pc,,https://vortexgallery.moe/info#P4U2,0,0,0,3,None,43cd45df,0,0 Hours,GrimFlash,PC,recetXZMrNO2lYdcB,@FightPersona,Chris™,,None,,,,None,,,0,0,recEporlRbu93it1q,NA,9/14 Sun,6:00PM ,EST,,https://drive.google.com/uc?id=0B0W5TMLqXDZuUDhCRDl5UURSMVU,Yes,North America,60/30/10,Double Elimination,2/3,2/3,,Winner must keep character. Loser may switch.,,"3/5 Games for Losers Finals, 3/5 Games for Winners Finals, 3/5 Games for Grand Finals",,3 Hours,https://twitch.tv/personafightclub,"Must use a wired connection
Must uninstall the Modpack",,,,,
P4U2 (PS4),rec2YGKStj5LwGMue,64,recAV69KFmivRZwYC,P4U2,https://v5.airtableusercontent.com/v3/u/44/44/1754546400000/DthBEmulhehXpz9NjT6GWQ/AZhuKLU-iOFj-OTC-OI3VMHVlCOwaOq1cJSNOLIksh0hdCHtCuBqtZu7_vpQGr07pRfkDIy9_F9ew1ZNTH3tH4P41MiLy2cjB40k6LAXg2lle_uQnJjhk11S42Li_5c9OrrKDHyl-aVZdw-66TahjA/r1RLnZ9i94XQk4QH7pDdkX58jeWfpRTikWVGtqCatus,Persona 4 Ultimax ,GrimFlash,P4U2%20%28PS4%29,0,https://www.start.gg/tournament/vortex-gallery-online-2025/event/persona-4-arena-ultimax-na-psn-1,2025-07-30T04:29:13.000Z,Persona 4 Arena,3,5%,3 / 64,0,Persona,Confirmed,recUwDAXmLOClnqAZ,2025-08-07T02:53:26.000Z,recUptINRGWEmkH1E,GrimFlash#813979,@TheGrimFlash,0,None,https://www.start.gg/tournament/vortex-gallery-online-2025/event/persona-4-arena-ultimax-na-psn-1,,https://vortexgallery.moe/info#P4U2,0,0,0,3,None,43cd45df,0,0 Hours,GrimFlash,PS4,recetXZMrNO2lYdcB,@FightPersona,Chris™,,None,,,,None,,,0,0,recEporlRbu93it1q,NA,9/13 Sat,6:00PM,EST,,https://drive.google.com/uc?id=0B0W5TMLqXDZuUDhCRDl5UURSMVU,Yes,NA,60/30/10,Double Elimination,2/3,2/3,,Winner must keep character. Loser may switch.,,"3/5 Games for Losers Finals, 3/5 Games for Winners Finals, 3/5 Games for Grand Finals",,3 Hours,https://twitch.tv/personafightclub,Must have a wired connection,,,,,
PBBGU (Crossplay),recZKFCmcqpPjEAO6,None,recZP7Qr5WjCl518B,PBBGU,https://v5.airtableusercontent.com/v3/u/44/44/1754546400000/4gxgW_R72vv1my_9NGxXTQ/NCd4N4j3hkBAtU0qeOAWT7pXt9f0yUVteHp6RYOk3pz9YfpcgoMTc8rm0NjXoWy7mhvq41J6yJpNqjMnZFVhbLKH8aKn3M7N6NXB8QtWCRv8Fibivta033tafZKF0LsJI30kx9-OwRmtIhL43R9JCbvQ_dVuT_SZj8HY7VPXzZg/oEneerHoLK77gVghQfre0A2cObkfO0vKquYkQUXVFUA,Phantom Breaker BattleGrounds Ultimate ,ShinJay,PBBGU%20%28Crossplay%29,0,https://www.start.gg/tournament/vortex-gallery-online-2025/event/phantom-breaker-battle-grounds-ultimate-global,2025-07-02T08:01:36.000Z,Phantom Breaker BattleGrounds Ultimate,0,∞,,0,PBBGU,Confirmed,recziemqtoaMc1PA9,2025-08-07T02:53:26.000Z,rec5M4gaybG4eYZXV,Final Wave E-Sports #661315,@shinj4y_,0,None,https://www.start.gg/tournament/vortex-gallery-online-2025/event/phantom-breaker-battle-grounds-ultimate-global,,https://vortexgallery.moe/info#PBBGU,0,0,0,1,None,20fdf25c,0,0 Hours,shinj4y,Crossplay,recqau6yCvGCodPfQ,https://x.com/killrodx,KRX,,None,,,,None,,,0,0,rec11xnNbXFYlBovE,ALL,9/12 Fri,8 PM,PT,,,Yes,"Japan, NA, UK, South America, Latin America",,,,,,,,,,,,,,,,,
PBO (PC),recXIPbd5KVWHy1tO,None,receCjcdSGNg2eSXg,PBO,https://v5.airtableusercontent.com/v3/u/44/44/1754546400000/Y4GG7x3-8y2dR4IacNAlWw/M9BuU_dzIdCFlYS3iPOdg8StkpS2zWCiWkIZsq8uUe_VDWjABY_iijlrjkrpzmKV9T8z5a9f9qkZwXzb481GxZV5p4J269bGEiAlulbEKAriNNdFtrK5j_7bK91kY7EF1IWAMh_yTlYWJNdwR19h-B8FDw22QcX05opPMcRgkTM/ELF8QptJw0EzhCMQ2BQ0FNSaNI2UONDveHg7z1YOuXo,Phantom Breaker Omnia ,Bloo,PBO%20%28PC%29,0,https://www.start.gg/tournament/vortex-gallery-online-2025/event/phantom-breaker-omnia-na,2025-07-02T02:41:22.000Z,Phantom Breaker: Omnia,2,∞,2 / ∞,0,PBO,Confirmed,rec24jBOfifk8YfOs,2025-08-07T02:53:26.000Z,rec4fduzc9uu31BrM,Bloo561#122764,@Bloo4LYFE,0,None,https://www.start.gg/tournament/vortex-gallery-online-2025/event/phantom-breaker-omnia-na,,https://vortexgallery.moe/info#PBO,0,0,0,1,None,06463f1b,0,0 Hours,bloo4lyfe,PC,recZKFCmcqpPjEAO6,@shinj4y_,ShinJay,,None,,,,None,,,0,0,recEporlRbu93it1q,NA,9/13 Sat,8 PM,PT,True,,Yes,,,,,,,,,,,,,,,,,,
PBO (PC),recXIPbd5KVWHy1tO,None,receCjcdSGNg2eSXg,PBO,https://v5.airtableusercontent.com/v3/u/44/44/1754546400000/Y4GG7x3-8y2dR4IacNAlWw/M9BuU_dzIdCFlYS3iPOdg8StkpS2zWCiWkIZsq8uUe_VDWjABY_iijlrjkrpzmKV9T8z5a9f9qkZwXzb481GxZV5p4J269bGEiAlulbEKAriNNdFtrK5j_7bK91kY7EF1IWAMh_yTlYWJNdwR19h-B8FDw22QcX05opPMcRgkTM/ELF8QptJw0EzhCMQ2BQ0FNSaNI2UONDveHg7z1YOuXo,Phantom Breaker Omnia ,Bloo,PBO%20%28PC%29,0,https://www.start.gg/tournament/vortex-gallery-online-2025/event/phantom-breaker-omnia-japan,2025-07-02T02:41:40.000Z,Phantom Breaker: Omnia,0,∞,,0,PBO,Confirmed,rec24jBOfifk8YfOs,2025-08-07T02:53:26.000Z,rec4fduzc9uu31BrM,Bloo561#122764,@Bloo4LYFE,0,None,https://www.start.gg/tournament/vortex-gallery-online-2025/event/phantom-breaker-omnia-japan,,https://vortexgallery.moe/info#PBO,0,0,0,1,None,06463f1b,0,0 Hours,bloo4lyfe,PC,recZKFCmcqpPjEAO6,@shinj4y_,ShinJay,,None,,,,None,,,0,0,recNcChytX266AipQ,JP,8/29 Fri,8 PM,JST,True,,Yes,Japan,,,,,,,,,,,,,,,,,
PRBFTG (Crossplay),rec7p2OWjTmj2hAoH,32,reccDR9K4iaA477zW,PRBFTG,https://v5.airtableusercontent.com/v3/u/44/44/1754546400000/mJNZ0D1ulloGE5b-kSfBWw/biLRoVYjhvgnULDOpbCFLK1nIr5CK6fcTJ2viIeJhDuS4z5QccJCMMkLvLZ_1MsBfwxtJO0Cf90quKUf-IlYwxjwnvscFF6h0WbWJp-DPfoRcZSdI-gqLTlUStVwYgXDpIqRFT__YO_l61vquK-KhvUTxjC0eDWwnzfzg9GiI813x_-OQ68Dv0xr9KoDK3eg/cKsn7aioSIFgvID8DVZsNFgffzf43I4aJbs--zsk8MA,Power Rangers: Battle for the Grid ,Ferns,PRBFTG%20%28Crossplay%29,0,https://www.start.gg/tournament/vortex-gallery-online-2025/event/power-rangers-battle-for-the-grid-na,2025-07-29T19:24:51.000Z,Power Rangers: Battle For The Grid,1,3%,1 / 32,0,Power Rangers,Confirmed,recziemqtoaMc1PA9,2025-08-07T02:53:26.000Z,recd9m7E6ddxP1BHb,Ferns#842543,https://x.com/FernsComm,0,None,https://www.start.gg/tournament/vortex-gallery-online-2025/event/power-rangers-battle-for-the-grid-na,,https://vortexgallery.moe/info#PRBFTG,0,0,0,3,None,62372be2,0,0 Hours,Ferns1790,Crossplay,recOVEnO5fG0fcdqP,@Akaragitsune,Akaragitsune,,None,,,,None,,,0,0,"recEporlRbu93it1q, recrEJmd4vWfYFahW","NA, EU",9/14 Sun,4PM,Pacific Time,,https://drive.google.com/uc?id=1NK-2GoX_gWdQF9Y-u6LOecnuEx-1sl9h,Yes,,60/30/10,Double Elimination,3/5,3/5,,Winner must keep character. Loser may switch.,,3/5 Games for Top 8,,3 Hours,https://www.twitch.tv/akaragitsune,"Stage: Training Room ONLY

SPD Unblockables are banned

You can't use the M call debuff on an incoming opponent until the opponent's character touches the ground
You can't swap strike if the opponent's character has an air M call debuff
Doing either of these will result in a game loss",,,,,
PPT2 (Switch),recWF40wfJ5AQj5sl,64,recNw4qOMARSGUgFS,PPT2,https://v5.airtableusercontent.com/v3/u/44/44/1754546400000/cX1W5-c91rYUTwR65cz9vg/-atul8Vw1qcD4S65QbKNBaGw6b-eBWTpVFKvKKJG6J6fpg10fJPmqx3f6Cpp1qVbqaowHww-TdW8b6dxJ-TF5QTzA83YIpjrupHR_hB0vGUrqUKa3wmTUBLRquo2wwEsSil1Th8PybCjJTA30yYKuQ/jK5WksRBYAy7IRq0fINgUMr4FdAxN1LqYLhgRJZuSK8,Puyo Puyo Tetris 2 ,-ZAN,PPT2%20%28Switch%29,0,https://www.start.gg/tournament/vortex-gallery-online-2025/event/puyo-puyo-tetris-2-global,2025-07-02T02:41:51.000Z,PPT2,2,3%,2 / 64,0,PPT2,Confirmed,rec70e05POelhzyDQ,2025-08-07T02:53:26.000Z,recD7eckerldrIM9U,-ZAN#911584,@zanverse,0,None,https://www.start.gg/tournament/vortex-gallery-online-2025/event/puyo-puyo-tetris-2-global,,https://vortexgallery.moe/info#PPT2,0,0,0,4,None,a250f3c0,0,0 Hours,astraregalia,Switch,recsTrmrw52giFuqo,https://x.com/_Havven,Havven,,None,,,,None,,,0,0,rec11xnNbXFYlBovE,ALL,9/6 Sat,8 PM,CET,True,https://drive.google.com/uc?id=1RbAAH94WSEKc51hAfVsBBgdMlguguEB2,Yes,,50/25/15/10,Double Elimination,N/A,Varies,"- Mode: Puyo Puyo Tsuu
- Difficulty: Medium
- Margin Time: 96 seconds",,,Varies,,4 Hours,www.twitch.tv/ascensionpuyo,,,,,,
PK (FC2),recfbmXSNwX6TuJLl,64,recDkL7nKsYH1vIYl,PK,https://v5.airtableusercontent.com/v3/u/44/44/1754546400000/d2Fi8WjuqojtnwPuHE-Ptg/2pKt_QJAOdpUC0vEA3f4LCAsbij6NgX0Wk_JVJi2S_Sugj51Lr63qQXbD3fkp2q0Bhm_Cu3UoB5iATJBdSFxJ2YwogB1kjoAELaAEd2UB49jdbmz6rzLoGkE6dG54Q78NWHh30CFny4dz3fdnnMsWwKy2c6CuV8XhMdVwqYEQ5IXjEX5PsaQBXosDbbswolh/CBRvMMfhmr1CRZEA-mgjdkItWht26-x8RFNYPaP4r4U,Puzzle King ,itsameliaSMB,PK%20%28FC2%29,0,https://www.start.gg/tournament/vortex-gallery-online-2025/event/puzzle-king-tetris-global,2025-07-02T09:14:21.000Z,,1,2%,1 / 64,0,PK,Confirmed,recuzzlHMMI2BlhKy,2025-08-07T02:53:26.000Z,recQOBjjnARXV4BG9,itsameliaSMB#1589679,itsameliasmb.bsky.social,0,None,https://www.start.gg/tournament/vortex-gallery-online-2025/event/puzzle-king-tetris-global,,https://vortexgallery.moe/info#PK,0,0,0,1,None,4b74e286,0,0 Hours,itsameliasmb,FC2,recdW0WcmwwXPMqJZ,@ratttz.bsky.social,Ratttz,,None,,,,None,,,0,0,rec11xnNbXFYlBovE,ALL,,,,True,,Yes,,,,,,,,,,,,,,,,,,
Q1 (Crossplay),recc6tDrqW9TOyvXW,32,recSxA1MddD9F0QKe,Q1,https://v5.airtableusercontent.com/v3/u/44/44/1754546400000/pJ9Ci2EGn98guFPwe2dwxQ/AVgnmfncH-fcE2D4qF1DkXLcuAP8bsPlkmIiI_SWGo_gLoQa1RrRpZyLF9UYWj8CEhFTgBbJf_RsGvx_Pc1rEJSWXH82rEaaGEImfPmElm4rlRxMYK0Wi_fyXca6hlu9tGr3K_R776gszp923FKkMiTMoRNBal7HY27NQqHsaBTUp7Md0pCknf35VQlPJONi/GAg5wlJjISa-iL5RY0NH6SOrr4WxZPopuYXdbvx2Gdk,Quake ,Mandaloris,Q1%20%28Crossplay%29,0,https://www.start.gg/tournament/vortex-gallery-online-2025/event/quake-sa,2025-07-02T05:24:21.000Z,Quake,3,9%,3 / 32,0,Quake,Confirmed,recziemqtoaMc1PA9,2025-08-07T02:53:26.000Z,recVkyeWtiW0XHeqF,Mandaloris#967794,@mandaloris_,0,None,https://www.start.gg/tournament/vortex-gallery-online-2025/event/quake-sa,,https://vortexgallery.moe/info#Q1,0,0,0,3,None,5a4dd6a3,0,0 Hours,mandaloris,Crossplay,recCdu0xSIsNvtV4c,@jota_jordy,Sr Jota,,None,,,,None,,,0,0,recEcIcyq5t9pZzoG,SA,9/5 Fri,7 PM,BRT,True,,Yes,,60/30/10,,,,"Match Settings:
- Max players per match: 8
- Lobby Target: Crossplay
- Game mode: Deathmatch
- Episode: Quake
- Map: DM3 - The Abandoned Base / DM4 - The Bad Place for top 4.

Mode Settings:
- Frag Limit: 30
- Time Limit: 10",,,,A browser to share the game screen through VDO.Ninja.,2 Hours,https://www.twitch.tv/mandaloris_,"After every match, the player with the lowest number of frags will get eliminated, until there's only one player left.",,"The tournament will be played on the Remastered version of Quake, available on PC, PS4, Xbox One and Switch.",,,
ROAW (PC),recObgsTvuePpA2yl,None,recpim85TRINwem2c,ROAW,https://v5.airtableusercontent.com/v3/u/44/44/1754546400000/vylGURoV6oP43d7ccbUDuw/FmgYUcPnR5JoyJRtizmnmCAu0g57zTv5qiZc40Dv2X8I9gKwDGIsf--66FcWUi9ZHL8T-uei_T6TogLngF62BjkFrLHuL-rV3GSvx1fYAmqKuL9YFS41G1SIDHy5_rCf78W6jMtWU4NsT-xS0HDiA46L-wrSPE3CnlDiUS-FGDs/bhNAQtDrGm7x4Yvi4vwikNzivd0ioy88V_cs5aWTMew,Rivals of Aether Workshop ,InnerOtaku/EckS,ROAW%20%28PC%29,0,https://www.start.gg/tournament/vortex-gallery-online-2025/event/rivals-of-aether-workshop-global,2025-07-02T02:41:46.000Z,Rivals of Aether Workshop,1,∞,1 / ∞,0,Rivals Workshop,Confirmed,rec24jBOfifk8YfOs,2025-08-07T02:53:26.000Z,recdgvnlALMRhSNGD,Inner_Otaku#1049211,@InnerOtakuChan,0,None,https://www.start.gg/tournament/vortex-gallery-online-2025/event/rivals-of-aether-workshop-global,,https://vortexgallery.moe/info#ROAW,0,0,0,1,None,d785f7ba,0,0 Hours,innerotaku,PC,recTrqSTzRrfYwPZP,@RoboShyGuy,roboshyguy,,None,,,,None,,,0,0,rec11xnNbXFYlBovE,ALL,9/13 Sat,4 PM,PT,True,,Yes,,,,,,,,,,,,,,,,,,
SMS (FC2),recBjuBH7iNQMlcNz,64,recCci8Y3e9sZqCyq,SMS,https://v5.airtableusercontent.com/v3/u/44/44/1754546400000/jmSUrEJfZSpYMhsgv9mJuA/GpZW-Z8Gy5aYg4Ho-GaThuFgYPAIfwnLR-9kuKkvbYtIZpRKw04UkvhJ5cgq8J9egGBxsWkV4unfFbgBI9niwlMPVOCelR-gj9ev54fvkmJC2mvuVaXUxjK0GLXhHttfXgiwd7g3hJyk5Lk6RHqlsw/hvB8FumQzTU7ekqbvhTzLoFAsj82YuiNlCYoLLDuwWc,Sailor Moon S ,petra,SMS%20%28FC2%29,0,https://www.start.gg/tournament/vortex-gallery-online-2025/event/bishoujo-senshi-sailor-moon-s-juugai-rantou-shuyaku-soudatsusen-na,2025-07-02T02:41:45.000Z,Sailor Moon,8,13%,8 / 64,0,SMS,Confirmed,recuzzlHMMI2BlhKy,2025-08-07T02:53:26.000Z,rectJIUXOYjfmkRPy,n/a,@petracide,0,None,https://www.start.gg/tournament/vortex-gallery-online-2025/event/bishoujo-senshi-sailor-moon-s-juugai-rantou-shuyaku-soudatsusen-na,,https://vortexgallery.moe/info#SMS,0,0,0,4,None,12a19157,0,0 Hours,galint,FC2,recZJirWRFYfiJLLE,@QCCBigZam,Big Zam,,None,,,,None,,,0,0,recEporlRbu93it1q,NA,9/13 Sat,5 PM,PT,True,https://drive.google.com/uc?id=1cOhRbWfE-jkZBsXynd6asSOmPNVyUR6a,Yes,"US, Canada",50/25/15/10,Double Elimination,2/3,3/5,"Sailor Uranus is banned.
Auto mode and ACS is banned.",Winner must keep character. Loser may switch.,,3/5 Games for Top 8,BSNES netplay will be used. Please read this guide on how to set it up: https://www.dustloop.com/w/SMS/How_to_Play#Playing_Online,3 Hours,https://www.twitch.tv/bigzam,,,,,,
SS7 (XS),recysGcENIidgBJSh,,recgZYHuGPdQTjWIa,SS7,https://v5.airtableusercontent.com/v3/u/44/44/1754546400000/Pi3Tt08UFnDT8JNs5Si87Q/VmmKzKqSSUP3XUdV24dvGH7pyGqXvAy_6Vh7gNtLIsbAlwPeZp_l0LRCGtG_ndmz-xMf-QvoeH39z0o9I51bSU1fJGIgkHdaUQv2ge_VwNUBEwUi8cubkSh--rkeYsWpCrcH5QngRbBRdEkDKYOUvzYy-CUGaIL2XkYG8dNLBBs/B8sPxCPS8pwn7K3sDQkik7MNrEGvGrSwAdW5XhX1ujw,Samurai Shodown ,Scrub Saibot,SS7%20%28XS%29,0,https://www.start.gg/tournament/vortex-gallery-online-2025/event/samurai-shodown-na,2025-07-31T07:59:52.000Z,SamSho 7,4,,4 / ,0,SamSho7,Confirmed,recIBEPZBtQZBimuw,2025-08-07T02:53:26.000Z,reciPCzNd3Zwt9gPN,Brad_Hanasyk#675135,@ScrubSaibot,0,None,https://www.start.gg/tournament/vortex-gallery-online-2025/event/samurai-shodown-na,,https://vortexgallery.moe/info#SS7,0,0,0,1,None,e63a023b,0,0 Hours,scrubsaibot,XS,recwQM6yYoAF3JPCe,@BBoySonicX,BBoySonicX,,None,,,,None,,,0,0,recEporlRbu93it1q,NA,,,,,https://drive.google.com/uc?id=1MbczCxOgpFJVzxPpRzOkKXMUyrnM5On0,,,,,,,,,,,,,,,,,,,
SSVSP (FC2),recgel4HmRUbcoQkZ,64,recSZpqob7tTE5cFF,SSVSP,https://v5.airtableusercontent.com/v3/u/44/44/1754546400000/5V-3ceAzMHweZuwNNEIXMg/9E-Odxfif11t96WcuC-MEyTxjIl79v1cRd5FGCoC1OSjiP3paDvFHnoeC0nVaeZItQRM3VpSzyifuuBjgCBFR3BH2OlNGipWpniFJyFd_XDwaK0ie95ANgxpPbGiQNygVK_vwa_sjQtq3cXCxZZ6Cg/vtPIUOYBj2Nh9Fjhdjrpj621EExsbaIhdaJkijZdRj8,Samurai Shodown V Special ,PolarBair,SSVSP%20%28FC2%29,0,https://www.start.gg/tournament/vortex-gallery-online-2025/event/samurai-shodown-v-special-global,2025-07-02T02:42:01.000Z,SamSho V SP,1,2%,1 / 64,0,SSVSP,Confirmed,recuzzlHMMI2BlhKy,2025-08-07T02:53:26.000Z,rec7ohVdSe1KqutmI,PolarBair#731171,@PolarBair_ON,0,None,https://www.start.gg/tournament/vortex-gallery-online-2025/event/samurai-shodown-v-special-global,,https://vortexgallery.moe/info#SSVSP,0,0,0,3,None,a88e8515,0,0 Hours,polarbair_8,FC2,rec0ulsTxuklehNnf,@sugarbear4d4,sugar bear,,None,,,,None,,,0,0,"recEporlRbu93it1q, recEcIcyq5t9pZzoG, recrEJmd4vWfYFahW","NA, SA, EU",9/6 Sat,3 PM,BRT,True,https://drive.google.com/uc?id=1i7O4CODScb-wc9gcW_0CErUpL9O3KjOr,Yes,"NA, SA, EU",60/30/10,Double Elimination,2/3,2/3,,Winner must keep character. Loser may switch.,"* Enja speedup bug is banned.
* Shizu start button TAP bug is banned. You may not use the start button to trigger TAP.","3/5 Games for Losers Finals, 3/5 Games for Winners Finals, 3/5 Games for Grand Finals",,2 Hours,https://www.twitch.tv/sugar_bear44,,TBD,,N/A,TBD,
SG (Steam),recly8QAyHmqnXfxa,None,rec9gckhOiJB2xiBR,SG,https://v5.airtableusercontent.com/v3/u/44/44/1754546400000/2Qk3deabvsP9lYL6u6j1MA/d6-MseJaejZgFKgiU03CgatIO8MHKcJWIlFpkwGErMSh__kvcO-zP_R-8agBSbi2Ql97d2cgTYjG0Kb1_sLMFbSyza8Wd5RRWf5-9xI7GirQVPM6rw5fwL0C04cSX_IN8F5RHToAoRYGffHLBV3EcMgHxSRDTVXl0XlNuSrboo8/cDm5VfIrCN74E5RaK2wXWKNzYUs7JP_cQdHCUv8eaSE,Skullgirls: 2nd Encore+ ,Calexe,SG%20%28Steam%29,0,https://www.start.gg/tournament/vortex-gallery-online-2025/event/skullgirls-2nd-encore-br,2025-07-02T02:41:53.000Z,Skullgirls,0,∞,,0,Skullgirls,Confirmed,recIMmOa3K2dhwHzo,2025-08-07T02:53:26.000Z,recfVwdzZdGORSQuA,Calexe#862068,@Calexeee,0,None,https://www.start.gg/tournament/vortex-gallery-online-2025/event/skullgirls-2nd-encore-br,,https://vortexgallery.moe/info#SG,0,0,0,3,None,ae250f24,0,0 Hours,calexe,Steam,recw6OPKhDLmRphhV,@_kinomot0,Kinomot0,,None,,,,None,,,0,0,rec26HdoLXe0utdnM,SA/BR,9/7 Sun,5 PM,BRT,True,https://drive.google.com/uc?id=1rMp2D0IkX39-2CCxBp92JnBDvpKK_sCT,Yes,Brazil,50/30/20,Double Elimination,3/5,3/5,None,Winner must keep character. Loser may switch.,,"3/5 Games for Losers Finals, 3/5 Games for Winners Finals, 3/5 Games for Grand Finals, 3/5 Games for Top 8",,3 Hours,"twitch.tv/skullgirlsbr
https://www.youtube.com/@SkullgirlsBR

both channels for pools and finals",https://docs.google.com/document/d/10xySvBZ0NtbNtQ57WzGOC8pcHD1rQla-3k_J2z0VBc4/edit?usp=sharing,,,No,None,
SHRB,,,reclwvRNbYcSmil5D,SHRB,https://v5.airtableusercontent.com/v3/u/44/44/1754546400000/LCvDZwzbWno0P8LvseLZYw/DbJVT5YPiS7dwGB7IsI9PKCBQF_huZIaBn7QN613O4x4_c3OJCtee6W9m-oP_Lm7Rb3lhvIzsiSx_NmcZ_wYltcAE3ccIW2PnlN8HZABd1K-hLT4pdntfZIuoqjdqYZ6T9433tj8DzV-4Ru3Pyr4Zg/Ijq3TSjdE7hXHTbGLdRZTD12fLUJzPFNXTWVHg3dSck,Slap Happy Rhythm Busters ,,SHRB,0,https://www.start.gg/tournament/vortex-gallery-online-2025/event/slap-happy-rhythm-busters-na,2025-08-05T01:11:18.000Z,Slap Happy Rhythm Busters,3,,3 / ,0,Slap Happy,Confirmed,,2025-08-07T02:53:26.000Z,recGsekMOJZkddOyT,,,0,None,https://www.start.gg/tournament/vortex-gallery-online-2025/event/slap-happy-rhythm-busters-na,,https://vortexgallery.moe/info#SHRB,0,0,0,1,None,,0,0 Hours,,,,,,,None,,,,None,,,0,0,recEporlRbu93it1q,NA,,,,,,,,,,,,,,,,,,,,,,,,
STF (PC),recebeUFIX5zfgEOB,64,recoOEqLvvya4nKv8,STF,https://v5.airtableusercontent.com/v3/u/44/44/1754546400000/hfryzin25v9qgRYE8w7ksg/VVOFdagKZEdWllOG_She-pzXa6wPe4Cwt6hLIenEBQ5IrwQ5HNQeDzZ2EgiSQQ2MzsesPdDSmmPoWtP-ERznmnjr751MaqCmMtwUhVPtAZ45tyrqqrXkZa3aNGxf-6BRC7oTTARNO6LuPbwiABS-X_o_TB0WnZSgbt5Z1sAoatY/jXangdtt8YVtPEWojaIWRVLbV9OM8_FOzXAzixekE3c,Sonic The Fighters ,DumGremlin,STF%20%28PC%29,0,https://www.start.gg/tournament/vortex-gallery-online-2025/event/sonic-the-fighters-na,2025-07-02T02:41:46.000Z,Sonic The Fighters,5,8%,5 / 64,0,Sonic Fight,Confirmed,rec24jBOfifk8YfOs,2025-08-07T02:53:26.000Z,recVzIliBkPL6g28B,Brandon_Ripley#2103333,https://bsky.app/profile/dumgremlin.bsky.social,0,None,https://www.start.gg/tournament/vortex-gallery-online-2025/event/sonic-the-fighters-na,,https://vortexgallery.moe/info#STF,0,0,0,4,None,e9303dc8,0,0 Hours,dum_gremlin,PC,rec39dtwQZR6373JV,wusstunes,dr.hunk / wusstunes,,None,,,,None,,,0,0,recEporlRbu93it1q,NA,9/12 Fri,5 PM,PT,True,https://drive.google.com/uc?id=1zGWgqbPTPxIbVJZFKQCGhZD_1IZz7lES,Yes,,50/25/15/10,Double Elimination,3/5,2/3,,Winner must keep character. Loser may switch.,,3/5 Games for Grand Finals,"This tournament will be run via emulation on RCPS3 netplay.

The emulator can be downloaded here:
https://rpcs3.net/

Instructions on setting up netplay can be found here:
https://wiki.rpcs3.net/index.php?title=Help:Netplay",2 Hours,https://www.twitch.tv/wusstunes?sr=a,"Metal Sonic is banned. Eggman is soft banned, with him being allowed only if your opponent agrees. ",,,,,
SCVI (PC),recgvF1oZwnX2x0AH,64,rece0aFsTBVnnCptn,SCVI,https://v5.airtableusercontent.com/v3/u/44/44/1754546400000/BXD_i07dnBjvahA9cs1y2g/ir2Pf9FCutD9wv12oCKCI1tYHXMUyaAw5vSjVsVWuQeYI_wqUTpR6rRsw93ypSvt29WeS3iWejjDa0NNh0MP8h3-Hg45gHa1DFRGgX6vBuQjzU9gktoNzTV_U9_uJZV2fX5hnkx_L3LFEoTJ68v9J7LppRk6C8_A1gKbVQEElZo/OuGxhiHEAvktiYI-Pz5-sb31CwngxHUWeyWfUVNSkW8,Soulcalibur VI ,SabinDeus,SCVI%20%28PC%29,0,https://www.start.gg/tournament/vortex-gallery-online-2025/event/soulcalibur-vi-na,2025-07-02T02:42:08.000Z,SoulCalibur VI,2,3%,2 / 64,0,SC6,Confirmed,rec24jBOfifk8YfOs,2025-08-07T02:53:26.000Z,rec4YJ3jd5cCWXk17,SabinDeus#548614,@SabinDeus,0,None,https://www.start.gg/tournament/vortex-gallery-online-2025/event/soulcalibur-vi-na,,https://vortexgallery.moe/info#SCVI,0,0,0,3,None,eea76c11,0,0 Hours,sabindeus,PC,recpuU5Fs7ZDbOyC6,@bigpapachunk,BigPapaChunk,,None,,,,None,,,0,0,recEporlRbu93it1q,NA,9/14 Sun,12 PM,PT,True,https://drive.google.com/uc?id=1hkYHAFMH90yPoKKKOW1-SAX744t7w16i,Yes,"Canada, US, Mexico, All Caribbean countries",50/30/20,Double Elimination,2/3,3/5,,Winner must keep character. Loser may switch.,,"3/5 Games for Losers Finals, 3/5 Games for Winners Finals, 3/5 Games for Grand Finals",,4 Hours,,,,,,,
SDBZ (PC),recnkz4Pa9RuBmvT4,,rec1nIv6YSBT7XM9L,SDBZ,https://v5.airtableusercontent.com/v3/u/44/44/1754546400000/f0314Ica6NrRJSt7DR6Z0g/-zhxpCNUTRazcogb2U0KyHFBCB2ijH-FOLV255qGN_fRr8nDgvQj1oyMrZwFLPi5l-GJxW4vuq05McxQzRqIjz8he65R2y7Y1-F85olQEpcStFzereCERs3K0IoFoajZYsID9QE_V7vXhCo0qMG8F321RnF6JikldDUFHcg53xnvW9wstshh53oWz3zhjLQw/4xCB-c_dSiEAhIkTSitxNPdXdVcHYj8Vb1_SMImrfQk,Super Dragon Ball Z ,gpbear4,SDBZ%20%28PC%29,0,https://www.start.gg/tournament/vortex-gallery-online-2025/event/super-dragon-ball-z-na,2025-08-04T17:14:25.000Z,Super Dragon Ball Z,0,,,0,SDBZ,Confirmed,rec24jBOfifk8YfOs,2025-08-07T02:53:26.000Z,recFsSnifmo2YOEFx,gpbear4#912636,@gpbear4,0,None,https://www.start.gg/tournament/vortex-gallery-online-2025/event/super-dragon-ball-z-na,,https://vortexgallery.moe/info#SDBZ,0,0,0,1,None,68369ecf,0,0 Hours,gpbear4,PC,,,,,None,,,,None,,,0,0,recEporlRbu93it1q,NA,,,,,,,,,,,,,,,,,,,,,,,,
SCON4 (Dolphin),recEJTzuPYDBtpbYN,,recPkzeXP3mfw4ePi,SCON4,https://v5.airtableusercontent.com/v3/u/44/44/1754546400000/889E4kZ68O2R4gUoN1Y9zg/R0jWwnZbmEgq3vhvHBOWnaNtZYKOzzEfnkC5_Z8n_EjnYK39rvbd0X9OkL08y3JOJIaKevbk4y-VYkQc7UCaScbca505SiTHaIBOif-dkDpqCqyah4QREc71q232ljPqIkpIjbOJvVtdNjf2ECbvlw/EMNSSO6Kt_eyOBrkw-oNSd_gFbPrpAdFi6-rY_ne31I,Super Naruto Clash of Ninja 4 ,Moruto,SCON4%20%28Dolphin%29,0,https://www.start.gg/tournament/vortex-gallery-online-2025/event/super-naruto-clash-of-ninja-4,2025-07-29T01:06:59.000Z,SCON4,0,,,0,SCON4,Confirmed,recJxPlHIpAtoG1qE,2025-08-07T02:53:26.000Z,recPYdjZOZVbz74v3,MorutoruMo#689046,@ShadowMistLurk / @samue-l.bsky.social,0,None,https://www.start.gg/tournament/vortex-gallery-online-2025/event/super-naruto-clash-of-ninja-4,,https://vortexgallery.moe/info#SCON4,0,0,0,1,None,a83b3279,0,0 Hours,MorutoruMo,Dolphin,rec2MsKd8RLTyQaC0,@tundrusswift,Tundrus,,None,,,,None,,,0,0,recrEJmd4vWfYFahW,EU,,,,,,,,,,,,,,,,,,,,,,,,
TFH (Crossplay),recWBMrpbl2PqVnJY,64,rec0Yx95aUa9mRSiC,TFH,https://v5.airtableusercontent.com/v3/u/44/44/1754546400000/DxYV3ov5HzPzLFTpYE9nog/fIx7343GVwN-8xCDdTIUNe9G0NoHti1oJoYbUpipdJh8tmGwVqO0zEg41UJziJvckHDDCwVWGdE_A1iP6l1UUA7Hku-7Pniv2Ai-XNanHZpT0Y5UrRPRQ4LASjjY8yEeX7XDeD1lNfKY5cBRq09tY0cQSXTRvRhKl-1UEG6ms60/gq2qWNczx6nmxa3nsUuQjREEXxWzMex9gewM_WHnlVY,Them's Fightin' Herds ,Celi,TFH%20%28Crossplay%29,0,https://www.start.gg/tournament/vortex-gallery-online-2025/event/them-fightin-herds-na-eu-sa,2025-07-02T02:41:42.000Z,Them’s Fightin’ Herds,3,5%,3 / 64,0,TFH,Confirmed,recziemqtoaMc1PA9,2025-08-07T02:53:26.000Z,recyrMjVYQccTgRY5,Celi#1131603,https://bsky.app/profile/celiberrieddelight.itch.io,0,None,https://www.start.gg/tournament/vortex-gallery-online-2025/event/them-fightin-herds-na-eu-sa,,https://vortexgallery.moe/info#TFH,0,0,0,3,None,037a60a0,0,0 Hours,celi.berrieddelight,Crossplay,recUeSztZpXGn8J6X,@AzuTFH,Azu,,None,,,,None,,,0,0,recEporlRbu93it1q,NA,9/7 Sun,7 PM,CET,True,https://drive.google.com/uc?id=12gCC_TE6DMqOkd0R_tovGcr-wArj19nT,Yes,"NA, SA, EU",70/20/10,Double Elimination,2/3,2/3,,Winner must keep character. Loser may switch.,,"3/5 Games for Losers Finals, 3/5 Games for Winners Finals, 3/5 Games for Grand Finals",,4 Hours,https://www.twitch.tv/azutfh,"Baihe is Banned (Bugs that make the game crash still happen with her)
Shadow Palettes/Colors are banned.",,,,,
SOKU (Caster),,,recZt7qwTbZ1ZhBTs,SOKU,https://v5.airtableusercontent.com/v3/u/44/44/1754546400000/zfPU6KdPktgeLxZrnd_61w/AuP2ncQEVC-50OG9e2fJSAAjBcPfp5VUna1cu7WteLyfCeYY8FtboWwAgwms5ZpQ4zhdgxkOkw_Hj-SHe66mNfxPM-ZFdF25DWUq9AomG4m9ogAf-S6Rs25YAhft1j_FrsOvhiXyzT-QIB99yWtRjqrqMZDmVdfh8vpjMP-Vd-A/zWla_BhWNrH7RkALfI1BP18gQ3-35XmaxYV-FjDuevg,Touhou 12.3 Hisoutensoku ,,SOKU%20%28Caster%29,0,https://www.start.gg/tournament/vortex-gallery-online-2025/event/touhou-hisoutensoku-oce,2025-07-30T05:51:35.000Z,Hisoutensoku,1,,1 / ,0,Soku,Confirmed,recdsvtT4AI8pQ4zF,2025-08-07T02:53:26.000Z,recYQJSauOpD3TIZC,,,0,None,https://www.start.gg/tournament/vortex-gallery-online-2025/event/touhou-hisoutensoku-oce,,https://vortexgallery.moe/info#SOKU,0,0,0,1,None,,0,0 Hours,,Caster,recWBY7SpieUd5iPo,@kure_kle,klempfer,,None,,,,None,,,0,0,recZao6hOj02EcUOE,OCE,,,,,https://drive.google.com/uc?id=1poAITyeomleb5UfKK0CAr8ilCMubHt75,,,,,,,,,,,,,,,,,,,
AoCF (PC),recMxFOLpChnOiy0o,32,rec0sOiGvp86F5jpL,AoCF,https://v5.airtableusercontent.com/v3/u/44/44/1754546400000/HuKGRncRI4np884Fo1F0tQ/CxC8hED6ehsWONi0zEviUutXgtF0xk5jDxqo-oCraiucDf7hpE2ey73F419iTV0bHvsKmkMVrLgE3-0NOJSOkDwe5rVIQx5JOaG0TvQG9Ra6-zyoXYY8zHnAeopRb1gltwcZdVJXFokyIuhvQU56UQ/wVfL0voK_7KKreJ2JC0J21YdhivUbN4_5UE070olePI,Touhou 15.5 Antinomy of Common Flowers ,SonofGod1998,AoCF%20%28PC%29,0,https://www.start.gg/tournament/vortex-gallery-online-2025/event/touhou-hyouibana-antinomy-of-common-flowers-global,2025-07-02T02:41:39.000Z,AoCF,3,9%,3 / 32,0,AoCF,Confirmed,rec24jBOfifk8YfOs,2025-08-07T02:53:26.000Z,recGpUfHuW69ndtDd,SonofGod1998 #1059551,@sonofgod98,0,None,https://www.start.gg/tournament/vortex-gallery-online-2025/event/touhou-hyouibana-antinomy-of-common-flowers-global,,https://vortexgallery.moe/info#AoCF,0,0,0,8,None,1fcef16c,0,0 Hours,sonofgod_1998,PC,recIYx8WBmdv9DL54,@unyu155,unyu__,,None,,,,None,,,0,0,rec11xnNbXFYlBovE,ALL,9/6 Sat,1 PM,BRT,True,,Yes,,42/20/13/7/5/5/4/4,Double Elimination,2/3,2/3,,Winner must keep character. Loser may switch.,"If a glitch is done accidentally, redo the match and continue. If a glitch is done on purpose, DQ, kick or ban depending on how obvious it looks that they're intentionally trying to force a crash/glitch.","3/5 Games for Grand Finals, 3/5 Games for Winners Finals, 3/5 Games for Losers Finals","Squiroll version 1.4 or higher (https://github.com/Dazegambler/squiroll/releases/latest); Radmin for connections that can't work with Squiroll (https://www.radmin-vpn.com/).

Setting Squiroll: Download ""stable"" version and extract it into your game's folder (th115r, Netcode.dll and th155 need to be in the same folder with everything else in it), run th155r and you should see ""squiroll version 1.4"" on the top bar and on your main menu. If at any point something breaks or doesn't download, disable antivirus on your browser and windows defender to allow it to get downloaded/ use it on your pc. ",2 Hours,"Main Stream: https://www.youtube.com/@unyu1293
Backup Stream: https://www.twitch.tv/unyu__
Chinese Stream: https://live.bilibili.com/10012478",,,,,,
TSS (FC2),rec8byVM7iDs4mEqr,None,recnaHQy6w6dQfyLn,TSS,https://v5.airtableusercontent.com/v3/u/44/44/1754546400000/TO73-KgnH9lp3_Lir8Du5A/-263uRbN8NGYrUPydKoWFCNcNgxkVqe1ADwL9-gT6zj0m0JnoEd2ynC0lGmlyoQK5cBkMTvZtZB1iWR5L8u8iRllBheJs2amXxxJL5bBljNLPejYrroFEGywQjHtJ_xWRq7nO8f7JH4PpHBwaBEDIHQ-XEJET1TQ7MTIfDRkYcHKHvEivJzceGieFR2rEL_I/H7Fz7j329dx2SWa7EOP6YYMuV32r5Sdlph5X2lwv63Y,Twinkle Star Sprites ,cemera,TSS%20%28FC2%29,0,https://www.start.gg/tournament/vortex-gallery-online-2025/event/twinkle-star-sprites-global,2025-07-24T02:58:26.000Z,Twinkle Star Sprites,2,∞,2 / ∞,0,TSS,Confirmed,recuzzlHMMI2BlhKy,2025-08-07T02:53:26.000Z,recAT3Sdgo5bN5o2d,cemera_TSS#868018,@cemeraTSS,0,None,https://www.start.gg/tournament/vortex-gallery-online-2025/event/twinkle-star-sprites-global,,https://vortexgallery.moe/info#TSS,0,0,0,3,None,4461e710,0,0 Hours,cemera_,FC2,"recp1PyjI1NZbT0zr, rec2CByK3EazcGjQ8","@fgchypebot.bsky.social, x.com/r_parenthesis","Trash Boat, r_parenthesis",,None,,,,None,,,0,0,rec11xnNbXFYlBovE,ALL,9/6 Sat,9 PM,EST,,https://drive.google.com/uc?id=1VVfJ05KxfaYrZ4VbXve7QLoiwAdZGZeS,Yes,,60/30/10,Double Elimination,N/A,Varies,,Winner must keep character. Loser may switch.,,"2/3 Games for Losers Finals, 2/3 Games for Winners Finals, 2/3 Games for Grand Finals",,3 Hours,"https://www.twitch.tv/trashboat009 (English language)
https://www.twitch.tv/r_parenthesis (Japanese language)","Mevious and Memory are banned.

 In case of an undefined match because of a crash, not wired players will have a defeat. If both are not wired players or both are wired players, then the one with higher seed will win.",,,,,
UFDK (PC),rec47HnWqnEyoPQnj,32,recHKJ4ul9a7ONtH6,UFDK,https://v5.airtableusercontent.com/v3/u/44/44/1754546400000/kIWPOjRITCX9qixn1jP28w/mXF_09eInLU2ZkDEVRecgnIMJI6pMQA3oakmGCaPaYWJ-J4McsTzsQ2Ugbf_OxnOXEHUzRyrBfN5lms5Y7W6Gbma2DZV2Hs7GxYLbJyddK6lnDGr4y9ap6_HEgNnmeGjEglfmUdxIL4MZY4OHZvBF99-MweX6533jVG_78pZgSc/o5hczUQjLCv3YhfXnNtZBB7KPvQa3ynh-vhZcGe2tdw,Ultra Fight Da ! Kyanta 2 ,melody?,UFDK%20%28PC%29,0,https://www.start.gg/tournament/vortex-gallery-online-2025/event/ultra-fight-da-kyanta-2-na,2025-07-02T02:42:05.000Z,Ultra Fight Da! Kyanta 2,2,6%,2 / 32,0,Kyanta,Confirmed,rec24jBOfifk8YfOs,2025-08-07T02:53:26.000Z,recshwfFLK6octxIP,melody?#920077,twitter.com/NightlyMelodies,0,None,https://www.start.gg/tournament/vortex-gallery-online-2025/event/ultra-fight-da-kyanta-2-na,,https://vortexgallery.moe/info#UFDK,0,0,0,1,None,b4ee975c,0,0 Hours,trans.wrongs,PC,recFnJk11CBacsC8h,@YFDHippo,YFDHippo,,None,,,,None,,,0,0,recEporlRbu93it1q,NA,9/14 Sun,5 PM,PT,True,https://drive.google.com/uc?id=1mdFB3YJQZGHIHs5Qav0daNgIDtFOC1Jg,Yes,,,,,,,,,,,,,,,,,,
UMPD (PC),recXR2Ct1N6iIS5gs,None,recACpkozdc18wlJA,UMPD,https://v5.airtableusercontent.com/v3/u/44/44/1754546400000/R0B4IqmP3KZswGvoVjTXpQ/bNHgGnp9in2-8LmPVX9f4SR-6y5k3H24YidEE7TqSqW3IpTO3V1qD6_I_5D2fuXUcfJP1SGAj_NxykVMv3hfQUYqqShlWRY8r_rWtSTKTIRWSk9D1fQbgQHVO5F1pAJtx8AH3DU0gfbsr04Y2aB_5matT7kAUVPZeCx-VhOeaio/Yl_93lACPBqALSruhqe50bPEXgpK5bPMlpN7u3Cbp24,Uma Musume: Pretty Derby ,Paul Le,UMPD%20%28PC%29,0,https://www.start.gg/tournament/vortex-gallery-online-2025/event/uma-musume-pretty-derby-global,2025-07-30T06:34:52.000Z,UMPD,23,∞,23 / ∞,0,UMPD,Confirmed,rec24jBOfifk8YfOs,2025-08-07T02:53:26.000Z,recNmweuFBCA37foJ,PlusFramesGG#918446,https://x.com/lepaulbao,0,None,https://www.start.gg/tournament/vortex-gallery-online-2025/event/uma-musume-pretty-derby-global,,https://vortexgallery.moe/info#UMPD,0,0,0,3,None,bc382d7d,0,0 Hours,lepaulbao,PC,recbGM2MhK61Temln,@CrackinAtkins | ‪@crackinatkins.plusframes.gg‬,Crackin Atkins,,None,,,,None,,,0,0,rec11xnNbXFYlBovE,ALL,9/13 Sat,4:00 PM (PST),PST,,,Yes,Global (Running on the Global Version of the game),50/30/20,Single Elimination,N/A,Varies,"Rules:

3 players Per match (3 Umas each | B+ Rank Limit)

All 9 Umas race in together in ""Tokyo — Turf | 2400 m — Medium — 
 | Counterclockwise | Good — Spring — Sunny""

1st place player advances (Can be any of their 3 Umas )

Single Elimination",Winner & Loser may switch.,,Varies,N/A,3 Hours,"https://www.twitch.tv/plusframesgg
https://www.twitch.tv/lonelyreason
https://www.twitch.tv/umadotmp4
https://www.twitch.tv/berryremmy
https://www.twitch.tv/feelinghiraeth
https://www.twitch.tv/umamusumepfgg",,,,,Potentially,
UNI2 (Steam),recawRdbOZHb5IRnG,32,recoxpCNzt0VmXWlB,UNI2,https://v5.airtableusercontent.com/v3/u/44/44/1754546400000/vx99T62yjjHsLPnRPCH07w/BNKB0ip_uHWHMOvNs00H4fDvGRwc5FdedvsKZcyk9WrlXmRczTYQtVJpmbsijsZsZeusTSFYCSkPRI3mm8EIC-Uo7QJMmMGW3GJbIo2KyPhwJJIVYQRvzGIXfpz35olcNHpG96uPMmnCzCnCcW3T9JxM44q-0yu7qOnXakVAHG0/kwgL1HcR4pZu8p-uszwoMMWzSrf15Wvbyo405y2aBjQ,Under Night In-Birth II Sys:Celes ,Oso Ragna,UNI2%20%28Steam%29,0,https://www.start.gg/tournament/vortex-gallery-online-2025/event/under-night-in-birth-ii-sys-celes-lan,2025-07-22T03:24:43.000Z,Under Night In-Birth,2,6%,2 / 32,0,UNI2,Confirmed,recIMmOa3K2dhwHzo,2025-08-07T02:53:26.000Z,recsxtn1KBWKmnMEe,JeanneKafka#1065085,https://x.com/RagnaPho3niX,0,None,https://www.start.gg/tournament/vortex-gallery-online-2025/event/under-night-in-birth-ii-sys-celes-lan,,https://vortexgallery.moe/info#UNI2,0,0,0,4,None,d87a2f8c,0,0 Hours,osoragna,Steam,recNxG7tDrO3F506f,@SmashingPala,Pala,,None,,,,None,,,0,0,recX1NySoxwdgbkPY,LAN,9/5 Fri,9 PM,BRT,,https://drive.google.com/uc?id=1X2FlCRnLruc9XmeUFk8hZB3FEFL22BKx,Yes,LAN Only,N/A,Double Elimination,2/3,2/3,,Winner must keep character. Loser may switch.,,"3/5 Games for Losers Finals, 3/5 Games for Winners Finals, 3/5 Games for Grand Finals",,3 Hours,https://www.twitch.tv/melty_lan,,,,"Up to 30$: Top 3 (60/30/10)
Up to 100$: Top 4 (50/25/15/10)",No,
UNI2 (Steam),recAoHyWoJiIXLp2j,64,recoxpCNzt0VmXWlB,UNI2,https://v5.airtableusercontent.com/v3/u/44/44/1754546400000/vx99T62yjjHsLPnRPCH07w/BNKB0ip_uHWHMOvNs00H4fDvGRwc5FdedvsKZcyk9WrlXmRczTYQtVJpmbsijsZsZeusTSFYCSkPRI3mm8EIC-Uo7QJMmMGW3GJbIo2KyPhwJJIVYQRvzGIXfpz35olcNHpG96uPMmnCzCnCcW3T9JxM44q-0yu7qOnXakVAHG0/kwgL1HcR4pZu8p-uszwoMMWzSrf15Wvbyo405y2aBjQ,Under Night In-Birth II Sys:Celes ,acetil,UNI2%20%28Steam%29,0,https://www.start.gg/tournament/vortex-gallery-online-2025/event/under-night-in-birth-ii-sys-celes-oce,2025-07-30T02:12:06.000Z,Under Night In-Birth,3,5%,3 / 64,0,UNI2,Confirmed,recIMmOa3K2dhwHzo,2025-08-07T02:53:26.000Z,recsxtn1KBWKmnMEe,acetil#1028722,https://x.com/acetil__,0,None,https://www.start.gg/tournament/vortex-gallery-online-2025/event/under-night-in-birth-ii-sys-celes-oce,,https://vortexgallery.moe/info#UNI2,0,0,0,3,None,4b3be5a8,0,0 Hours,acetil,Steam,recepb3PWcAk9c5vx,https://bsky.app/profile/aifyrin.bsky.social,Firery,,None,,,,None,,,0,0,recZao6hOj02EcUOE,OCE,8/29 Fri,7:30 PM,AEST,,https://drive.google.com/uc?id=1X2FlCRnLruc9XmeUFk8hZB3FEFL22BKx,Yes,,60/30/10,Double Elimination,2/3,2/3,,Winner must keep character. Loser may switch.,,"3/5 Games for Losers Finals, 3/5 Games for Winners Finals, 3/5 Games for Grand Finals",,2 Hours,https://twitch.tv/firery,Izumi will be allowed,,,,,
VHUNT (FC2),recCDhzGrDk8lzbIh,,recVGC1U2ewgT9jNG,VHUNT,https://v5.airtableusercontent.com/v3/u/44/44/1754546400000/lgGQPowsf0xOoH6i1JKWIA/DSaNq21zykLRjw-1zpJTqUCPW1uma8_Dl1_mYg3MCEcr3P_8Y5J-6KZD7O394k5zdC-M-UVbSx8Yv4auzaBp_ipIwhVSLk6rqzPnIHMCHOWf9DqFYvKvfo6dBWTdySLV1ydAtaRwhzj2PZHFYSu5KOJ6tVHoyJFaLEBtydiXExHXMqP4LF1U8SoHGQyr5JR9/FnaWF95DzaVvGxxX0XkMyLWLXmeiDL3VP1XbHKjtKMw,Vampire Hunter ,Alexalchemy,VHUNT%20%28FC2%29,0,https://www.start.gg/tournament/vortex-gallery-online-2025/event/night-warriors-darkstalkers-revenge-vampire-hunter-global/overview,2025-07-30T05:34:22.000Z,Vampire Hunter,6,,6 / ,0,VHunt,Confirmed,recuzzlHMMI2BlhKy,2025-08-07T02:53:26.000Z,recjkFwHTQlcuaM2F,Alexalchemy1#856556,@Alexalchemy1,0,None,https://www.start.gg/tournament/vortex-gallery-online-2025/event/night-warriors-darkstalkers-revenge-vampire-hunter-global/overview,,https://vortexgallery.moe/info#VHUNT,0,0,0,1,None,https://www.start.gg/user/8f110840,0,0 Hours,Alexalchemy,FC2,recSYTStp4lLK4gMs,https://bsky.app/profile/joepreal.bsky.social,JoePReal,,None,,,,None,,,0,0,rec11xnNbXFYlBovE,ALL,,,,,,,,,,,,,,,,,,,,,,,,
VSAV (FC2),reczBt2AOgDXvx82W,None,reciZ1MdMamc1KZqf,VSAV,https://v5.airtableusercontent.com/v3/u/44/44/1754546400000/GadTO3ZzNJIrgOthTIo59Q/PryD4_Dx_Q-LOrX4l2xdM6RyVHNpEQitgrSOUMraDXrKA_F5vhoaq5e5N1ZBMvY-J5e68dOg2-c2J-My1Ekn6OQJmNL8kCrY4en3XydpZgzpZj7K93QjKi7Tdbeutz4GR1LhAekWB6W0DeVBsCJ7uBl0YYqOCayb3bFzyAoWouc/YdeCCKDUXSma3vzCJJw3SgB_u_GzagPvXeY6IxEodUw,Vampire Savior ,The Seeker,VSAV%20%28FC2%29,0,https://www.start.gg/tournament/vortex-gallery-online-2025/event/vampire-savior-sa/overview,2025-07-02T02:42:03.000Z,Vampire Savior,8,∞,8 / ∞,0,VSAV,Confirmed,recuzzlHMMI2BlhKy,2025-08-07T02:53:26.000Z,receTFCtNFIUrhf5y,The Seeker#575026,@ISW_TheSeeker,0,None,https://www.start.gg/tournament/vortex-gallery-online-2025/event/vampire-savior-sa/overview,,https://vortexgallery.moe/info#VSAV,0,0,0,4,None,9efa2ed3,0,0 Hours,.the_seeker,FC2,recw6OPKhDLmRphhV,@_kinomot0,Kinomot0,,None,,,,None,,,0,0,recEcIcyq5t9pZzoG,SA,9/6 Sat,5 PM,BRT,True,https://drive.google.com/uc?id=1oCVcxctkB07fFTl0FD_YxgkdEbHn6cwo,Yes,,50/25/15/10,Double Elimination,2/3,2/3,Turbo 3,Winner must keep character. Loser may switch.,"Vencedores devem manter o mesmo personagem, enquanto perdedores podem trocar de personagem.
   • Shadow é banido, pois fere a regra acima.
   • Game breaking glitches estão banidos.

","3/5 Games for Losers Finals, 3/5 Games for Winners Finals, 3/5 Games for Grand Finals",,3 Hours,"https://www.twitch.tv/nekopunchi
https://www.youtube.com/@nekopunchi2756",https://docs.google.com/document/d/1zslhPmHOGxdqZGcNzi4iPvAcierf_r8pEMNkbKKu8QE/edit?usp=sharing,,,,,
VSAV (FC2),recdebBqIIVYAIZDt,,reciZ1MdMamc1KZqf,VSAV,https://v5.airtableusercontent.com/v3/u/44/44/1754546400000/GadTO3ZzNJIrgOthTIo59Q/PryD4_Dx_Q-LOrX4l2xdM6RyVHNpEQitgrSOUMraDXrKA_F5vhoaq5e5N1ZBMvY-J5e68dOg2-c2J-My1Ekn6OQJmNL8kCrY4en3XydpZgzpZj7K93QjKi7Tdbeutz4GR1LhAekWB6W0DeVBsCJ7uBl0YYqOCayb3bFzyAoWouc/YdeCCKDUXSma3vzCJJw3SgB_u_GzagPvXeY6IxEodUw,Vampire Savior ,MiniMaww,VSAV%20%28FC2%29,0,https://www.start.gg/tournament/vortex-gallery-online-2025/event/vampire-savior-na/overview,2025-08-04T17:04:35.000Z,Vampire Savior,7,,7 / ,0,VSAV,Confirmed,recuzzlHMMI2BlhKy,2025-08-07T02:53:26.000Z,receTFCtNFIUrhf5y,Mini_Maww#1018268,@MiniMaww,0,None,https://www.start.gg/tournament/vortex-gallery-online-2025/event/vampire-savior-na/overview,,https://vortexgallery.moe/info#VSAV,0,0,0,1,None,ddee368a,0,0 Hours,minimaww,FC2,rec2vTIkcfzuZN6m9,@AilerusVMP,Ailerus,,None,,,,None,,,0,0,recEporlRbu93it1q,NA,,,,,https://drive.google.com/uc?id=1oCVcxctkB07fFTl0FD_YxgkdEbHn6cwo,,,,,,,,,,,,,,,,,,,
WW7 (FC2),recCDhzGrDk8lzbIh,,recSB57xBbj2px5WZ,WW7,https://v5.airtableusercontent.com/v3/u/44/44/1754546400000/gHA8IRHYoTPCDGrHaKKTIQ/-r6XgmaeXqD8KmazUV_MqNpGgCQe3Y9yVevmS3d01iNQgsVvlrUVTDTjXNb5RBsxQtndZgHQAdowm-OGCV5wsEoi-Sfi_Y6qOPclYzPxm0J9Ycn3AsPVJNAJ2NI7BGraHe702Bs_O-QY9gs6ACA6ZB07f_l3IwXgkX6MCTmOMkM/31Fq7vJClzsVcqmxQeyMt6jOq2YAm_VH4B0Wy5Ar7sA,Waku Waku 7 ,Alexalchemy,WW7%20%28FC2%29,0,https://www.start.gg/tournament/vortex-gallery-online-2025/event/waku-waku-7/overview,2025-07-30T05:30:11.000Z,Waku Waku 7,4,,4 / ,0,Waku,Confirmed,recuzzlHMMI2BlhKy,2025-08-07T02:53:26.000Z,receJmAwQHqaCOOj9,Alexalchemy1#856556,@Alexalchemy1,0,None,https://www.start.gg/tournament/vortex-gallery-online-2025/event/waku-waku-7/overview,,https://vortexgallery.moe/info#WW7,0,0,0,1,None,https://www.start.gg/user/8f110840,0,0 Hours,Alexalchemy,FC2,recKoJzo7kqQO0P5u,@ultrayoshi.bsky.social,ultrayoshi,,None,,,,None,,,0,0,rec11xnNbXFYlBovE,ALL,,,,,https://drive.google.com/uc?id=1ebjE878RONgAmmUixSRzgzH3jsekfuSJ,,,,,,,,,,,,,,,,,,,
WJ1 (FC2),rec9GG3YE9uXYwCdT,32,rec3bnjn7Mk6lpoDb,WJ1,https://v5.airtableusercontent.com/v3/u/44/44/1754546400000/SmcelReCzOOb48sp0VGWPw/3nTsX-TXq9Xinuk050ZgKhB6EbMxeHTtxm1Jd9_YsiaTo37a3lUwf7D91DjIvhGWz-e3SQ4hLBA8EeJqYuPeC54Blc_tsQRDDN1Qy0DNbiV0vFxKYCvb7as00koyPPTXDYzSLrX7LykScixpLL3r2lAfNXl00DcmF9QwFS6FWRMdH2Tb7AvUSgDneS7bRhXz/xQkB5Md2MjXc9jwusJZW2JogPB6phgkNJ3xFOWzIbno,Windjammers ,WarpWhistle,WJ1%20%28FC2%29,0,https://www.start.gg/tournament/vortex-gallery-online-2025/event/windjammers-global/overview,2025-07-02T02:41:48.000Z,Windjammers,5,16%,5 / 32,0,WJ1,Confirmed,recuzzlHMMI2BlhKy,2025-08-07T02:53:26.000Z,recOhrOl9SuyX3B5C,WarpWhistles#820519,@WarpWhistles,0,None,https://www.start.gg/tournament/vortex-gallery-online-2025/event/windjammers-global/overview,,https://vortexgallery.moe/info#WJ1,0,0,0,1,None,36698561,0,0 Hours,warpwhistle,FC2,rec9GG3YE9uXYwCdT,@WarpWhistles,WarpWhistle,,None,,,,None,,,0,0,rec11xnNbXFYlBovE,ALL,9/7 Sun,5 PM,CET,True,https://drive.google.com/uc?id=13IWgl5pqHHmVjK5rrubGt7sx_MAqTEs-,No,Global (Focus given to LATAM & EU),,,,,,,,,,,,,,,,,
WJ2 (PS4),recW4IMpPLvWZSUHC,,recYoT7uefew6H6rG,WJ2,https://v5.airtableusercontent.com/v3/u/44/44/1754546400000/zuouNRoSsNDvLUL-8xLZcw/DQgJe2XEFUUyLRCqB-Nj8yMy5h5fkh6630efnExb3pztGxbtXEEhKFqJ8_hwDlwAGMDX_EjIJgFt8nGfMOwu9Y1Mvi67w7nV6XUIxA2uU_gh2DVmKxcRtC6_wdM7M9IMiNkVofRLc5-_hhSjokyRIw/qt2Oq51ffBkkAkKFNvMDJpWVCJTuK6z2VwCkVef1L1g,Windjammers 2 ,NautilusRepertus,WJ2%20%28PS4%29,0,https://www.start.gg/tournament/vortex-gallery-online-2025/event/windjammers-2-na/overview,2025-08-04T17:20:19.000Z,Windjammers,3,,3 / ,0,WJ2,Confirmed,recUwDAXmLOClnqAZ,2025-08-07T02:53:26.000Z,rechc4D8EIAf7vfSw,nautilusrepertus#1155076,@rivethead.bsky.social,0,None,https://www.start.gg/tournament/vortex-gallery-online-2025/event/windjammers-2-na/overview,,https://vortexgallery.moe/info#WJ2,0,0,0,1,None,e68b9b37,0,0 Hours,nautilusrepertus,PS4,rec9GG3YE9uXYwCdT,@WarpWhistles,WarpWhistle,,None,,,,None,,,0,0,recEporlRbu93it1q,NA,,,,,https://drive.google.com/uc?id=1KxyVpQV31-s4ZCQQujPXac7GT3iFXds_,,,,,,,,,,,,,,,,,,,
WW (PC),reclgrlZ0oQ1GLdUi,16,rectoidt7579dStUI,WW,https://v5.airtableusercontent.com/v3/u/44/44/1754546400000/GxiLgGa3XYTSGldFuevkmA/L0foO9mAdOgU6Pwl5WMSP_FKk8zuq4Z5IRlhH71aPc8UPPcZ5Rusr4vAyAMT3BPbXzjs6UacYAtEeNZZL3leXw-bS-eLKhWzkHLlymnAleAfUPE5RdCBd2EFH5SykLWRooyRPfFIzNeMNIuHnVgcwhgknbYTH4AIPjTbW0PNDkE/hWIYfMi2OMO3dqfWbxtgsUpTbTLDo1ugIlqPg6UFqpw,Wonderful World ,Melissa Meant It,WW%20%28PC%29,0,https://www.start.gg/tournament/vortex-gallery-online-2025/event/wonderful-world-na/overview,2025-07-02T02:41:21.000Z,WanWan,2,13%,2 / 16,0,WanWan,Confirmed,rec24jBOfifk8YfOs,2025-08-07T02:53:26.000Z,rec8GAdYl6aqwrQdM,1066936,@melissa.guiltygear.gay,0,None,https://www.start.gg/tournament/vortex-gallery-online-2025/event/wonderful-world-na/overview,,https://vortexgallery.moe/info#WW,0,0,0,3,None,dc9dfac7,0,0 Hours,melissameantit,PC,recnt48NYpspzIQ4M,thorntheletter,thorntheletter,,None,,,,None,,,0,0,recEporlRbu93it1q,NA,9/14 Sun,2 PM,PT,True,https://drive.google.com/uc?id=1LjVCK1ked817ziGtCg14WzEE3z5xXKpZ,Yes,,60/30/10,Double Elimination,2/3,2/3,Timer: 0,Winner must keep character. Loser may switch.,,"3/5 Games for Losers Finals, 3/5 Games for Winners Finals, 3/5 Games for Grand Finals",Lilithport: https://wiki.gbl.gg/w/Help:LilithPort,2 Hours,https://www.twitch.tv/thorntheletter/,,$100 from thorntheletter,,,,100
