Tournament,Staff-Lead TOs,Info-Cap,$-Pot Split,Game,Staff-Bracket Runners,Abbr-Game,Record ID,Pools-Bracket Type,Pools-Rounds per Game,Pools-Games per Set,Rules-Chara Change,Finals-Games per Set,Img-Game Logo,Game Name,Rollup-BRs,Rollup-Commentators,Rollup-Lead TOs,Tournaments (Encoded),$-Total Match,Time-Desired Day,Smash URL,Date Added,Setups-Secured,Discord Role,Time-Est. Run Time,Info-% of Cap,# of Commentators,Data-Schedule,Short Name,Status,Data-Platform,Date Modified,Data-Game Record ID,Time-Alternate Days,Staff-Lead TO Match ID,Lineup,Twitter-Lead TO,# Done,ðŸ“º Finals Stream,ðŸ“‹ Brackets,ðŸ’° Matcherino,ðŸŒ Info,$-Match Paid Out,$-Winners Info,$-Top 8 Info Collected,$-# of Payouts,Setups-Total Needed,Setups-%,Staff-Lead TO Smash ID,Time-Run Time #,Time-Run Time,Staff-Lead TO Discord ID,Staff-Commentators (Twitter),Data-Platform Short Name,Staff-Commentators,âœ…-Announcead,Time-Desired Time,Rollup-Streamers,Info-Entry Fee,Img-Promo Slide,Rollup-Format,Time-Start Pools String,Stream-Pools,Stream-Finals,Stream-Pools URL,ðŸ“º Pools Stream,Stream-Finals URL,Smash ID,Staff-Comms Pronouns,$-Winners Info Collected #,$-Unreg Bonuses,$-Pot Paid Out,Logo gDrive (from Game),Promotion,Tournament copy,$-Pot Bonus Info,$-Pot Bonus Amount,Info-Comments,Staff-Support,Rollup-Support,$-Prizes,Rules-Game Settings,Info-Software Needed,Rules-Glitches,Rules-Notes,Time-Unable Days,$-Pot Split Further,Multi-day Event Info,IRL-Unreg-Swaps,Volunteers,Time-Start Day,âœ…-Scheduled,IRL-Unreg,Format,# of Players on Team,956P Notes,Schedule-Streams,âœ…-Bracket Created
ABKAA (Flycast),recE0y4mYTZlFeWaZ,64,50/30/20,recJiqsk1UknhuVbe,recvs9QxkcstAlXlk,ABKAA,recFqOvMP2cuSIpxU,Double Elimination,2/3,2/3,Winner must keep character. Loser may switch.,"3/5 Games for Losers Finals, 3/5 Games for Grand Finals, 3/5 Games for Winners Finals",https://v5.airtableusercontent.com/v3/u/47/47/1763208000000/GgdbVF2OxuXkZ9m_Lh6tDw/MunnEm0KQag_4rAhjrgVWSMaw4_zy83sH-RCS3PnkzGSgCvKsCzMhtC9eDkFTu90aCj4XMoyRPcHV5xnwoQooNc9T5sLfvUOqnKe4myDG4MD0Sndrwgd_0C7aaf7aV30eDgbtl7UdsiZg35rOsByDed9-KYaoCy9h_8f91dEcaVJ0Q4Dqm6qkzfpkHSbhaeh/DHG5LfgoqcPDFmubXA3Qtc6e6JWdq6rIt_H-OrlCHEQ,Akatsuki Blitzkampf Ausf. Achse,lateenx,Mibeador,Mibeador,ABKAA%20%28Flycast%29,0,Fri 1/24,https://www.start.gg/tournament/vortex-gallery-at-frosty-faustings-xviii/event/akatsuki-blitzkampf-ausf-achse,2025-09-20T05:40:06.000Z,2,Akatsuki Blitzkampf,3 Hours,0%,1,recRnr79RQYvd0dIi,ABK,Confirmed,recVxvEZbXd62y97i,2025-11-13T05:34:22.000Z,recoqQNwa1k9jJyDq,"Sat 1/25, Sun 1/26",Mibeador#837250,1st Lineup,@Mibeador,0,None,https://www.start.gg/tournament/vortex-gallery-at-frosty-faustings-xviii/event/akatsuki-blitzkampf-ausf-achse,,https://vortexgallery.moe/info#ABKAA,0,0,0,3,4,0.5,8e78eae6,0,0 Hours,mibeador,@Mibeador,Flycast,recE0y4mYTZlFeWaZ,True,3 PM,,5,https://v5.airtableusercontent.com/v3/u/47/47/1763208000000/aqs3UG3YA9YXts-hwFIPqQ/pq06i6KSN8S33mkxOFTsaXXiwqJHap9fUJfELNk6Voire3Z1fsLbZCUvP_9uiU1_-K59APW1BKtipcp9HcPL2axQTTAfNMXMlQi5l64Bsi4bgG6nAej2H4TcRBEp44Xh2VU1vQ1MlaHtm2WmH_ytwtfcCj8tvmaGeuE7aeSVzSQ/fmk5-3thufqqs-PsfQSnpjLeg1p4ZJprWkonifntP1M,,None,,,,None,,,Mibeador (he/him),0,0,0,https://drive.google.com/uc?id=1AG77jbWU0WB1J-JhEJB_XUY42nJCA1vN,recLTvAn1P3hEJqMW,Akatsuki Blitzkampf Ausf. Achse (Flycast),,,,,,,,,,,,,,,,,,,,,,,
AP (PS3),rec1k29PIODFrgUjb,32,50/30/20,reckEdLewH8IjZWsC,reckMlVP2DrY8hIGA,AP,recA1d7QIZ5iizh13,Double Elimination,2/3,2/3,Winner must keep character. Loser may switch.,"3/5 Games for Losers Finals, 3/5 Games for Winners Finals, 3/5 Games for Grand Finals",https://v5.airtableusercontent.com/v3/u/47/47/1763208000000/uK7zAqKYiUnjCuGXGrjs5A/zTAp_qxB-yII3yQ0tM9VIXa8K8KJeDvouMBDkCjra5B_VG5QM-wc0EFZOeRiLvxz1kHO_4pg3rfv58EwRnCJHSxcNn1iz8ukxrQSJ61aUiQR96STa_Kd3PMhH5ukl-L6NVtL73DcwEIusER1__i-Dw/ChRPBbkU4HpNf9AeaNerVpuv1MkEbEFqpkQaSfaKy24,Aquapazza,BunniesFromHell,BunniesFromHell,Crimefighter,AP%20%28PS3%29,0,Sun 2/1,https://www.start.gg/tournament/vortex-gallery-at-frosty-faustings-xviii/event/aquapazza-aquaplus-dream-match,2025-09-20T05:40:08.000Z,4,Aquapazza,3 Hours,0%,1,recoyVrbUS6U7WMsy,AP,Confirmed,recinc6b9NNMARnpU,2025-11-11T04:29:12.000Z,recHL5DyrRMFxH6pN,"Sat 1/31, Fri 1/30",Crimefighter#489199,1st Lineup,@crimefighter.bsky.social,0,None,https://www.start.gg/tournament/vortex-gallery-at-frosty-faustings-xviii/event/aquapazza-aquaplus-dream-match,,https://vortexgallery.moe/info#AP,0,0,0,3,4,1,dc289a78,0,0 Hours,Crimefighter,@BunniesFromHell,PS3,reckMlVP2DrY8hIGA,True,12 PM,,5,https://v5.airtableusercontent.com/v3/u/47/47/1763208000000/4gcIud2-VaGroAyJ7eMKZA/s3C3DZBnGh0R2oQEQqtpkYz65cIYFalsaV5YvE-vpdzeq-LEBwfxMGKkcMYF33wkDkMCF-AzPIZnxsn0nBh6qdPxOC3MoFuyUl0ykGSrAMEtEea-MbKH22scSws0U505NGmF_WihrL6RguWp58A6AWAEn2NaA6QvEJc3CPIMTVc/cdj5tjG8nY6X5FNdMT7ioXk0kUXrS2kC7SmvYH5YxQg,,None,,,,None,,,"BunniesFromHell (she/her, it/its)",0,0,0,https://drive.google.com/uc?id=13r0YYz07CqZl5nIc6btZx1FP7J-X2N7b,,Aquapazza (PS3),Crimefighter is donating 50,50,I have no desired time,"recsnmM0N6emZ97dR, reckMlVP2DrY8hIGA","omega_black,BunniesFromHell",,,,,,,,,,,,,,,,,,
AH3X (Steam),recpdBbNorVCeDlKg,64,70/20/10,recfyAg5ovnjNXPdH,"recpdBbNorVCeDlKg, recdXMvjXubl5xLYk",AH3X,recM4Cv4VmWVMuePY,Double Elimination,2/3,2/3,Winner must keep character. Loser may switch.,"3/5 Games for Losers Finals, 3/5 Games for Winners Finals, 3/5 Games for Grand Finals",https://v5.airtableusercontent.com/v3/u/47/47/1763208000000/znlhzqsHIYtQaivDncgGVA/RxDo4I8k0W-N637poMxPzRyxmVmJTsdGuE8tLE633OLiSWm_qax3o7yU83kSgeJSHMaUZegKefe4Dv-uxMtz0uy7YQtnGMQv9zcJx6WJ-OlgZG5-PTYP9PHVMbSalQNRzaowlgKNpuMlKw5LunFZb1SQ3lnTi237-_qfLtaUFTw/IHyJB7MRf3sGNhb3mAB-7_BY9qeRWX_flzt7jPaGgSk,Arcana Heart 3 Love Max !!!!! Extend,"Chrono Sanaki,Akuadynasty",,Chrono Sanaki,AH3X%20%28Steam%29,0,Sat 1/31,https://www.start.gg/tournament/vortex-gallery-at-frosty-faustings-xviii/event/arcana-heart-3-lovemax-sixstars-xtend,2025-09-20T05:30:53.000Z,5,,4 Hours,0%,0,recNDObj1Fmt0rnri,AH3X,Confirmed,recWhY5XqcZagROcT,2025-11-11T04:29:12.000Z,recPkjeM9Hyj5hRGn,Fri 1/30,Chrono_Sanaki#1028004,1st Lineup,@ChronoSanaki,0,None,https://www.start.gg/tournament/vortex-gallery-at-frosty-faustings-xviii/event/arcana-heart-3-lovemax-sixstars-xtend,,https://vortexgallery.moe/info#AH3X,0,0,0,3,8,0.625,f5477784,0,0 Hours,chronosanaki,,Steam,,True,8 PM,,5,https://v5.airtableusercontent.com/v3/u/47/47/1763208000000/Gnxc6lbjJ1pncp4LQHSd9w/WhejwGith9K8rzsrUZZJl2pgLlP1ZzEI0RrKqc7KRtM0BRGMAme2czfq--f_Wyj_FxSQxxmY8lEaedfGmVorlnBozXUVmfPD_i5lguWXuU4GOMle1WX3iZEIlTLwp93ubVSaYYQC94qVjiLi0_lhr4Aq1ao8NMDQi1FO9C21dFk/sIyInfbxkenECQChAPrF9P6R1NYJvkJi8VcwrZMefNM,,None,,,,None,,,,0,0,0,,,Arcana Heart 3 Love Max !!!!! Extend (Steam),"No concrete info on pot bonuses yet, ideally if there is one it'll make its way to the Matcherino",,Ideally I would like to run First to 3 for all of Top 4 rather than have Winner's Semi's go First to 2 but no such option existed in the designated tournament format section,"recQi3lqpOtT1klOi, recdXMvjXubl5xLYk, recpdBbNorVCeDlKg","LegendaryBlueShirt,Akuadynasty,Chrono Sanaki",1st place winner wins a free copy of the Arcana Heart 2 drama CD as provided by the TO,"Timer set to 60
","If a laptop setup or PC setup is provided, please ensure that the game's frame rate has been locked to 60FPS via NVIDIA Control Panel (or another specific application)",,,,,,,,,,,,,,,
ASUKA (MiSTer),recASUByC2x7zWlbl,32,50/30/20,recvZAlWTIeRqmKVz,,ASUKA,rec5kbVKQvJL8Tw6P,Double Elimination,2/3,2/3,Winner must keep character. Loser may switch.,"3/5 Games for Winners Finals, 3/5 Games for Losers Finals, 3/5 Games for Grand Finals",https://v5.airtableusercontent.com/v3/u/47/47/1763208000000/TAXlEuclKcboi_e81SMy1w/1mxe9Eq8ih05juE0BIaVgc8VCdvLueB0blj8JHZh5Mahk2oLMAD_ZSo4uMkPYAYJUxqg81EoZPZYjyKIToLD78zB79okX9FkHp5_waShpeL5Juru6NaPum2IFTlKS5QFqM8blw-Fz1h1iUXqYA8b8imo-dIqfnNMF3CGYgUwZJU/9tiR9tFSmS14tAxJ9gmedyywQieNw46m74NEVOmzpxA,Asuka 120% LimitOver Burning Fest.,,,Narr,ASUKA%20%28MiSTer%29,0,Sun 2/1,https://www.start.gg/tournament/vortex-gallery-at-frosty-faustings-xviii/event/asuka-120-limitover-burning-fest,2025-09-20T05:30:39.000Z,3,Asuka 120%,2 Hours,0%,0,recPw1xuib3w9pLcR,Asuka 120,Confirmed,recsjzSn9OyxGku3g,2025-11-11T04:29:12.000Z,recgQGPoCQ9F5qCLA,"Fri 1/30, Sat 1/31",Narr#916597,1st Lineup,@gunstargum,0,None,https://www.start.gg/tournament/vortex-gallery-at-frosty-faustings-xviii/event/asuka-120-limitover-burning-fest,,https://vortexgallery.moe/info#ASUKA,0,0,0,3,4,0.75,14ede121,0,0 Hours,trainerhilda,,MiSTer,,True,12 PM,,5,https://v5.airtableusercontent.com/v3/u/47/47/1763208000000/szjQAkrvYhToegqBif8BlA/5vAOBdWIvDmzPtj0I5ofrZ-pOWV9Xby7BncL3FjLkTOVPYEOjNt0PZFLriAPMWjWpb9ncZQAsp-t0W-Awm2asm6ghjGlyINPJenikqy--lA-CF4OeOlzipCgvPx5wdCfPm1a2RKQMFEtFB770wWpvXh0qAmwHhYx3lBJpCe1Z0I/NlbaYZZi7F0E2RSoYqr4ccVn52cElrf8cV1NAAM7VKs,,None,,,,None,,,,0,0,0,https://drive.google.com/uc?id=1_z5CaLFt308gk4vceWsr34srFXXBnCvs,,Asuka 120% LimitOver Burning Fest. (MiSTer),,,,,,,Torami is played at Handicap/Handy 4.,,"If Kumi's 214C handcuff glitch occurs, the Kumi player must immediately neutral jump j.C to end the glitch. Continue the match as normal. Using any other moves or attempting to timer scam will result in a game loss.",Players are heavily encouraged to hit the reset button in front of the setup after they play their set.,,,,,,,,,,,,,
BBTAG (PS4),recD7i2NAVdmyKIDT,64,60/30/10,recR2YE3Oc1yTh3jJ,,BBTAG,recD6VgyooeWVVNbV,Double Elimination,N/A,3/5,Winner must keep character. Loser may switch.,3/5 Games for Top 8,https://v5.airtableusercontent.com/v3/u/47/47/1763208000000/ifwdhXUSGKZYGNcvQC3Kbg/KEeijoBXudwgCnjhfI4c2DJjJwJ_h_nHZehftka7IyThPbQI0_SpXkXijv8b7kQpj5QgG4ErcyF1bthif6p4huLxK-YOb3g3UQCx7jWX8Mme5iTAB-8NL1TgmnIeVt0zo4WV3TyMeL3776rYHaWFMwcj6Bw-CQvWZm2deSbZaV4/V6OX_3ZqiBP9OC1ShobQ3-_YPu25fJTzLqYzF0Hz_0o,Blazblue Cross Tag Battle,,,GTek,BBTAG%20%28PS4%29,0,Fri 1/30,https://www.start.gg/tournament/vortex-gallery-at-frosty-faustings-xviii/event/blazblue-cross-tag-battle,2025-09-20T05:30:33.000Z,4,BBTAG,6 Hours,0%,0,recPoP8B0Id530nhI,BBTAG,Confirmed,recV6irNLkHsWnj0B,2025-11-11T04:29:12.000Z,recYdbHI325YI2pVO,Sat 1/31,,1st Lineup,@gtekfgc,0,None,https://www.start.gg/tournament/vortex-gallery-at-frosty-faustings-xviii/event/blazblue-cross-tag-battle,,https://vortexgallery.moe/info#BBTAG,0,0,0,3,4,1,40120ab9,0,0 Hours,Gtekfgc,,PS4,,True,12 PM,,10,https://v5.airtableusercontent.com/v3/u/47/47/1763208000000/cuQkVyA0XRotTASRiPa7QQ/qqP55uMWg3BAQgT5WoFjLbVdNWBB4dp7C_T4P-loRBVQ5oxoowEPgRLjBr74p8t8PT3fh6tw2-HrvvJFFLDMjTYefaDi4spLSwxikh_XbWKLwFNagZgSRHw2P8ULxq3Alkzpv87HUd8Dsb2bBuJo2eIpjiWuyDsZBxThSmg7KM8/mTAuLjjithebwMzsq4dhJDxs2hWS9o3-FkpcdcnFmVo,,None,,,,None,,,,0,0,0,https://drive.google.com/uc?id=1jwyl1tmiRjnyOCp8kNSXnVQGSYMnx7-2,,Blazblue Cross Tag Battle (PS4),,,,,,Possible Trophy,,,,,"Thu 1/29, Sun 2/1",If it hits cap then it will be 50/25/15/10,If Pools want to start later on in the day on Friday and then Top 4 be in the morning on Saturday that is cool with me,,,,,,,,,,
CCNSOC (PS4),rec1k29PIODFrgUjb,32,50/30/20,recwOKTc5XXbn2FxN,reckMlVP2DrY8hIGA,CCNSOC,recdDF9WHTt8d2wle,Double Elimination,2/3,2/3,Winner must keep character. Loser may switch.,"3/5 Games for Losers Finals, 3/5 Games for Grand Finals, 3/5 Games for Winners Finals",https://v5.airtableusercontent.com/v3/u/47/47/1763208000000/oMviOatc4XvdVaTmgW3ovQ/GVqHEtLtpxcsZrp0ZfmRNMaCeATTm-gKanW8i7d1HyPaKSaf0BUnXqe6MM1RpisEtrVHe_gn9foRmgF4yLZ8AddnyvkSvxE6L7a1aGQY1M05EXJkYK6NECCy9cX-KJ8MbXT384-4xylej82LVp2eJw/EG4lLosN0mqSv30xvYHkRSPo686_fnxryBZMIKflnJ8,Chaos Code: New Sign of Catastrophe,BunniesFromHell,BunniesFromHell,Crimefighter,CCNSOC%20%28PS4%29,0,Sat 1/31,https://www.start.gg/tournament/vortex-gallery-at-frosty-faustings-xviii/event/chaos-code-new-sign-of-catastrophe,2025-09-20T05:30:55.000Z,2,Chaos Code,3 Hours,0%,1,recQKGaaCjTEkED7a,Chaos Code,Confirmed,recV6irNLkHsWnj0B,2025-11-11T04:29:12.000Z,recJPtNMrXgQ78wm9,"Sun 2/1, Fri 1/30",Crimefighter#489199,1st Lineup,@crimefighter.bsky.social,0,None,https://www.start.gg/tournament/vortex-gallery-at-frosty-faustings-xviii/event/chaos-code-new-sign-of-catastrophe,,https://vortexgallery.moe/info#CCNSOC,0,0,0,3,3,0.6666666666666666,dc289a78,0,0 Hours,Crimefighter,@BunniesFromHell,PS4,reckMlVP2DrY8hIGA,True,12 PM,,5,https://v5.airtableusercontent.com/v3/u/47/47/1763208000000/hsgYcC5JI6HqHSLEPZQvAg/1M5LZyIcVtIKU4iRqvan5IdXEDsps1FcG2xAjSj9uY56Zy0kFAldHQraoHj_ZgrhiF_LlWCoiUc-YlVeMug47alY37K0lO0ABEdRgNGFi89PREM97CJ3iFmTWOc3KH1bxyyPgFMsxAbm0duC_BAkSFmF4sF-UcVZtkRfZQhI7Jc/xHKBeC3UcrSuhOC9dODEAntVtqU4Wu9YdMOwsm2w5bk,,None,,,,None,,,"BunniesFromHell (she/her, it/its)",0,0,0,https://drive.google.com/uc?id=1vLQqyfgaS6haws59zhOFKiU8VMukaM-U,,Chaos Code: New Sign of Catastrophe (PS4),Crimefighter is donating 50,50,I have no desired time,reckMlVP2DrY8hIGA,BunniesFromHell,,boarders on,,,"boss mode characters and chaos mode characters are banned. If there's a disagreement about stage, play on lupinus stage.",,,,,,,,,,,,,
CBOTS (MiSTer),rec84evYJFMyISq4f,32,50/30/20,rectZuU7InifNYEdK,,CBOTS,recPtLSGWYXOicZYa,Double Elimination,2/3,2/3,Winner must keep character. Loser may switch.,"3/5 Games for Losers Finals, 3/5 Games for Winners Finals, 3/5 Games for Grand Finals",https://v5.airtableusercontent.com/v3/u/47/47/1763208000000/3vuJu7RApEfv4hmZ9My8Iw/rRQkroz50RjTggA6VHinjcjuqdU9Gknlxu6eeKIZzCn7S41pqacQMagynl_Fy8tu1soP8FHSqoQUkyVEo_dJAz2Xf3uqhItfk4O-WkzkcILeo6Am2Qh1My21bnqK3Tj-Yde8k_jAUKmOU-TvI-D3NQ/g2pjM2eVmcLc_6enltTnjguNN0WdjuVHchEARxzZycA,Cyberbots: Fullmetal Madness,,OmniRabbit,PolarBair,CBOTS%20%28MiSTer%29,0,Fri 1/24,https://www.start.gg/tournament/vortex-gallery-at-frosty-faustings-xviii/event/cyberbots-fullmetal-madness,2025-09-20T05:39:29.000Z,4,Cyberbots,3 Hours,0%,1,recR2FXblWdfxInJw,Cyberbots,Confirmed,recsjzSn9OyxGku3g,2025-11-13T05:03:21.000Z,recY9oKWXSGvG06bL,"Sat 1/25, Sun 1/26, Thu 1/23",PolarBair#731171,1st Lineup,polarbair.bsky.social,0,None,https://www.start.gg/tournament/vortex-gallery-at-frosty-faustings-xviii/event/cyberbots-fullmetal-madness,,https://vortexgallery.moe/info#CBOTS,0,0,0,3,4,1,a88e8515,0,0 Hours,polarbair_8,@omnirabbit.bsky.social,MiSTer,recSCaKCJRhBNgEvq,True,2 PM,,5,https://v5.airtableusercontent.com/v3/u/47/47/1763208000000/NK46yCfBV1GclLiKZcl55w/J6fZau6ECtF80FvOoRTSby2toky9rPisKcKwCC1GYWrI9HxWYTMpA5wAre0sZLZDhUNE0ko24wrCNjOhLeXmQyTTYaCNJwJw8wLZjTLdrf_locemBbpV4RnQaMrxiEtobCN5AU4sQJxksdRlw8y7o_J2qjB_wwiZqdL_DcI7IrQ/fk9UqLXma-ORE2HuA-MKXm9NQfKu6OeiJG9_NJYYcg0,,None,,,,None,,,OmniRabbit (he/him),0,0,0,https://drive.google.com/uc?id=1sTtVZUDAoW2-AyTu5sErtNnsmkZlxbxf,,Cyberbots: Fullmetal Madness (MiSTer),,,,,,,,,,Warlock is banned.,,,,,,,,,,,,,
DA (PS3),recvs9QxkcstAlXlk,48,60/30/10,recUNSOj4QTIcejON,"recQi3lqpOtT1klOi, recvs9QxkcstAlXlk",DA,rectgStwcOrGxCljk,Double Elimination,,2/3,Winner must keep character. Loser may switch.,"3/5 Games for Losers Finals, 3/5 Games for Winners Finals, 3/5 Games for Grand Finals",https://v5.airtableusercontent.com/v3/u/47/47/1763208000000/XkpIEKDS1BIehjHsT-IUGg/Gu9SU3jNDiI-vQS-1TOZvmtoYdNloVVSnulvdrYFpErhMJ8vzCEM5Iu_LA26H2qd2JU55sjWJ7oXIXzktLmli5FEgRMg_8kbhkwQ1pmVqz16Kxw-jir-GJ6fmadg870RTmkOoEczClPz50BQ5nrvbCS1lq40NQc4wQFo1sh_MsU/Exc0GOWkDFoRVI0PgkMsrbD8CHK5aHANmEInLP61WcY,Dark Awake,"LegendaryBlueShirt,lateenx","LegendaryBlueShirt,lateenx",lateenx,DA%20%28PS3%29,0,Fri 1/24,https://www.start.gg/tournament/vortex-gallery-at-frosty-faustings-xviii/event/chaos-breaker-dark-awake,2025-10-08T00:14:23.000Z,3,DA,6 Hours,0%,2,recR8clNajsYupP7t,DA,Confirmed,recinc6b9NNMARnpU,2025-11-13T02:57:57.000Z,recWiItgFowdPELrp,Thu 1/23,Dshiznetzz#695170,2nd Lineup,@dshiznetzz,0,None,https://www.start.gg/tournament/vortex-gallery-at-frosty-faustings-xviii/event/chaos-breaker-dark-awake,,https://vortexgallery.moe/info#DA,0,0,0,3,4,0.75,602869e0,0,0 Hours,vatoheem,"@LegendBlueShirt, @dshiznetzz",PS3,"recQi3lqpOtT1klOi, recvs9QxkcstAlXlk",True,5 PM,,5,https://v5.airtableusercontent.com/v3/u/47/47/1763208000000/PU9vEnukJkFsAciCXbnUlA/Vj7wH0XHwazfIDGUypaFwDQX9bxu086ngjfnEr6y6u0TlJDN4DxTOL7IX7d9fSkqSWml3bZfyrBb8gmEqixevd7Zj_FFv2njec9BiRqdoAjpoC14ZokLm1anXMoFVTB-BrSrz0NcOlfyxSwElZdfxn19w-jKFVuXiF3Lt6y7qGk/yI6o1petmSuY9Giad6Va60FfSA860czUlq0cEMsfbsU,,None,,,,None,,,"LegendaryBlueShirt (he/him), lateenx (any)",0,0,0,,,Dark Awake (PS3),,,,recQi3lqpOtT1klOi,LegendaryBlueShirt,,None,,None,None,,,,,,,,,,,,,
DOA6 (PS4),recumKKFyvUDmjR4h,64,60/30/10,recXGJiIQOsPOBTEN,,DOA6,recH3Gd99SIRmevAH,Double Elimination,3/5,2/3,Winner must keep character. Loser may switch.,"3/5 Games for Winners Finals, 3/5 Games for Grand Finals, 3/5 Games for Losers Finals",https://v5.airtableusercontent.com/v3/u/47/47/1763208000000/ymxolx4E2blw6E_bij-Lmw/00HuquVXW9f3BiGyV1oqgiFWiPnXy0bQtbcwocpPalFFErmXwJinRc7f7T2GuTpEM9AFFP_m4tgzQYtxIv_X2Rn3q8nnMItQhSLt8HUvBv7xspEB-yMMJ_PREqUsQz_1g33nHraE56o-TUVj1OUU2VvS3DaTbHT-swlUMwVa5Ns/kYj6nFnlretyRaKzjxpPTgafx11rubqRrteuHGGhVyM,Dead Or Alive 6,,,H0oDLeSs,DOA6%20%28PS4%29,0,Sat 1/25,https://www.start.gg/tournament/vortex-gallery-at-frosty-faustings-xviii/event/dead-or-alive-6,2025-09-20T05:39:28.000Z,2,Dead Or Alive 6,2 Hours,0%,0,recTHqzxjYIXp2aWG,DOA6,Confirmed,recV6irNLkHsWnj0B,2025-11-13T03:33:51.000Z,rectXRmiQzzgML7Wd,,ihoodless#715126,1st Lineup,@ihoodless,0,None,https://www.start.gg/tournament/vortex-gallery-at-frosty-faustings-xviii/event/dead-or-alive-6,,https://vortexgallery.moe/info#DOA6,0,0,0,3,3,0.6666666666666666,83daa16f,0,0 Hours,h0odless ,,PS4,,True,1 PM,,10,https://v5.airtableusercontent.com/v3/u/47/47/1763208000000/OmC2QdWAZ9LU3mtjr0dHbw/mRi1gE4HktdQRwZweBrDe79jkdwToZFn6GrFKvjHvH9YYttyUCTMOq2crbmM_aN_f-IwMGHF6itmbalIFicvT2BC3Xv4DZbV--UgW7eCElkM8ZEn1r5W1IzawcsbiLbRU7FTY9PDSSu6EOF19eqa1FX2cNY_ldIvlIxilrJoCt4/p0HufKQUjB8EVn4WIBleFscbeZYpstNign5SicFxHkY,,None,,,,None,,,,0,0,0,https://drive.google.com/uc?id=1PAKjjK0J8LZ808Y0DeN-pNNYh47-6Kiw,,Dead Or Alive 6 (PS4),$100 or more from me. Iâ€™ll know closer to the event. ,,,,,," Normal Holds: 4-way 
Round Time: 60 seconds 
Rounds: First to 3 
First to 2 for all until finals;
First to 3 for Grand Finals, Winner's Finals, and Loser's Finals. 
Character Selection Winning player must remain their character.
 If Random was selected, then player must re-select that character

US Only

Wired Connection Only

Stage Select: Dangerzones: On

Stage: Random

Stages Removed from Random Filter:

Chamber of Potential and Forbidden Fortune",,,,"Thu 1/23, Fri 1/24, Sun 1/26",,,,,,,,,,,,
DJFFNY (PS2),recsnmM0N6emZ97dR,32,60/30/10,recONMbE2i2nbKhdx,recsnmM0N6emZ97dR,DJFFNY,recqX1TggHaleJELG,Double Elimination,N/A,2/3,Winner must keep character. Loser may switch.,3/5 Games for Grand Finals,https://v5.airtableusercontent.com/v3/u/47/47/1763208000000/MdgJAmlArErAswFrua22zg/NcZljnXUvU3sNSxl9DZTuSUAaXQzaGuvKsotA2aeWhrzSbvcBtavmxuHUHNtr0OG6b--LgOxQwkhORlWaiadW6TlIoEOjnr665xVV5Ti6uv5akpdXVy-QQ5Ykut4GBPt-ysIkq9qIY3i9x5m9rpBA35PI6t0K22NMYMyyAra-r0/LUzLbLpvsdwplLVJISy8z_lSnTEc8ooFGyYLRwr34sg,Def Jam: Fight for NY,omega_black,datboijuiceTV,omega_black,DJFFNY%20%28PS2%29,0,Fri 1/24,https://www.start.gg/tournament/vortex-gallery-at-frosty-faustings-xviii/event/def-jam-fight-for-ny,2025-09-23T21:36:59.000Z,4,DJFFNY,4 Hours,0%,1,recnJwpgr6Z5NAgj1,DJFFNY,Confirmed,recwkWKMNrkMvzVF5,2025-11-14T03:28:46.000Z,recJISLWWYI4rt6Sp,Sat 1/25,omega_blackFGC#709267,1st Lineup,@omega_blackFGC,0,None,https://www.start.gg/tournament/vortex-gallery-at-frosty-faustings-xviii/event/def-jam-fight-for-ny,,https://vortexgallery.moe/info#DJFFNY,0,0,0,3,4,1,3f7ca881,0,0 Hours,omega_black_was_taken,@datboijuiceTV,PS2,recRbbqvOu3CdSKXN,True,12 PM,,10,https://v5.airtableusercontent.com/v3/u/47/47/1763208000000/1-cX3kh3TLR7gbRhJ44weA/Y2R0nXZ3dNvHZs0TcGbIRy7C9TlTUEHi54BXtWKnxnF3ytieaORFoS-mgL3HJTWMIVBX9I9KuO_0osCgBfRBemnlm-V0T0COGPM5T0cxq9HwIRtWchsO5dbtWuEogYxY4YXZhainyS9Da3zwR77ZuZRjp8SUDE4imLK_t4pPvWw/J3A7I7aOU1B2KiY-SzVP6kOr98B-DaVJffUvgPjEu9w,,None,,,,None,,,datboijuiceTV (he/him),0,0,0,,,Def Jam: Fight for NY (PS2),Pot bonus will be provided by myself based on number of entrants.,,,recsnmM0N6emZ97dR,omega_black,,"Difficulty set to hard in the options menu
1 on 1, submissions and crowd vote enabled.

Banned Stages
â€¢  125th Street Station
â€¢  Terror Dome
â€¢  Gun Hill Garage
â€¢  Red Hook
â€¢  Tire Factory

Banned charactersq
Custom characters                        
Sticky                                 
Suspect                             
Carmen Electra                         
Doc                                 
Crow                                 
Bubba Sparxxx
Cindy J 
Xzibit 
Henry Rollins 
Slick Rick 
Magic
Crazy Legs
Warren G
Lil Flip
Teck
Sean Paul
Dan-G
D-Mob
Mack 10
Prodigy
Fam-Lay
Havoc
Joe Budden
Bless
Elephant Man

Stage Selection
-1st Match starts at Club Murder. Loser picks the next stage.

-Players may not pick a stage they've won on previously in the set

Character Selection
-After a match the loser may elect to pick first, the winner is character locked if the character they played in the previous match is was not stolen from them.

-Before a set, players may request a coin toss or rock paper scissors for first pick, if no request is made, characters are picked as normal.",,"Infinites
-Infinites on the boxing rings, on flood lights, at empty areas of the stage, and using the roll off the wall, as well as the wall redaze are banned and will result in a forfeit of that round in the set with the following exception:

-All infinities are allowed to be performed for one rep then a combo ender must be performed except for the wall redaze infinite, which is never allowed.

-The infinite using Crowâ€™s Officeâ€™s cabinet in the lower right corner is allowed for one rep per combo per the one rep rule

-The Strike Infinite is LEGAL.

-Using any grapple move that ignores the double down stun limit, i.e. chain stun grabs, are limited to one per combo except in the case of Blazin moves and a specific wall grab animation that causes an additional stun.

-No stalling when using a heavy grab. This rule was created because it bypasses the stun system and creates for long infinites.

-Fall Resets are completely banned. ",,"Thu 1/23, Sun 1/26",,,,,,,,,,,,
DFCI (PS4),recPqaSJR7PiIN3Gv,32,50/25/15/10,recUzmJTqJH7lf1Cw,,DFCI,recf0jryd7nktVuXV,Double Elimination,2/3,2/3,Winner must keep character. Loser may switch.,"3/5 Games for Losers Finals, 3/5 Games for Winners Finals, 3/5 Games for Grand Finals",https://v5.airtableusercontent.com/v3/u/47/47/1763208000000/AJWF2-vZTcGocjgm7BUXtw/teZWq7C5M0Ht6YjC2OgItlm8ZJNSquCJvlUT5WmnYYCZf8sIJ2G5dhmQ21b1fwq_7bxZ-Yd6LEVurNH7KYVXybNzB0ZE2nIINwxcyt9BE32nYVJI_C0ceQv3Bl4UBFdmALtbSUrM1uI_fQIbEu19pjdeB6mtOPIcTUA8QhdOmVPiWMz3dUAzdqQ-2JVnZuCR/vNo78ZO4BHxT0NAXw2KprcyMyjHCgcnWD2Tr7FNGFLo,Dengeki Bunko Fighting Climax Ignition,,,Wishy,DFCI%20%28PS4%29,0,Thu 1/29,https://www.start.gg/tournament/vortex-gallery-at-frosty-faustings-xviii/event/dengeki-bunko-fighting-climax-ignition,2025-09-20T05:40:06.000Z,4,DFCI,4 Hours,0%,0,recoVvq0rCR3vJWjQ,Dengeki Bunko,Confirmed,recV6irNLkHsWnj0B,2025-11-11T04:29:12.000Z,recVAGid6Sqkw7w5M,"Fri 1/30, Sat 1/31, Sun 2/1",CRQWishy#470269,1st Lineup,@CRQWish,0,None,https://www.start.gg/tournament/vortex-gallery-at-frosty-faustings-xviii/event/dengeki-bunko-fighting-climax-ignition,,https://vortexgallery.moe/info#DFCI,0,0,0,4,4,1,a5eb6739,0,0 Hours,crqwish,,PS4,,True,6 PM,,5,https://v5.airtableusercontent.com/v3/u/47/47/1763208000000/8F5MqU914hmXzA6ILTr4_w/O66Tx8JEA3Y3-V4FZwychLsXQE39dgl9HCxIyGQS2znOhob7TpTXjF56TE-xM5HCiLiaDO7x8P57f5w8oMY4mVSztCrjp_UZMFYtPVTL5KSay-cKoYfyZc-pHdDRzSa-a1x4XZBfBJnL_H5PfXXTJt2UHmTThGIFvo6myedbjZw/FFpqm6kJj70gKZqYWe9WyFM80e6DRcU3WwlWPHsgjU4,,None,,,,None,,,,0,0,0,https://drive.google.com/uc?id=1Es1xxOQeUo5D19t5hIolMJ5evBn7C17t,,Dengeki Bunko Fighting Climax Ignition (PS4),I'll double the pot bonus (50 -> 100) if we hit the player cap (32) by the time VG reg ends.,50,,,,"I will give the winner a random toy I won from a gacha machine idk, I'll figure out something funny","Default Settings (2/3 rounds, 99s timer)",,Any game-freezing glitches are banned.,,,,,,,,,,,,,,
DK (PS4),recbD41t6K0qIr9Ag,32,70/20/10,rec9UaJE3cc70EJDf,,DK,recCvnJIsqxZ6p1gi,Double Elimination,,3/5,Winner must keep character. Loser may switch.,"3/5 Games for Losers Finals, 3/5 Games for Winners Finals, 3/5 Games for Grand Finals",https://v5.airtableusercontent.com/v3/u/47/47/1763208000000/CRmwlQsCvrxaQgl_Q9cYsg/IZ5dSiRAG2NAlTHbkGKwlR0LwnlHxO0swJVOR4NB0-UBRliXmytlm8fUpK4BVfhJ3qDSfFtyCJ0s2kNPL2lI5u00A8G_4Y8S9SWbLsj8--RpCpfknbPIDo0A6qBJOvzZcjYnp5ZvoKqDHalDffVfxrX2f917qV5ZAgvi6xkP51E/uMrlUW-NlmR7bEdeGR0zW15V0nzX6LFI__W29fOH1gQ,Divekick,,,HANSON,DK%20%28PS4%29,0,Sat 1/25,https://www.start.gg/tournament/vortex-gallery-at-frosty-faustings-xviii-2026/event/divekick,2025-10-14T03:14:03.000Z,2,DK,4 Hours,0%,0,recp6Sq6XuSK1MaRu,DK,Confirmed,recV6irNLkHsWnj0B,2025-11-15T06:20:13.000Z,recbyAWHI7vLfa7cP,Fri 1/24,the_hanson#2174784,3rd Lineup,@UA_hanson,0,None,https://www.start.gg/tournament/vortex-gallery-at-frosty-faustings-xviii-2026/event/divekick,,https://vortexgallery.moe/info#DK,0,0,0,3,2,1,4fba3d7b,0,0 Hours,HANSON,,PS4,,,12 PM,,5,https://v5.airtableusercontent.com/v3/u/47/47/1763208000000/9FcTWsmO5CSgnvEZ_fjCUg/dBdBfiAjulVMh3H-VpVWQF0cIV51wfYmwnqaVO_v2edfMvPjBxw65veXipe3AMgxuj8tf9xt0jIEDWjjncwEYj2zOU8skOpHuHWqD5CjW5e4fBqEN6eiN56coKJtfxOFML7eHF6WC_ufkxA2KNqN9_GU-da3sRortkQG5uw7xlw/abUqGElkslKTT9RXMOfEchEX6c2aeieRwi2HaUu6K44,,None,,,,None,,,,0,0,0,,,Divekick (PS4),,,,,,,- Default game round settings (5 out of 9 rounds),,,- Winner can change gem after loser picks their character,"Thu 1/23, Sun 1/26",,,,,,,,,,,,
DNFD (PS4),recqz7Jtq68ewRcDJ,64,60/30/10,recrWVJOIi1ERPywl,,DNFD,recxu2Bpx33mnFgD8,Double Elimination,3/5,3/5,Winner must keep character. Loser may switch.,3/5 Games for Top 8,https://v5.airtableusercontent.com/v3/u/47/47/1763208000000/9olZtkKUx81OySgkOzlo8A/Z5PP86VBP4fMS3YwPSuZhjlWsy-5SNvLJWIhqvnbW-yJsvgbP9rjwJw90z4R_TCmxLNgda96u-5kMBE5QubuRVZeVczqbvSt0ObEi1Lk1f0viscVbUCD8VwdEcp7KoU5gri5PEZmrOD5gVWB45J63w/PEk8t3VEPVjh8zKNWB6ckVotPIM_r6zKn1BeIZVDymk,DNF Duel,,,AngstyDragoon,DNFD%20%28PS4%29,0,Sun 2/1,https://www.start.gg/tournament/vortex-gallery-at-frosty-faustings-xviii/event/dnf-duel,2025-09-20T05:39:26.000Z,4,DNF Duel,3 Hours,0%,0,recrN31xunNjR5sL1,DNFD,Confirmed,recV6irNLkHsWnj0B,2025-11-11T04:29:12.000Z,rech2lIpCezKR5yNy,"Fri 1/30, Sat 1/31",,1st Lineup,@AngstyDragoon,0,None,https://www.start.gg/tournament/vortex-gallery-at-frosty-faustings-xviii/event/dnf-duel,,https://vortexgallery.moe/info#DNFD,0,0,0,3,4,1,8412fd04,0,0 Hours,angstydragoon,,PS4,,True,12 PM,,5,https://v5.airtableusercontent.com/v3/u/47/47/1763208000000/VwElZDfMYeKHRpvtiYHBXw/53uBL562BSxBnMN3aSZzPu1KFVLAMMu5H1tdyBuLhavKdJObe-HUtwVAz18gzNpXRAevy3ZJTgiXXULtR4ZK9BZ47YTVCgBeZffuzMGd3ecvv6E__FgTYzOOz45bbO3vaZdxHWNwfL8olgQwSprqB7xWjMRskM0hW1ovT5cB0oY/6GVORGOq27--_LOKuzNlw00ppyOKaIyf4pIYZu5Pon4,,None,,,,None,,,,0,0,0,https://drive.google.com/uc?id=1qW_l1Q6VneEQ7hqtWyqMrSY8fqkZhVeg,,DNF Duel (PS4),,,,,,,,,,Only switch cubes on loss,Thu 1/29,,,,,,,,,,,,
EL2 (PC),recWbRq2slzX4z6oC,64,60/30/10,recBTrfXRZDjjRDWU,,EL2,recQrVEDboIXPbFwK,Double Elimination,2/3,2/3,Winner must keep character. Loser may switch.,"3/5 Games for Losers Finals, 3/5 Games for Winners Finals, 3/5 Games for Grand Finals",https://v5.airtableusercontent.com/v3/u/47/47/1763208000000/dNlAkgCCvkPiC3iJ0pgYWw/WTpoNNv1yGbbT0CTW2I8jS1UTcU-TUTj0AP95IHHQ_0dwEN5vo4ctlG1aZGpIx1nqWuEh0WBsz6UyKIL3Dn_1bRlxgIjFRfKIyeEfDuhV4X4_xhEKvNf70Zbcjt9qTOiWQBLe3JnhixyHs50Tiscbw/mnQn7wLex4g3pQThQZ3YiR6gqilvFh4oFKtd39Cfwvc,E's Laf++,,,Jiji,EL2%20%28PC%29,0,Fri 1/24,https://www.start.gg/tournament/vortex-gallery-at-frosty-faustings-xviii/event/e-s-laf,2025-09-20T05:30:51.000Z,2,E's Laf++,6 Hours,0%,0,rectq3Ms8HhqNDkn7,Eslaf,Confirmed,recUTDtHkKsAuW7Tu,2025-11-13T14:15:31.000Z,reckUUNsRmnHmysNU,"Sat 1/25, Sun 1/26",Jiji#1423361,1st Lineup,@jiji.michiganfgc.com,0,None,https://www.start.gg/tournament/vortex-gallery-at-frosty-faustings-xviii/event/e-s-laf,,https://vortexgallery.moe/info#EL2,0,0,0,3,4,0.5,00cf840d,0,0 Hours,jijiglobe,,PC,,True,12 PM,,5,https://v5.airtableusercontent.com/v3/u/47/47/1763208000000/euZeArQpl_BAsS_AenPRnw/Q57ZUW76buBlfJNLBeu4TAABDmp-12QbBop8MrtwQZj20fiJfbXhE77jFItoTqf4vOhYY6p6XM29hNLWvEww6U98BsRH2l_cg7WFIESSiGG1FQdNc_WiYVVR1nNSVGREuQWWmMIgZ04gvnYkyxQ5_q9k6bB6-sPopZVAi2bRXOs/RNYsrtdm8DpINAkOzkbeBgGilfar5VGnsNjFG-Kv6Nc,,None,,,,None,,,,0,0,0,https://drive.google.com/uc?id=1IvIFpY8lUl2QS3eYXwCpZUAez39YY5dP,,E's Laf++ (PC),,,,,,,"Games will be run at 720p, vsync off, particle effects low, frame skip on. Midnight stage should be selected to avoid lag or performance issues.","Game can be run on steam deck. Game must be downloaded from Patreon. It requires proton experimental to run, which can be downloaded from steam settings.",,Serena will not be legal because sheâ€™s not a complete character yet.,,,,"rec5nHPss3P4Xqbq8, recn3lQNi8ZhRDZgS",,,,,,,,,
EFZ (PC),rec8w58D6P8Ut8sbi,40,60/30/10,recTNoSS4H8fZIopZ,recpdBbNorVCeDlKg,EFZ,recCnXEu4uVBxl7lm,Double Elimination,2/3,2/3,Winner must keep character. Loser may switch.,"3/5 Games for Losers Finals, 3/5 Games for Grand Finals, 3/5 Games for Winners Finals",https://v5.airtableusercontent.com/v3/u/47/47/1763208000000/X7JZTbL8ikxf2Cru4U-U4Q/t17RKi0qyfLUt3EepbIAqhvrrP4IUk4chPCTBXzCNLyw0mCR9uZz129EHBkd3jkAsc5TKVaV98utsHc0MZ8MxVSbO7JwoNF29M01UO4vJh4K5mHuAdLZpJOyKvqYx65HsNBM30q-PT5c0v-jpZahDA/lRegavNagN9ip8V0rMKgTDj3icppO4jEdTSaswlWLgQ,Eternal Fighter Zero,Chrono Sanaki,,deapest,EFZ%20%28PC%29,0,Fri 1/24,https://www.start.gg/tournament/vortex-gallery-at-frosty-faustings-xviii-2026/event/eternal-fighter-zero,2025-09-20T05:43:44.000Z,8,Eternal Fighter Zero,4 Hours,0%,0,recxW573jxCAA5Qg2,EFZ,Confirmed,recUTDtHkKsAuW7Tu,2025-11-14T20:17:58.000Z,recS5eJKIuyUBmxIv,,deapest#2170317,3rd Lineup,@fukuandurmum,0,None,https://www.start.gg/tournament/vortex-gallery-at-frosty-faustings-xviii-2026/event/eternal-fighter-zero,,https://vortexgallery.moe/info#EFZ,0,0,0,3,10,0.8,278aa203,0,0 Hours,deapest,,PC,,,2 PM,,5,https://v5.airtableusercontent.com/v3/u/47/47/1763208000000/UqQUozzyqI0cAusdfXPolw/NITodK6m32XVbddoa_gLdO0Qp2d61oUSeqfidmRLp-JKlTzgUUI7s1xDPqdvAG9UVRaGgRg8sG8bYKCuMtMr0wpGlo5hqzSdrNPcVuLehIHEmDoZtkP3LhC9WAXdJb5ymifTB6eveH4h3LhRN0zIsHy2YFxUMgVrAMjxqd8BnqM/v4Y2sxNzJRJV5OZ2AyIc1CYXRgXnz6vb1VVXHxAXwDE,,None,,,,None,,,,0,0,0,https://drive.google.com/uc?id=14UcYcveoG5wpW0MpVAFpCKOsU8o1cX9A,,Eternal Fighter Zero (PC),,,,rec8w58D6P8Ut8sbi,deapest,,"Gentlemen's agreement to different stage allowed before round starts
KANNA BANNED",I will have required game files physically stores onsite,,,,,,,rectqKBCdyDjVj5pN,,,,,,,,
FUC (PS2),recQi3lqpOtT1klOi,32,60/30/10,recxM5g6Y6bLkllHO,,FUC,rec7nS4AVRkbfrjkd,Double Elimination,2/3,2/3,Winner must keep character. Loser may switch.,"3/5 Games for Losers Finals, 3/5 Games for Winners Finals, 3/5 Games for Grand Finals",https://v5.airtableusercontent.com/v3/u/47/47/1763208000000/CVrSSey-JbsXzoO6_QjboQ/f6oPrsHay8wJ3SEHdm9pWaA_KwEFrFKIae1zpfWef6AaAtfAorW6so25S_GaLvzOlHo9CyUaljD21uOgk8xWe96omIbT0bh88Gy2XfovxDqEUIgkavCQang8IQKNUGnkW-i9b-LM9oehDeGKvLkqHw/UIrG1yoqFAosncqsDidgXZlx29hLbIayy2w6JJ5bMfM,Fate/unlimited codes,,,LegendaryBlueShirt,FUC%20%28PS2%29,0,Thu 1/23,https://www.start.gg/tournament/vortex-gallery-at-frosty-faustings-xviii/event/fate-unlimited-codes,2025-09-20T05:30:50.000Z,4,Fate unlimited/codes,3 Hours,0%,0,recxYnPKayvb4xTVM,FUC,Confirmed,recwkWKMNrkMvzVF5,2025-11-13T03:18:40.000Z,reci8uBHKzSLwcD1j,"Fri 1/24, Sun 1/26",LegendBlueShirt#754211,1st Lineup,@LegendBlueShirt,0,None,https://www.start.gg/tournament/vortex-gallery-at-frosty-faustings-xviii/event/fate-unlimited-codes,,https://vortexgallery.moe/info#FUC,0,0,0,3,4,1,918faf16,0,0 Hours,insanius,,PS2,,True,8 PM,,5,https://v5.airtableusercontent.com/v3/u/47/47/1763208000000/pDI3ZI8KnYw-oK2J6DmbzQ/WutdDlNdtIN-b0NzfnJ5-7weiC3BOjn6r1nmCfaoBAQhG_-OXP0h2AuoIHGnoiC1tWHf-1uIVhBzAJMUGM9XWM9IwqZ4TVuTgIlPVZWj_kzXvob0wmm508KT8ZpfXfEJGbtUIOb6ycR1TaTImdKuIuU2tctlKuCZ08NSxtkR8pM/u1ReovdVMXm4LzTu76tmuKAvWRtVFrZvLl70eIU0oZE,,None,,,,None,,,,0,0,0,https://drive.google.com/uc?id=1kiAesVwm5Ji2jt-9CW1HbMwZ7MS4tT6q,,Fate/unlimited codes (PS2),Personal contribution,100,,,,,"Games will be played in arcade mode, so as to provide random stage selection and automatic enforcement of character switch rules.",,"If a stage bounds glitch occurs, the players can attempt to perform game actions to resume normal play as they see fit, or pause the game immediately and call a TO over to make a determination.  In most cases the game will be reset and re-played.",,,,,,,,,,,,,,
MOTW (MiSTer),reclSRheSUmlMa9vZ,48,60/30/10,recSlkPWpwBCb34ia,,MOTW,rec8t2W0sNc6NUJCR,Double Elimination,2/3,2/3,Winner must keep character. Loser may switch.,3/5 Games for Grand Finals,https://v5.airtableusercontent.com/v3/u/47/47/1763208000000/tQbbLkvmMK61siuKDS2pXw/5ULn8_4WaxY3awE7MhZtOAqn8CBWskCDezeplGD7P8QIO-ADC8LNd6GxlJNytTVJKIY1DWi05KMnsJjUxuCGj8ZjBOcNObhLBlX3Ieh5YDd3-U0XEVUiNDej2IvE31qdp4Ayh5NXF5oSVZkCzSoscw/_jHBJSKv0-uLu_5swwp6SnDS73_-_E7SAdTqNxhGL7Q,Garou: Mark of the Wolves,,,Razeq,MOTW%20%28MiSTer%29,0,Fri 1/24,https://www.start.gg/tournament/vortex-gallery-at-frosty-faustings-xviii/event/garou-mark-of-the-wolves,2025-09-20T05:39:32.000Z,2,Garou MotW,3 Hours,0%,0,recxvJto4kr8eUtyj,Garou,Confirmed,recsjzSn9OyxGku3g,2025-11-14T22:28:43.000Z,rectP0Rpp5zSgUkfo,,razeq8#1059437,1st Lineup,@RazeqFGC,0,None,https://www.start.gg/tournament/vortex-gallery-at-frosty-faustings-xviii/event/garou-mark-of-the-wolves,,https://vortexgallery.moe/info#MOTW,0,0,0,3,4,0.5,1d42a0b7,0,0 Hours,razeq8,,MiSTer,,True,6 PM,,5,https://v5.airtableusercontent.com/v3/u/47/47/1763208000000/VSwOkv_eT1V6KUOPrTC-FA/jJZPrvc518EVbpKOpHqodW5PeSmFdrlomkwtRrRUtSOUGdgpjA09G_ahJK35_sqk0O8axVvwg4m6eGFatM_QwlfyLcob3PiVjHn4ge7dHFYCWU2oTeZNyWd6W_AscBiC033qJFGgUED833KYR1TLo7u-P5Rk0EWMESZvW4fJH5c/CZv1mz1Wd7p1XrCENw_k2en9eYAE0DrpwlBpf9-U0m0,,None,,,,None,,,,0,0,0,https://drive.google.com/uc?id=13_y0wsXHo6FxhhrQbJyfGvfOOWtp84KI,,Garou: Mark of the Wolves (MiSTer),,,,recVmktsnY8IbxQIc,pineapple_consultant,,,MiSter Neogeo BIOS/Rom for Garou Mark of the Wolves,,"MiSTer only allows 1 ""macro"" button combination. Please ask TO's for assistance if you need help binding it.",,,,,,,,,,,,,
IDOLS (Steam),rec40iHgIN83GL6ti,64,50/25/15/10,rec4ewcIiMJQrzVro,"recKGkE7tkBpabosA, rec40iHgIN83GL6ti",IDOLS,recpNMxDIZS9GnbYQ,Double Elimination,2/3,2/3,Winner must keep character. Loser may switch.,"3/5 Games for Losers Finals, 3/5 Games for Grand Finals, 3/5 Games for Winners Finals",https://v5.airtableusercontent.com/v3/u/47/47/1763208000000/ce-CzFtFDIYZeVbQZTDhdg/3sISY44PQKQUoyu7jWBZCpbp1neSe1CV8hwB2Ke4TPAvS5xdHC0qNZJJNYa1M4uvXlNIqnvhZ1z7ezaqoMtvgm35wqD3_Qq0CT0hZ800yjPqnom1ytsqRtQyYqRSGU1QBQcETjDElbRJt2oncpvRSA/uITN4jJyC2ChH9fHpvTtMsgFBm3qIljA1Tq2qUDKJ_Y,Idol Showdown,"Slimjim8345,vikarus","Slimjim8345,Tobiki",vikarus,IDOLS%20%28Steam%29,0,Sat 1/31,https://www.start.gg/tournament/vortex-gallery-at-frosty-faustings-xviii/event/idol-showdown-next-fes,2025-09-20T05:30:37.000Z,0,Idol Showdown,3 Hours,0%,2,recxlWPYGONaZOwAp,Idols,Confirmed,recWhY5XqcZagROcT,2025-11-11T04:29:12.000Z,recZlGwHYCQoOeJrt,"Fri 1/30, Sun 2/1",vikarus#1129495,1st Lineup,@icarus_vikarus,0,None,https://www.start.gg/tournament/vortex-gallery-at-frosty-faustings-xviii/event/idol-showdown-next-fes,,https://vortexgallery.moe/info#IDOLS,0,0,0,4,4,0,fa3c3bd2,0,0 Hours,vikarus,"@slimjim8345, @Tobiikii",Steam,"recKGkE7tkBpabosA, recL2XO5IPDAPFvan",True,11 AM,,5,https://v5.airtableusercontent.com/v3/u/47/47/1763208000000/TrvwT_mdnuwO7e6Moc8AcQ/JmxnziYarPE5pUDzoiW2Wc-VSVZQWb0pJJh8J8X11lQYlBYEYOr5HYU0rUwsP8XuzEqHanQQK0_vHNQzIYLop-RmOBbXtv2odDrRQxywBoQedkFiYaugkhXRcmdTsB88juE5C9OF0sgrIiw5hOBkoHSBSWxDp4LuGGuBIEpUrL4/n8KwyC6KdI-KHP8o3gllz1OHRf4prcw9i9BDPe239IA,,None,,,,None,,,"Slimjim8345 (he/him), Tobiki (he/him)",0,0,0,https://drive.google.com/uc?id=1cpyqiCymG6ISeJ4ghOGkzNKEFGIUez-m,,Idol Showdown (Steam),,,,,,,,,,,Thu 1/29,,,,,,,,,,,,
KRSCH (Dolphin),reckMlVP2DrY8hIGA,32,70/20/10,recc1R601zaPiqTlM,rec1k29PIODFrgUjb,KRSCH,recSYghGcOuoGpv1g,Double Elimination,2/3,2/3,Winner must keep character. Loser may switch.,"3/5 Games for Losers Finals, 3/5 Games for Winners Finals, 3/5 Games for Grand Finals",https://v5.airtableusercontent.com/v3/u/47/47/1763208000000/8JE7NwLnfkpYEU0WgG-YZA/XwKl08S8jmbJrrjUHgjtGdGgcJfC-tRRfoi2qb5i6UwhGp1GYCQtTAALOHdE1HpymrCy4egD_OgQcgtgvkQ8U3LRovKb85pNJgpcSKVXp1fi8JzP0Vhs_XR9zzaNacFO4-Gaicmcmre-j0UU-wxYzYP-m28iZoHi8Y6P9rX-XPU/GCfoDfzRtrGWVqpiNkg72c7c9yJESc5VO2BG9bej2uY,Kamen Rider Super Climax Heroes,Crimefighter,Crimefighter,BunniesFromHell,KRSCH%20%28Dolphin%29,0,Sat 1/31,https://www.start.gg/tournament/vortex-gallery-at-frosty-faustings-xviii/event/kamen-rider-super-climax-heroes,2025-09-20T05:30:52.000Z,1,Kamen Rider,4 Hours,0%,1,recyxuxFh57B2hboG,KRSCH,Confirmed,recq7ToNtgJh2wxEw,2025-11-11T04:29:12.000Z,recGBJgB9TCcM7mDd,"Thu 1/29, Sat 1/31, Sun 2/1",BunniesFromHell#722441,1st Lineup,@BunniesFromHell,0,None,https://www.start.gg/tournament/vortex-gallery-at-frosty-faustings-xviii/event/kamen-rider-super-climax-heroes,,https://vortexgallery.moe/info#KRSCH,0,0,0,3,2,0.5,0f81bc23,0,0 Hours,BunniesFromHell,@crimefighter.bsky.social,Dolphin,rec1k29PIODFrgUjb,True,2 PM,,5,https://v5.airtableusercontent.com/v3/u/47/47/1763208000000/fGhj9NaODPpvubJpR9qXGw/DkvrfqY3vuNYaLBWeb0nB21flWENtk5TBtG3mwNpSYR8F25icF3nRN_RSZsUYwW4OBLajJNmzM9ZnfMCpLyjknUmQND7MonNpk4naSNHcDJdjCxuiyhDAMXitusNPgbwCCzhex9t1OR4VS2xMtGVhLV6mcD3uams4qmmEqpJq1s/li67q5_GZE4e6D11Pyx78rUGaM5P6tGHeNlgOEd-XyA,,None,,,,None,,,Crimefighter (any),0,0,0,https://drive.google.com/uc?id=1X6SL_hQiJhXT9Zah1rpI7qwHtDwYVK3o,,Kamen Rider Super Climax Heroes (Dolphin),,,,,,,"Time: 90 seconds
Damage: Normal
Climax Time: On
Final Reflect: On","just dolphin and the game, both of which i'll be able to provide","The Finisher Mode Throw Cancel bug is banned.

Any bug that causes a character to disappear or otherwise causes the match to become unplayable is banned.

Combo follow-ups after attacks that disable the opponent's burst are banned.
    This affects Kabuto, Den-O (PWR), Fourze (Meteor Fusion States), Fourze (Astroswitches), OOO (Burakawani), and Kiva.
        A Kiva Rider Art which does not complete must be immediately followed up with 5S.
    This does not affect Kuuga (PWR) or Imperer, as their relevant cinematics (Ultimate Kuuga's Rider Art and Imperer's Rider Finale) do not disable burst.

Zeronos may not transform between Vega Form and Zero Form, and vice versa.
    If Zeronos transforms from Vega to Zero or vice versa, then the player must immediately transform back to Altair Form.

Decade (FMC) and Fourze (Elek/Fire States) are not allowed to use Form Change 3 times (or more) within the span of 2 seconds.","Banned Characters: Faiz (SPD), W LunaTrigger (FMC), Wizard Hurricane Style (FMC), Fourze (SPT), Skull, Agito (SPT), Den-O (SPT + Gun Form), Garren, Drake

Tag Battle Style is banned, except when used to choose Fourze Meteor Fusion States or a Special Tag Style (Double Den-O and Birth Proto Type).

The first game of a set is always played on a random stage.
The loser of the previous game in a set manually selects the stage.

Both players must simultaneously announce which character they want to play upon entering Character Select. If both players wish to play the same character, play RPS to decide who gets to pick that character â€” loser must pick another character. In the event that RPS is not feasible, another method, such as coin flip or dice call, will be used instead.
    The winning player of a game must pick the character they won the previous game with, but is allowed to change Style. The losing player may opt to pick a different character, as well as a different stage should they choose to do so. The losing player may opt to pick the winnerâ€™s character going into the next game. In the event of this, both players play RPS (or a suitable alternative).
        If the initiating player wins this game of RPS, the defending player must pick a new character, but the initiating player forfeits their right to pick the stage to the defending player. If the initiating player loses the game of RPS, they forfeit the right to pick a new character, and the defending player selects the stage.",,,,,,,,,,,,,
KI (XS),recEyFaZlEs0uaAiK,48,,rec1484uiKt1DnpwV,,KI,recQD2OxIbhL3Cfoq,Double Elimination,,,,,https://v5.airtableusercontent.com/v3/u/47/47/1763208000000/pv-6-QZ78S89uWq7nzqbrg/Snn-Ja8vu1Wo3NtZbrmiycBlmlaOEZzkKz3y9k2BSvo__gkcAT-5LC9mgiaRs1PjA2bf47psXy81jj9un-QkPtFqdL85NbwG070KbcfV5UV2_3uBiqNynYiF50bJQrEqZ_sr1wzpdgussgW7Xlt0NWqFrOLWnEKyagFGeiF9TnAf9O8BFJmBXSbHNtTEEhVY8PEKIpHuVjz5jy31zXj5HA/NrJGecF4Wc7idR3FT2T0SVn-lrl1I36tBMahwyxiumI,Killer Instinct,,,BlackDiamondGMZ ,KI%20%28XS%29,0,,https://www.start.gg/tournament/vortex-gallery-at-frosty-faustings-xviii/event/killer-instinct,2025-09-29T22:09:25.000Z,,Killer Instinct,,0%,0,recyyNuKGK5ukM6Ig,KI,Confirmed,recpjTmgVGJDyGU1N,2025-11-11T04:29:12.000Z,recApnK8q8mHbhAr6,,BlackDiamondGMZ#1092992,1st Lineup,BlackDiamondGMZ,0,None,https://www.start.gg/tournament/vortex-gallery-at-frosty-faustings-xviii/event/killer-instinct,,https://vortexgallery.moe/info#KI,0,0,0,1,,None,2fc653a4,0,0 Hours,Itsloosey,,XS,,True,,,10,https://v5.airtableusercontent.com/v3/u/47/47/1763208000000/KQGT7uHxYN1whYsUeFJQXg/1hGAk_hN3oKdHqGmia1FBIwVcJshbATSSJhJUnRq_u0jy4P6xoGtbTVPAj1HfbEbD-5a5e2Ymz1BP1zz5MZXKRx5jt_WCGf4bduk3Nke1yXGcKVkcHoXBPyFIFnjDCKYKzUPPv5YOcUQlIvBIuFkEh_RwEx5_ZYumsFX6zOvp5w/k0V-mY848VvcstGzLEIaSIlxM5Cf-F8qRhBYZLK8a_I,,None,,,,None,,,,0,0,0,https://drive.google.com/uc?id=1Mgo5O1o3LwHeNtYuMvlqiX8AOpXV7MH3,,Killer Instinct (XS),,,,,,,,,,,,,,,,,,,,,,,
KMGP2 (PS2),recgAUiDbSsWNARYO,32,70/20/10,recFr2BcRXld63Jpq,,KMGP2,recz6ingeQ8JVPlpM,Double Elimination,2/3,2/3,Winner must keep character. Loser may switch.,"3/5 Games for Losers Finals, 3/5 Games for Winners Finals, 3/5 Games for Grand Finals",https://v5.airtableusercontent.com/v3/u/47/47/1763208000000/WSR4DL0tpagm_ByqgmzA6A/QrQtvoJPGA24qXeSy15FE_wSQ9JAFbpuX5YeYH7nQdBqfZ3SV-BPNUvSV8YQUPHtUyxpzCe1Y7ql9s32zJpUcyprzBzvPZUaoMw7oFEjTehM26b1CHFkdW7QWpJuJJ33ShB-gVEIUiiiBoFxCYXJDqq9IrsthBwfmKZAKL1JsTVUF_DCITskuRoaYKyqS8KP/xH-7W1GLF-pGqVNKXc3PrYHF3bLkm_ApXHLxX7-aO_Q,Kinnikuman Muscle Grand Prix 2,,,fishtrabs,KMGP2%20%28PS2%29,0,Sat 1/31,https://www.start.gg/tournament/vortex-gallery-at-frosty-faustings-xviii-2026/event/kinnikuman-muscle-grand-prix-2,2025-10-14T03:12:59.000Z,2,KMGP2,3 Hours,0%,0,recz5sc3USz2xSoAI,KMGP2,Confirmed,recwkWKMNrkMvzVF5,2025-11-11T04:29:12.000Z,recXthAmd6me73z0x,"Fri 1/30, Sun 2/1",fishtrabs#962924,2nd Lineup,@fishtrabs,0,None,https://www.start.gg/tournament/vortex-gallery-at-frosty-faustings-xviii-2026/event/kinnikuman-muscle-grand-prix-2,,https://vortexgallery.moe/info#KMGP2,0,0,0,3,3,0.6666666666666666,524527c4,0,0 Hours,fishtrabs,,PS2,,,4 PM,,5,https://v5.airtableusercontent.com/v3/u/47/47/1763208000000/_mAfzZI25qfcSQMldNJ9Lw/UGp9lmvpoEYJiEH7-c7z0xFxSVGACq7aMEb3aEHcse5nvUx1PGRfL29emPNFzsZyFBEOm2CR50E4Di73g1G-KnXzR1ambn7hEHC2rJ8BnXEpQAYwC850_SPT0Wef2PENrIlBLomA7XaMBfBC6bnPpvb7iVWy8l8qzXw3ywGoVwk/Drw9janVCvEKBXLEA_3tGg8hXzA148KFNvsHeUyDl7Y,,None,,,,None,,,,0,0,0,,,Kinnikuman Muscle Grand Prix 2 (PS2),,,,,,,,,,"Switching KKD type is permitted after a win or a loss.
Picking Terryman's ""2nd Kinnikuman Great"" color is heavily discouraged for recorded/streamed matches.",,,,,,,,,,,,,
KOIHIME (PS4),recSCaKCJRhBNgEvq,64,50/30/20,rec140KqZHe03opaK,,KOIHIME,recrIiunpNpZcwWIe,Double Elimination,2/3,2/3,Winner must keep character. Loser may switch.,"3/5 Games for Winners Finals, 3/5 Games for Losers Finals, 3/5 Games for Grand Finals",https://v5.airtableusercontent.com/v3/u/47/47/1763208000000/OfgqQM2Jx0Psfd6IE0G_Yg/gYXCdkPxUE3VrCBAUOk0PkUUSb9ohH44V6cyHR_RnxsgV4Issl7Aj3--GVPQ3T2K6pnRv3DTUR6B_6slkwKynTwdQWnsVfhZDO4kAlC92A6-z-4eFMg3468Av4dR_z_GRzTCuqd9K70XgOO2HdNswQ/M1QbKwBtviP4M6b8Qtpgr1Ee0yA4xWgnkyNYx8phAdU,Koihime Enbu RyoRaiRai,,"OmniRabbit,Brett",OmniRabbit,KOIHIME%20%28PS4%29,0,Thu 1/29,https://www.start.gg/tournament/vortex-gallery-at-frosty-faustings-xviii/event/koihime-enbu-ryorairai-ver-3,2025-09-20T05:40:07.000Z,3,Koihime,2 Hours,0%,2,recBJTTIE2LqsYbUh,Koihime,Confirmed,recV6irNLkHsWnj0B,2025-11-11T04:29:12.000Z,recCn8zR1lrsUDOyh,"Fri 1/30, Sat 1/31, Sun 2/1",Vinushika#464104,1st Lineup,@omnirabbit.bsky.social,0,None,https://www.start.gg/tournament/vortex-gallery-at-frosty-faustings-xviii/event/koihime-enbu-ryorairai-ver-3,,https://vortexgallery.moe/info#KOIHIME,0,0,0,3,2,1.5,b0a3efad,0,0 Hours,omnirarab,"@omnirabbit.bsky.social, @HellaBrett",PS4,"recSCaKCJRhBNgEvq, rec3Q1Ui1Hsqnc760",True,6 PM,,5,https://v5.airtableusercontent.com/v3/u/47/47/1763208000000/SltNQ0oUKtO6tLlx-k7sQw/K4KIvGKPXirkxziH7MtqTWcuvn-0NhqLe7KkpMlMdxKBN1vTWVIi5uchgO74IRrCsLff_L4uMuHQ0N_Y6WksSWOoinKvtfIzLLyomEFb_4xr-b20YYHhTf6AD1Qef80R2BSx4j11EKo7sSxpermS3SZXL2_9WuFhO7uckBikKUg/BNrxV-fgxvd42uQYjHo5ErqQ0MXbRbuez06VMdYeeEw,,None,,,,None,,,"OmniRabbit (he/him), Brett n/a",0,0,0,https://drive.google.com/uc?id=1ZtDiaXhGLiXPKrK41h_O9XuGu9R-Dm_v,,Koihime Enbu RyoRaiRai (PS4),,,,recSCaKCJRhBNgEvq,OmniRabbit,,,"I expect to be able to provide all necessary PS4s. If for some reason we need to use a PC, it must have the separate Version 3 DLC purchased.",,Winner may change assist if the loser changes character. Winner must keep same character.,,,,,,Thu 1/29,True,"rec5nHPss3P4Xqbq8, recn3lQNi8ZhRDZgS",,,,,
MVCIB (Steam),"recL4olI8F4jslhNf, recWbb5JsXA668NMu",64,60/30/10,recbua01JSq2dWcPo,"recWbb5JsXA668NMu, recL4olI8F4jslhNf",MVCIB,recAQ08rG8fhbY3KD,Double Elimination,N/A,3/5,Winner must keep character. Loser may switch.,3/5 Games for Top 8,https://v5.airtableusercontent.com/v3/u/47/47/1763208000000/JHOExJ5aAn7WSQ2pzjmMhQ/inGWN_cgTSXU2VIZbvCUGM9HZu7Uu0yP6JPAhImabbnvTcwfms71guEqDZ67JHcYxCtLlC61EeU5GYenhOAFWugNbIJ2efGc221Km0TEL9qnbm6KTi6OfLedtJkDrFNR4bQ7Wbt73_UPnq9FUg2MbVb_8hExQ_NvImnKxsG3_1POaz15PcsPfXg4PO_kxYNt/JbJT2cUZnSVkIYpUtcvw5bIMl71yVALXyFbEFExkCn0,Marvel vs. Capcom: Infinite & Beyond,"Jako Man,DJVest",DJVest,"DJVest,Jako Man",MVCIB%20%28Steam%29,0,Sat 1/25,https://www.start.gg/tournament/vortex-gallery-at-frosty-faustings-xviii/event/marvel-vs-capcom-infinite-beyond,2025-09-20T05:30:41.000Z,4,MVCIB,3 Hours,0%,1,recDQgnsDp0I75Heo,MVCIB,Confirmed,recWhY5XqcZagROcT,2025-11-13T08:49:00.000Z,recm7NYLo1SBM1MO4,Sat 1/25,UG_JakoMan#532891,1st Lineup,"@DJ_Vest, @TheJakoMan",0,None,https://www.start.gg/tournament/vortex-gallery-at-frosty-faustings-xviii/event/marvel-vs-capcom-infinite-beyond,,https://vortexgallery.moe/info#MVCIB,0,0,0,3,4,1,"f6979bbb, 95563b45",0,0 Hours,"ug_djvest, ug_jakoman",@DJ_Vest,Steam,recL4olI8F4jslhNf,True,2 PM,,10,https://v5.airtableusercontent.com/v3/u/47/47/1763208000000/-DSY-Z7TsozgwcmZqygh2g/EQDe511E2JZgiQPEByVBOA_nPXZLWEa1VjTucOG4X7tX539kked01ZREO0g3j0nlhuNP__Ur47aDJ2J4E8IUsBFfpjHaUU6qgl177Cj5LnWE0y54-JGH7UhMTZUaBv2SCc3THEe1hgnEdCxLbghnChyLyu0yKtqHR7oI21FsZV8/TRRNCvSoBvLOXY3QtWcStr3EkJoVpvlqmaJbAoWbb2w,,None,,,,None,,,DJVest (he/him),0,0,0,https://drive.google.com/uc?id=1XjIOWUXBlmh9g6doRQ4Cx5Qpj9B4CJYB,,Marvel vs. Capcom: Infinite & Beyond (Steam),Yes. We will add in a pot bonus to be Matcherino page for it ,100,,rec4cnh9Ykzn1nj9n,BLACKATLAS,,,"Download the MVCI Beyond mod patch

https://www.mvcib.com",None ,,Thu 1/23,,,,,,,,,,,,
MBAACC 2v2 (Caster),recLUzLbeHjHvr7mO,None,,recEnGAiK6fkvlz8F,,MBAACC,reci52riWUQtgRRhc,Double Elimination,,,,,https://v5.airtableusercontent.com/v3/u/47/47/1763208000000/X6TwdLqpr5QcYyPpEfFA1g/18W0PbAi1pczTtHOrwFVx4E3mNHieozmyKAl9wZtVWQ8lIDM1acWlYatgBZfiWxV9wLKw1WXG7hkrD7dVJHU1OmVm4wXWWu6AEJS9KR_K_ULmkp0HiX49GkaV1BWpPqvUZfFU4mK_lNkoLJANsLn50VE6glhG3IQQJHzdE3V5BGKvBn_vyZVMa-LdZA4h2pT/i1ipFBxCcpkNC2tvOP-ZH5yPuNKh9H3kXUw26awNCH0,Melty Blood Actress Again Current Code,,,Melissa Meant It,MBAACC%202v2%20%28Caster%29,0,,https://www.start.gg/tournament/vortex-gallery-at-frosty-faustings-xviii/event/melty-blood-actress-again-current-code-2v2,2025-09-20T05:30:42.000Z,,Melty Blood AACC,,âˆž,0,recDu191jN87L8urK,Melty Blood AACC,Confirmed,rec0BMfSyHemnsoYg,2025-11-11T04:29:12.000Z,rec0E8RdNNEQ7sdsq,,1066936,1st Lineup,@melissa.guiltygear.gay,0,None,https://www.start.gg/tournament/vortex-gallery-at-frosty-faustings-xviii/event/melty-blood-actress-again-current-code-2v2,,https://vortexgallery.moe/info#MBAACC,0,0,0,2,,None,dc9dfac7,0,0 Hours,melissameantit,,Caster,,True,,,10,https://v5.airtableusercontent.com/v3/u/47/47/1763208000000/rrg3Y1OPrrHb33-OSfPTzg/lqzAnWToVMrGJvh8szfxE0VzcoqpQGI8qTHHUMLk6Owb9YSkXYBkeE6dm5zdmjNs0p-MSQDHFW1IPTE50sVUv4hJQDZHuBj8j4Zuzpc6FUDXXCybt5bJRzNCWybAcyyd4iKRUh61XneIBi5pAMIxoxkWfcRhZwC0HNVBVd1foK0/XHTFYTbyBpSihjVNMfQ_sCjkSq7PJAtR58dZhtOiyEE,2v2,None,,,,None,,,,0,0,0,https://drive.google.com/uc?id=1jD607MAl_xZo9UfkJDNPf92VHVXCnnpv,,Melty Blood Actress Again Current Code 2v2 (Caster),,,,,,,,,,,,,,,,,,,recCxOcPgZGUnratz,2,,,
MBON 2v2 (PS4),rechZXta9sR9FfqUt,12 Teams,,rec1PgLVM8h4TaBpy,rechZXta9sR9FfqUt,MBON,recqd7ZKrujHSYGJi,Double Elimination,N/A,2/3,Winner must keep character. Loser may switch.,"3/5 Games for Losers Finals, 3/5 Games for Winners Finals, 3/5 Games for Top 8",https://v5.airtableusercontent.com/v3/u/47/47/1763208000000/4eh3cJeD12-ihsm9Xek_qw/gKa4c-Y_clxYLWdaHelhyHDWgS1ATR81Yxy7R4X494wYfxdxaK3DqTnnaSkWepjMB5fvR0bj7PboEPUSYdP7MXKRhJPSewOqlDGWozF23i7aoBVbqrLQvJRkp2PB51qcoRDOfljeNivj0ANqR1RFm26-T6eenIVmwA5KU1gVYZg/SBVnWiGLEQRcfjtHxJgtHKnPb2GZD_DAGEIyaJ2m2eY,Mobile Suit Gundam Extreme VS Maxiboost ON,Bulletprccf,,Bulletprccf,MBON%202v2%20%28PS4%29,0,Thu 1/23,https://www.start.gg/tournament/vortex-gallery-at-frosty-faustings-xviii/event/mobile-suit-gundam-extreme-vs-maxi-boost-on,2025-09-20T05:41:21.000Z,4,Gundam EXVS MBON,3 Hours,0%,0,recEcFCjjkWmdK9CC,Gundam EXVS MBON,Confirmed,recV6irNLkHsWnj0B,2025-11-14T01:44:22.000Z,rectB6XLpXQYjNQ5U,Sun 1/26,Bulletprccf#839514,2nd Lineup,@xBulletprccf,0,None,https://www.start.gg/tournament/vortex-gallery-at-frosty-faustings-xviii/event/mobile-suit-gundam-extreme-vs-maxi-boost-on,,https://vortexgallery.moe/info#MBON,0,0,0,2,4,1,eff5f4b5,0,0 Hours,bulletprccf,,PS4,,True,7 PM,,0,https://v5.airtableusercontent.com/v3/u/47/47/1763208000000/9H7YPFZEUmkll4A6PGwbsw/Dtz27RLM84x3BDsj8E2Emxa8dz7wUa5a56676aGrXLLm2o4NTOI4QaQFJtb6vL10B25OeBMZJjfguMWAub0uxGUzkjqNW31ltlKxMmIDmj-JVdxlB9RNSSmCaAKaypAkREiOWyvQnaKLRrT2aBO1q9MR-waVEa2ODXZuOb6Onfk/kP4CSTaZ7SYRCthXgHQCufzeBVDdOLL6wDFSCk-ZNJc,2v2,None,,,,None,,,,0,0,0,https://drive.google.com/uc?id=1qVDO74Bc75CNG7yB1Fcn-R0sKXMrB0i1,,Mobile Suit Gundam Extreme VS Maxiboost ON 2v2 (PS4),,,,,,probably some gundam kits or merch -- TBA!,,,,,"Fri 1/24, Sat 1/25",,,,,,,,recCxOcPgZGUnratz,2,waiting on bullet,,
NASB2 (PC),recgIP5tvLa0vBJ17,32,,recD1xaEWqTwTBy1U,,NASB2,recI1CKi8swk9LoMQ,Double Elimination,,,,,https://v5.airtableusercontent.com/v3/u/47/47/1763208000000/Ah29d0j-f4h92V5_vZxu6g/qWTGn70oEDyI4IWVUOmMcOlbmjmumZ0TdGZcfVMUkqCEnvIjaQBCqnOQfB1IlKkLmOdFymewM25GdkOt18zJewW1GCLEcQFGIA8dhUma2AluE9zOEi1avQ2o969Q_m0QOYRkYFEi9C2y-UsdDyZ9Cw/XyCsow5KBa06rktOcv-61yw--K045he6guaJOyqKvJE,Nickelodeon All-Star Brawl 2,,,Cherry,NASB2%20%28PC%29,0,,https://www.start.gg/tournament/vortex-gallery-at-frosty-faustings-xviii/event/nickelodeon-all-star-brawl-2,2025-09-20T05:39:27.000Z,,Nickelodeon All-Star Brawl,,0%,0,recFABVNrvDHCgGsj,NASB 2,Confirmed,recUTDtHkKsAuW7Tu,2025-11-11T04:29:12.000Z,recPifRBEeuVqyWDh,,Cherry#772159,1st Lineup,@Cherrynasb,0,None,https://www.start.gg/tournament/vortex-gallery-at-frosty-faustings-xviii/event/nickelodeon-all-star-brawl-2,,https://vortexgallery.moe/info#NASB2,0,0,0,1,,None,00ace90d,0,0 Hours,Chufuga ,,PC,,True,,UGS,5,https://v5.airtableusercontent.com/v3/u/47/47/1763208000000/wGnxlmcC0pWF48Pj91vdeA/l4RJwjaWeMkdU9_laqT4PpSXGl8cfglTWvhiLhvsjRHSYziQ4dLx0V8GyOtKtSPUOvSOmcg8F75M3Zln6tIX8HJfEh0Mg-5tiBpwL3H1z-wiO2fR8YPphDJ832Jm0EO4dGB8gN2dCaQjfJDJ9I0RfvUdacuycBnR88tfG6NxrMc/FvH52bhAJz57tfyYB8CMHCK8DvTmmL0e_EapeEtooho,,None,,,,None,,,,0,0,0,https://drive.google.com/uc?id=1QOMC2Ll02wBrItupvjhoQrSuUrvNxR9G,,Nickelodeon All-Star Brawl 2 (PC),,,,,,,,,,,,,,,,,,,,,,reca5R6jcnOHP5KAC,
P4U2 (PS4),recNQkRlu8CgJHvyP,None,,recU4D1dXYPtTiJ0u,,P4U2,recLGciTrQWfcI3Wm,Double Elimination,,,,,https://v5.airtableusercontent.com/v3/u/47/47/1763208000000/vYBgZJ_mz36MnhgtI8KjWw/R0xrLJiN1vwxGxeOJAiX-VcpEvs6rW3YRe-7Xyui0O97p8tTL9OXx7bJMzo6q6TW6dW0m8nILhRM9midNBWSb1y1epPfindRGMTVkIcCzzx_UymJmGdlw25GqDo2yrM9WKcP5_KlUR4N5mlUCdBtUQ/9KrikJTiaFh8U1dk_N6txD0LHqqBIqEXlw19evsiZC4,Persona 4 Ultimax,,,Diosama,P4U2%20%28PS4%29,0,Sun 2/1,https://www.start.gg/tournament/vortex-gallery-at-frosty-faustings-xviii/event/persona-4-arena-ultimax,2025-09-20T05:30:35.000Z,,Persona 4 Arena,,âˆž,0,recHzh3xwzEL7jVu3,Persona,Confirmed,recV6irNLkHsWnj0B,2025-11-11T04:29:12.000Z,recUptINRGWEmkH1E,,Diosama#913112,1st Lineup,@jdiosama,0,None,https://www.start.gg/tournament/vortex-gallery-at-frosty-faustings-xviii/event/persona-4-arena-ultimax,,https://vortexgallery.moe/info#P4U2,0,0,0,1,,None,60415dd5,0,0 Hours,jDiosama,,PS4,,True,,UGS,10,https://v5.airtableusercontent.com/v3/u/47/47/1763208000000/ZcCQhINuaNehnm9TVkQoFA/MmF3L53JRdz9pT1JM98PwLOjkM7YeViCtALimjDFt9mpomkKyZkUA1hweXIcp2ciwABNthPNgCB4pgr3CuWw--hyjlYF438f1dnm6p8w4Yxu1kI64HBKz-vjvBluwjOJ_R0fQqC1rpjFplT8EwGoXAgXziJRwidUqveuo7vBQVc/3uW_d3xtFrsm0M_8AJR0__HmKzajps997Q28uvWsJW4,,None,,,,None,,,,0,0,0,https://drive.google.com/uc?id=0B0W5TMLqXDZuUDhCRDl5UURSMVU,,Persona 4 Ultimax (PS4),,,,,,,,,,,,,,,,Sun 2/1,,,,,,reca5R6jcnOHP5KAC,
PCC (PC),"recQGG116lLO3lCi8, recfw3vYI2JMsJAlP",48,60/30/10,rectcagj4emp5ZQTn,recvs9QxkcstAlXlk,PCC,recYPLoCfmSxlu31R,Double Elimination,2/3,3/5,Winner must keep character. Loser may switch.,"3/5 Games for Top 8, 3/5 Games for Grand Finals",https://v5.airtableusercontent.com/v3/u/47/47/1763208000000/Teot5FxcQIEIBqiV-nMCDw/4u71d0bIkJbZqncDYQiaDbF700xknJmB2W_6X1kV_3x45NsspnJheAdddkmmGd-G-hJ5P5BTJQ1c5QZdL3CYuJfWW8g14-X-oek6cJ8LLJ-xtKH_2rsqduf88kZmWZavS2hYimOn8dmzFe3RrUuljw/FzMCKW2Sb-nqrqMRmBr4891CtnsGQ56OaBhi7wrQhSM,Pokemon Close Combat,lateenx,,"Glial,wubbiq",PCC%20%28PC%29,0,Sun 1/26,https://www.start.gg/tournament/vortex-gallery-at-frosty-faustings-xviii-2026/event/pokemon-close-combat,2025-10-14T03:09:18.000Z,5,PCC,3 Hours,0%,0,recHgCYM3kgf8XESq,PCC,Confirmed,recUTDtHkKsAuW7Tu,2025-11-13T19:22:28.000Z,recTYASKhDy1gE5mH,"Fri 1/24, Sat 1/25","Glial#2178040, wubbiq#684298",3rd Lineup,"@Glial_Ga_Gotoku, @wubbiq.bsky.social",0,None,https://www.start.gg/tournament/vortex-gallery-at-frosty-faustings-xviii-2026/event/pokemon-close-combat,,https://vortexgallery.moe/info#PCC,0,0,0,3,7,0.7142857142857143,"d6e93c27, 4aece8e1",0,0 Hours,"glial, wubbiq",,PC,,,3 PM,,5,https://v5.airtableusercontent.com/v3/u/47/47/1763208000000/SQb5YDQKFlggfAtmL05rjQ/Xc_3Up0PjUISUIMMwmV8IxISV9O-hloeIWm1Wn6izDpkh6fwE8T0ibY9bTwGs2v4qJtuGObaw5M1uwboioAw9vUQFTXegaWllRRdga-AfwT9w_RckzGbIT4AWzlOf1JUe9PhVZaGPv4aQDSfWGtqxFVmsu7-vv_P9bLTMUN3mSk/61r7lbD7VHYM5gFYKgYoNK9-kRBoI_IQJ94cUmG8iWM,,None,,,,None,,,,0,0,0,https://drive.google.com/uc?id=1b-90vYVff7po67pAaHxbde13Jtpk0cGw,,Pokemon Close Combat (PC),,,,,,Custom made stickers,,Any PC,,,Thu 1/23,,,,,,,,,,"Osu Workin on it
",,
POKKEN (Switch),rec8PuXz08laIdNTz,64,50/30/20,recRKaOJp66dIZMCj,,POKKEN,recB2y6y1PHYAjudh,Double Elimination,2/3,2/3,Winner must keep character. Loser may switch.,"3/5 Games for Losers Finals, 3/5 Games for Grand Finals, 3/5 Games for Winners Finals",https://v5.airtableusercontent.com/v3/u/47/47/1763208000000/N-2_nnHDOA8HjvYEct5r3A/MmCRY1ynCkX6-2ZamlfEB5hMKySQi6BUN8S0WUeFvKb8DUfZoikBrnL38f3_MTPIUmWw02AOwua4zQQc6WsB2xdY56q2syAXMfKeWSFTTYsPXoc3C_L2q488OpO2wTymexVg6qk9ajioeOOxDjMkTw/8i3C0RCyR5RPxbYFPGwRymSVB89iKRuev1cRDkO4cWI,Pokken Tournament DX,,Jin,Jin,POKKEN%20%28Switch%29,0,Sat 1/31,https://www.start.gg/tournament/vortex-gallery-at-frosty-faustings-xviii/event/pokken-tournament-dx,2025-09-20T05:41:20.000Z,4,Pokken,6 Hours,0%,1,recJIqn9ldmWWvGBS,Pokken,Confirmed,rec3Uw2xf16QEExlL,2025-11-11T04:29:12.000Z,recpbkueYYsWVmzmU,Sun 2/1,JinByaShaRinSAGE#1057000,2nd Lineup,@jinbyasharin,0,None,https://www.start.gg/tournament/vortex-gallery-at-frosty-faustings-xviii/event/pokken-tournament-dx,,https://vortexgallery.moe/info#POKKEN,0,0,0,3,5,0.8,b1ad202b,0,0 Hours,jin_hypegod,@jinbyasharin,Switch,rec8PuXz08laIdNTz,True,1 PM,UGS,10,https://v5.airtableusercontent.com/v3/u/47/47/1763208000000/_5RwPi7oE0gtD5msxXznow/xWVp3gswWcEI7-9RxyPOihx_ZcXZVW6PgUTfdfN3nMbpM7nV4ZVR58JGmwYB6Rqnv5tYrmFESURxmznoyvCCHt1xZn33X3YLqE0Kd3Xm4kHW5-trxhid9P4AtLDIQHmOcCoihpBttjXgSrfC3HiairU8FTMI0AZWqQk3NVD_6Ts/ZGPNljxmXB8LhTQIgRXqARtGOoaGZDIyVFc60PLAsSs,,None,,,,None,,,Jin (he/him),0,0,0,https://drive.google.com/uc?id=1bP3L9Z6MYWdk2ZspRifAormpEgQkuO5I,,Pokken Tournament DX (Switch),"Yes, trying to raise $1,250",,,,,,"Fixed Battle Arena

Skill Level: Off

Round Points: 2

Vs Mode: Basic Battle",,,,,If 50 entrance split shall be 50/25/15/10,,,,,,,,,,reca5R6jcnOHP5KAC,
PRBFTG (PC),recwWjOMeammJNiiX,32,60/30/10,recmd8sHKQu438PPV,rech4fIrnZKH2bkLC,PRBFTG,reciZTgrEDez1NTh9,Double Elimination,3/5,3/5,Winner must keep character. Loser may switch.,,https://v5.airtableusercontent.com/v3/u/47/47/1763208000000/D-8X-bDlzTDgofp_ypCOLA/xWTgvWbNLfnlvJlKEquURxBK6clHUDpL97GuKAjTFBzf_7fmohNYdwBdJ_AI2Nwj_pVZOr6gXGlOSbGcssRVwGl_uPvMbe0jUANpthw29A2NaCLqu90jH6VYrA7_Oesmy0pFQQ-Oz7lX_xT6JWg8FzrinX1Si6uv2JMx-95dRFEO1mU-Cwi2Ep5iZQX8sZ9n/BQIiGeWXDlpaoTckCdPaBhKYzjrnvuLD4FwlHdDBgiU,Power Rangers: Battle for the Grid,Thana / Last Romeo,,Ferns,PRBFTG%20%28PC%29,0,Sat 1/31,https://www.start.gg/tournament/vortex-gallery-at-frosty-faustings-xviii/event/power-rangers-battle-for-the-grid,2025-09-20T05:30:36.000Z,2,Power Rangers: Battle For The Grid,4 Hours,0%,0,recJkjzIaoMiXm9Rd,Power Rangers,Confirmed,recUTDtHkKsAuW7Tu,2025-11-11T04:29:12.000Z,recd9m7E6ddxP1BHb,Fri 1/30,Ferns#842543,1st Lineup,@FernsComm,0,None,https://www.start.gg/tournament/vortex-gallery-at-frosty-faustings-xviii/event/power-rangers-battle-for-the-grid,,https://vortexgallery.moe/info#PRBFTG,0,0,0,3,4,0.5,62372be2,0,0 Hours,Ferns1790,,PC,,True,12 PM,,5,https://v5.airtableusercontent.com/v3/u/47/47/1763208000000/tWoGutjabqRwzATLFWWvag/QB-rYELdHDlXBZlsG9fycH5X-kVvofyZKQkuuyfl-JFqp3u-BxDej1MXO4q4kwSFEGi6PSbbsAmcGxzmUHARc6pYwcXzBayWj22Gt3VzaaPM7vlKB7LR1fx1TwStWZnhUvlV8WrccbFVik1nz3OTmCtvzNyD_lHw-MmDuG2NY1M/6oNIct1_nqaCCGPIGzN738nfOQWlwasyMDe_Ps_qSKA,,None,,,,None,,,,0,0,0,https://drive.google.com/uc?id=1NK-2GoX_gWdQF9Y-u6LOecnuEx-1sl9h,,Power Rangers: Battle for the Grid (PC),,,"Under no circumstances should BFTG be scheduled near UMVC3 or 2XKO. Also, whoever is streaming it should be able to handle streaming a 120fps from a PC. We ran into an issue with the streamers from last year, and I want to avoid that scenario again. If there's a need for a change, please let me know.",,,A custom-made arcade stick with new artwork from NWay is in the works as a prize for 1st place.,"Players must pick training stage unless both mutually agree on a different stage
",PCs with the Grimbahack mod,,"Winner must keep characters. Loser may switch.
SPD Unblockables Banned (Following applies if you're using the SPD Zord)
- You can't use the M call debuff on an incoming opponent until the opponent's character touches the ground
- You can't swap strike if the opponent's character has an air M call debuff
--- Doing either of these will result in a game loss","Thu 1/29, Sun 2/1",,,,,,,,,,,,
PJ (PS4),recLRBHKnQ771zuWh,48,50/30/20,rec5hlpePqDZLFkOL,,PJ,recyuWK1dsvPUZorS,Double Elimination,2/3,2/3,Winner must keep character. Loser may switch.,"3/5 Games for Losers Finals, 3/5 Games for Winners Finals, 3/5 Games for Grand Finals",https://v5.airtableusercontent.com/v3/u/47/47/1763208000000/cIYdO3S50Ijp5XzFvcRsQg/06JFSgChp_swC17JjbzcZgfkJkmkFonp3HbxLnr6X0Kh2kdK3SkIlEllozSXaBieF0Rr9rR6_BKdtvEUpRG91REKVw2CRBSdjgNnnAS9o3YsM6xaeIHZhNOMQfhjOvG6vrZzrosdV08WAi7wSRdTTA/Bl47KCc-Nx0d0MzTtHadgUHeehGU04PsMJUreUjb9AA,Project Justice,,MasterScrub,MasterScrub,PJ%20%28PS4%29,0,Sun 2/1,https://www.start.gg/tournament/vortex-gallery-at-frosty-faustings-xviii/event/project-justice,2025-10-14T03:09:30.000Z,5,Project Justice,4 Hours,0%,1,recKNqsRydgVshRFc,PJ,Confirmed,recV6irNLkHsWnj0B,2025-11-11T04:29:12.000Z,recegZczCXHZV3bgb,Thu 1/29,MasterScrub#796770,2nd Lineup,@MasterScrub,0,None,https://www.start.gg/tournament/vortex-gallery-at-frosty-faustings-xviii/event/project-justice,,https://vortexgallery.moe/info#PJ,0,0,0,3,4,1.25,/3940c7ef,0,0 Hours,masterscrub,@MasterScrub,PS4,recLRBHKnQ771zuWh,True,12 PM,,5,https://v5.airtableusercontent.com/v3/u/47/47/1763208000000/mRmFp5PHvRGt8hnKXm5MHQ/_TC6i3DwnbWiijJ0HoUsQkMLhp2fpMXFoMHn-Mgjvs7lta9OG09GwjLHNTTOImvGxDBlb0yfgdQxT9ElAChft2svurdWuubQ5kgC91-k0wmcMjeYVRwpa3MKOcPyWW6NzTkwacEALFwoXTH5Sn0HnJAyQ4aqf1xk5Z9BtuR9t_o/jIA06rueVqD7R0WjqtWgRYKHVl8MN5hwC49Aelg1gu0,,None,,,,None,,,MasterScrub (he/him),0,0,0,https://drive.google.com/uc?id=1BCCb_lr7pYhE9Uj-axjvrVGfsaOhssTr,,Project Justice (PS4),,,,recLRBHKnQ771zuWh,MasterScrub,,,,Kyosuke air glitch is banned,"Button macros for special/super moves are banned (two button macros for assists/side step/throw are fine)
Edit characters are banned
To clarify character switching rules: Winner has to pick the same team at character select in the same order. Switching point character between rounds is fine for both the winner and loser of a round.",,,,,recetWo30uJS5yd4L,,,,,,,,
PPT2 Puyo Only (Switch),recl3g9ukKrvLdZyM,32,50/25/15/10,recdPF1bPtw4T1PSq,,PPT2,recan3rzgfhiMSDcz,Double Elimination,N/A,Varies,,Varies,https://v5.airtableusercontent.com/v3/u/47/47/1763208000000/yR1X6DviCU7mlCz7HDZmXg/F7VeLUbghuc8T9-u_8k5hz3HQzp2xcEVo2EgzdDS71NCl_VnL3uKfv0cihEuLGAbbrKki3yAdWyCSzqeRmnHVcUAcFO_AWJ-vrz9gQkn-XDDDdC7tusDTPgihMJgjuWIwXd2PfAG8uhRuy8iXScPGg/rz9NZTKezuKkpk9ufW09bt2A5IN74I2-NWVfqYWCr-U,Puyo Puyo Tetris 2,,,-ZAN,PPT2%20Puyo%20Only%20%28Switch%29,0,Sat 1/31,https://www.start.gg/tournament/vortex-gallery-at-frosty-faustings-xviii/event/puyo-puyo-tetris-2-puyo-only,2025-09-20T05:30:39.000Z,2,PPT2,4 Hours,0%,0,recKOKajxh57nmGMs,PPT2,Confirmed,rec3Uw2xf16QEExlL,2025-11-11T04:29:12.000Z,recD7eckerldrIM9U,Fri 1/30,-ZAN#911584,1st Lineup,@zan.puyo.us,0,None,https://www.start.gg/tournament/vortex-gallery-at-frosty-faustings-xviii/event/puyo-puyo-tetris-2-puyo-only,,https://vortexgallery.moe/info#PPT2,0,0,0,4,3,0.6666666666666666,a250f3c0,0,0 Hours,catuscarnival,,Switch,,True,4 PM,,5,https://v5.airtableusercontent.com/v3/u/47/47/1763208000000/o7-swBCbxiVpfjzwlrRhAA/QCePYf0O_MQkCLGlKkLIOrcHPEtywJVx_NUHRjE2WG5G6NzrmJVMzqKM73H0lpYadJxmgc1B8XPblDrikSKuwwWZEwkCjJCM-r_HCiAvi9-PrqCsj16cqfjT_a6naB43gsbj25wcvMxITdWLVHaOVbbcwB2ilTJTuENnxmXCOmU/4rAzdWHlog88l6QhfNt1GqLb12pygqTGX1_WkAOUyWk,Puyo Only,None,,,,None,,,,0,0,0,https://drive.google.com/uc?id=1RbAAH94WSEKc51hAfVsBBgdMlguguEB2,,Puyo Puyo Tetris 2 Puyo Only (Switch),"$70 - -ZAN
$250 - Phenotype - if bracket caps out at 32 players
",320,,,,,"- Mode: Puyo Puyo 2
- Win Count: FT7 for Pools, FT10 for Top 4",,,,Sun 2/1,"If bracket caps out at 32 players, change split to Top 8 42/20/13/7/5/5/4/4",,,,,,,recDpMGeuQD0yoCfC,1,,,
MJ (Tiles),recEMaEU78xojHPiS,64,,recbpk63KPSYyJgxW,,MJ,recYlqRrVhMiXjS5z,,,,,,https://v5.airtableusercontent.com/v3/u/47/47/1763208000000/QiTalEqgkWzrxJxtmBfnbw/nRKq2U8yw7yH96FiXgjND9w_Wp6byvbf1E09p-kgC3y09QDTNpRLVpr7XuBaRJDIr6CYguePTazmfH3yBAFmOUKkWPW-3PRIKDadtmBN16e-yF21B0aEpQKTLYFFtKcKH8Jrlevl50sY_q10EXzeiw/U74q_GYwt1-dKNyjT6hnbTLHdGXxZ1fG3OtA-K4O9Ww,Riichi Mahjong,,,Kyuu,MJ%20%28Tiles%29,0,,https://www.start.gg/tournament/vortex-gallery-at-frosty-faustings-xviii-2026/event/riichi-mahjong,2025-11-04T04:26:40.000Z,,Mahjong,,0%,0,recKhW1xKQB86XxMS,Mahjong,Confirmed,rectVHaYRPegHn4y3,2025-11-11T04:29:12.000Z,recIqr21v4pUqbrl8,,,3rd Lineup,@KyuuCC,0,None,https://www.start.gg/tournament/vortex-gallery-at-frosty-faustings-xviii-2026/event/riichi-mahjong,,https://vortexgallery.moe/info#MJ,0,0,0,1,,None,3c8b8bf6,0,0 Hours,kyuusc,,Tiles,,,,,0,https://v5.airtableusercontent.com/v3/u/47/47/1763208000000/xk1t-w9_GOBkctHWO-ygVw/LukyZFT_1CTdn_6IWv076dTCV7iGyZL-yJhyximcNuX9NqeNbct47aRtWT0Luu5NB3NNl7Yq6BtpN0RcnWvDSO8-mreA9Pd0x5qz8rTqFJT7IdXM4fALItH802DE1moABTtbCCtDiCA0_ZKCX8KvP4gSwcBvzLvqX4UBWvWM9xs/adUi0BFkYDeassB0s6_sYNk6IBNlyyD61ud_pVTZLmM,,None,,,,None,,,,0,0,0,,,Riichi Mahjong (Tiles),,,,,,,,,,,,,,,,,,,,,,,True
SMS (MiSTer),recSCaKCJRhBNgEvq,48,60/30/10,recEN3m9yhycEv5Ot,recASUByC2x7zWlbl,SMS,recFzZoiwwJ66Du8q,Double Elimination,2/3,2/3,Winner must keep character. Loser may switch.,"3/5 Games for Losers Finals, 3/5 Games for Winners Finals, 3/5 Games for Grand Finals",https://v5.airtableusercontent.com/v3/u/47/47/1763208000000/uEX_cebUBfOtKs_KFp4aOw/IlRMeZvZ1AucsYKvzuPfJaRPkgdRJjIrIRGMphnXgVsCb8fWM6jXvUvJvp4Oi09VF3IsVs_piZHzsMdjbb9_4YTxd1_3fob2O6SlnY-POvys8Nl5reO3e2Grmtk1vUPosutzpXRCKoqWuVwtwxFJTg/vKlh41yE4eaLzlzJvJcCAjlS5Wahuu2IohfI4SAu2xA,Sailor Moon S,Narr,"OmniRabbit,Mixer",OmniRabbit,SMS%20%28MiSTer%29,0,Fri 1/30,https://www.start.gg/tournament/vortex-gallery-at-frosty-faustings-xviii/event/bishoujo-senshi-sailor-moon-s-juugai-rantou-shuyaku-soudatsusen,2025-10-08T00:11:12.000Z,4,Sailor Moon,2 Hours,0%,2,recZ5MadgKbsK39h9,SMS,Confirmed,recsjzSn9OyxGku3g,2025-11-11T04:29:12.000Z,rectJIUXOYjfmkRPy,Sat 1/31,Vinushika#464104,2nd Lineup,@omnirabbit.bsky.social,0,None,https://www.start.gg/tournament/vortex-gallery-at-frosty-faustings-xviii/event/bishoujo-senshi-sailor-moon-s-juugai-rantou-shuyaku-soudatsusen,,https://vortexgallery.moe/info#SMS,0,0,0,3,4,1,b0a3efad,0,0 Hours,omnirarab,"@omnirabbit.bsky.social, @MixerX1",MiSTer,"recSCaKCJRhBNgEvq, recC83rgF8VAwv51Z",True,8 PM,,1,https://v5.airtableusercontent.com/v3/u/47/47/1763208000000/UvvJkZ8G1-p5Ax_mHxOIPg/8SYj_hIAsunBYKQtLZVsXVweCH8BvOjMax99vtaS74NjzIaxNIrbyYvW_dPZ_5rFr5-_PoPMWnWX3VNeliFy8lE1Oh54hcK0glpJCSm1zV0fKrm9Hr4jwI_6oscASZpac6hnLEKTOWsb6RGzpubG4vvo3zaq8KbXrKJlrZkHdec/vBDgAuhk3P6_7vPKYGJeglxZsJpLlu8cSytJ9TiIODI,,None,,,,None,,,"OmniRabbit (he/him), Mixer (he/him)",0,0,0,https://drive.google.com/uc?id=1cOhRbWfE-jkZBsXynd6asSOmPNVyUR6a,,Sailor Moon S (MiSTer),$200,200,,"recASUByC2x7zWlbl, recSCaKCJRhBNgEvq, recDMtSyDOzEsspF6, rec84evYJFMyISq4f","Narr,OmniRabbit,P.Skelly,PolarBair","Various mystery prizes to be allotted at a further date (mostly CDs, maybe a vinyl) ","- Uranus is banned
- Pre-round charging glitch is legal within a set, but cannot be done in the first round of the first game the set
- Pluto infinite and Chibi infinite backdash are legal
- Space Time Door is legal if both players agree to it
- Developer Office stage is legal if both players agree to it
- If you double KO 3 times in a row and get booted back to the character select screen, redo another round with the same stage","Not completely needed, but we typically run a romhack that adds a basic English translation for the menus, does random stage select, adds more character colors, and removes Uranus from character select. Not necessary for playing the game though.","- Pre-round charging glitch is legal within a set, but cannot be done in the first round of the first game the set",,,,,,,,,,,,,,
SHC (PC),recpl160lByrPEOQo,32,,reczpn0FjtPKx6Iis,,SHC,reczYsuu7vMqnDt70,Double Elimination,,,,,https://v5.airtableusercontent.com/v3/u/47/47/1763208000000/EfIjgstEBZZfxpqwcY81aA/ukVRqlX8NmaRu2hlTUZd-rvpQMO3HygMSjqmZ9LCxb6PrroHHXBZu3D4OEdUcBmcoHwmRWF4s-J61seixVHrqTM6jGEElhr0-c9EEFNQmG-FKoC3N_va_G88W8LunN5Mfc1qRB1IAylc1bhRbti28Si7J2XKvDNWawFSXePaFDA/smnhpyMVTj6Rwhyj_aaOJnWxhfuz5TqsBDhMsfd0AXU,Scramble Heart City,,,mpaulweeks,SHC%20%28PC%29,0,,https://www.start.gg/tournament/vortex-gallery-at-frosty-faustings-xviii/event/scramble-heart-city,2025-10-20T19:02:52.000Z,,SHC,,0%,0,recZiUnRK5FUiMI86,SHC,Confirmed,recUTDtHkKsAuW7Tu,2025-11-11T04:29:12.000Z,recZB1iwGq2aObxZj,,M. Paul Games#1997998,2nd Lineup,@mpaulweeks,0,None,https://www.start.gg/tournament/vortex-gallery-at-frosty-faustings-xviii/event/scramble-heart-city,,https://vortexgallery.moe/info#SHC,0,0,0,1,,None,1da9d4e5,0,0 Hours,mpaulweeks,,PC,,True,,,5,https://v5.airtableusercontent.com/v3/u/47/47/1763208000000/ZMqm22kTos8PlTP2Huq8FQ/jkiP3d-Dwz9n3Zt0AmiRtEgAxaezQfo1Qhy5y_OIe5OzXiD5fbi-ST4Dw6nw6GYlZoDAAnXZBcZguDC6UqCn7ASJBJ2mToGwxhz1tuQzSUExXkbLDIr3zxaxiH0VnLZFDWMJ8-LSdPooRx-IrqzAMKLS6cpqlRiCDJ_wEK0gg94/VEmR3KMV5q6VlgMLdSoFQkCKnG-Lzpc2F6CRD7GkQE4,,None,,,,None,,,,0,0,0,,,Scramble Heart City (PC),,,,,,,,,,,,,,,recXcZZu5Jfa1g8kS,,,,,,,,
SHRB (MiSTer),recLTUvl3JQH9WSq9,32,60/30/10,recrYlooqr0geC2YH,,SHRB,recMUEDK6Ak4K6uXE,Double Elimination,2/3,Varies,Winner must keep character. Loser may switch.,"3/5 Games for Losers Finals, 3/5 Games for Winners Finals, 3/5 Games for Grand Finals",https://v5.airtableusercontent.com/v3/u/47/47/1763208000000/VE8c3-oYEYf1EO4-lb_lhg/E3A1U8uP1vg52syXVc6PqvVsX2L1H21D5xs8YitJRWkgRtEolkHCUBvKGXeWD-RJyeKBa_gO-dBvnWG8gggIoH5jVO_2XjONJflYjGkjYdJGe4KWWWTLqO0AyVlyz5VKUq5qnWxCCkuYv4bz3jswP2B60-J9w8SQaqfBE41-jdM/UsFFJfjqhdEIo3AHU61Glwfp5XRSwR4n0j15_o2cXlY,Slap Happy Rhythm Busters,,,waddledee_legends,SHRB%20%28MiSTer%29,0,Thu 1/29,https://www.start.gg/tournament/vortex-gallery-at-frosty-faustings-xviii/event/slap-happy-rhythm-busters,2025-09-20T05:41:23.000Z,1,Slap Happy Rhythm Busters,3 Hours,0%,0,rec0x2SkgrjS6uFfN,Slap Happy,Confirmed,recsjzSn9OyxGku3g,2025-11-11T04:29:12.000Z,recGsekMOJZkddOyT,Sun 2/1,waddledee_legends#1032525,1st Lineup,@waddledeelegends.bsky.social,0,None,https://www.start.gg/tournament/vortex-gallery-at-frosty-faustings-xviii/event/slap-happy-rhythm-busters,,https://vortexgallery.moe/info#SHRB,0,0,0,3,4,0.25,5e5d02a5,0,0 Hours,waddledee_legends,,MiSTer,,True,3 PM,,5,https://v5.airtableusercontent.com/v3/u/47/47/1763208000000/1YRsmWDq8jabdOyrpgmoWQ/jp78TBRmt1ni_hbRRt_NdoKMOvoZ58hOHuOeRAIUrFjGLDMlpm9JjePOBcTQqFea-NgH_PwVA7LRMRepTS6gihP1ZHziBZVvc2n28XWHJxtVljhj9yFhG57Oyis0B8vNHyiI22JYQfabRc0ASWT6vbwkVCA6lvCUtW5tEdGsuzw/YHcg3Dh-slhk9m_7GX0iMwieFS3zGfan2nx_KgWoZzc,,None,,,,None,,,,0,0,0,,,Slap Happy Rhythm Busters (MiSTer),,,"I know I need volunteers, I'll fill this out as I get confirmation that people are attending ",,,,"Damage 3
Rounds 2
Timer 99","Not sure yet
I don't have my MiSTER to know for sure",,"Gossamer Rev B Wide SCSI Space is a banned stage due to disorientation 
Select results in returning to character select ",,,,,,Thu 1/29,True,,,,,,
STF (PS3),recPzcd9xGp5v98rd,48,50/30/20,rec3BIp94v9u2Aizo,,STF,recQ4Smeosbd3EwIi,Double Elimination,3/5,2/3,Winner must keep character. Loser may switch.,3/5 Games for Top 8,https://v5.airtableusercontent.com/v3/u/47/47/1763208000000/MYvTirGeHIfPocoZ_vcOVQ/tu8A7ePEFgzKtlSOrO2ma0YtwO_o0gGhSAdCSF_vldKxTXiHwJaEYTtIErbaqgbx0JVdRrpY8Rc05zPp3290HQ6B75B15BOINwgLWqxTdMp-_TWqgtn1O1dIsN5iOwwnhcLlH_Lcb3RyQrcv90L_iYhKDwAzkvSD0K3tRZkuLy8/uWWioBZdRrq2X-9bWXYlHdLwJBK905w4qqguTB4gH3Y,Sonic The Fighters,,scooterdoops,dr.hunk / wusstunes,STF%20%28PS3%29,0,Sat 1/25,https://www.start.gg/tournament/vortex-gallery-at-frosty-faustings-xviii/event/sonic-the-fighters,2025-10-14T03:06:56.000Z,4,Sonic The Fighters,3 Hours,0%,1,rec0EslGcEdzSYNGn,Sonic Fight,Confirmed,recinc6b9NNMARnpU,2025-11-13T02:54:07.000Z,recVzIliBkPL6g28B,"Sun 1/26, Fri 1/24",Matt_K#1584375,2nd Lineup,wusstunes.bsky.social,0,None,https://www.start.gg/tournament/vortex-gallery-at-frosty-faustings-xviii/event/sonic-the-fighters,,https://vortexgallery.moe/info#STF,0,0,0,3,8,0.5,6928ebc6,0,0 Hours,drhunk,@scooterdoops.bsky.social,PS3,recQL5GjMR8Qu2UAM,True,2 PM,,5,https://v5.airtableusercontent.com/v3/u/47/47/1763208000000/tPOHYm95YhnQFQMtBB_b5A/XitAS2XuSS4s-n4SlQ9IT8HSFYmMSnbaiEWe9NYiMNg97-cAtspd22b3X_4adH4T0xoqQUIb0a5Kh84ptlFEEAlAKKdDw6Z4cPRs84cyljJpi3JjJ9lnlEHw_mgu_2lSjeOf0wcKPSkMJute6Pl-Fdouv2qQa7JHp1qGgjA_0gc/37kU0RZzprrE4KqRYipXys85JzclUy7MZdXvIsydZg4,,None,,,,None,,,scooterdoops (they/them),0,0,0,https://drive.google.com/uc?id=1zGWgqbPTPxIbVJZFKQCGhZD_1IZz7lES,,Sonic The Fighters (PS3),Not at the moment,,,,,Not at this juncture,"Default Ruleset (No barrier regen, 5 barrier, 30 second timer,  3 rounds to win)
Metal Sonic Banned 
Eggman Legal if both players agree to allow him to be played

Press Select in the Character Select Screen in order to assign controls",Planning to simply run the vanilla PS3 HD version of the game for the time being. ,"Player one is given priority when two moves clash. Players can agree to swap ports every game in order to mitigate this, but it is not required. Players may also RPS for first port. ",,Thu 1/23,No,,,,,,,,,,,
SC2 (PS2),recagG3mzLN3HlsNH,64,60/30/10,rec0fAfcWjd5MvfFo,,SC2,recty6UzrdROUiHYD,Double Elimination,3/5,2/3,Winner must keep character. Loser may switch.,"3/5 Games for Losers Finals, 3/5 Games for Winners Finals, 3/5 Games for Grand Finals",https://v5.airtableusercontent.com/v3/u/47/47/1763208000000/OOir7mbFua2bJT5ZX7COuw/pACo_lap4ETNBV_vayglnJRqBtjiRRY0jFXnm1TyWSRI7vUtLWmF3UOagKSt7Y7nKxPsfZP2KBBn5QiDp-rROqDzUMG6ZelXC14jstej158zoq8pEwp47mj0E98zFcqkY1lkcw_eFMtAvz1S-9IEBA/URklHBBQxGBwInz56Z_R0n19IRhscj-Ql_7H0gnFl6o,Soulcalibur II,,,Gandalf,SC2%20%28PS2%29,0,Sat 1/25,https://www.start.gg/tournament/vortex-gallery-at-frosty-faustings-xviii/event/soulcalibur-ii,2025-09-20T05:30:35.000Z,4,SC2,3 Hours,0%,0,rec3yj3EohKBJpBe2,SC2,Confirmed,recwkWKMNrkMvzVF5,2025-11-13T21:28:13.000Z,recaNC5V5GWys49fj,"Sat 1/25, Sun 1/26, Fri 1/24",Gandy954#841535,1st Lineup,ogrekvlt,0,None,https://www.start.gg/tournament/vortex-gallery-at-frosty-faustings-xviii/event/soulcalibur-ii,,https://vortexgallery.moe/info#SC2,0,0,0,3,4,1,665f27ce,0,0 Hours,gandy954,,PS2,,True,12 PM,,10,https://v5.airtableusercontent.com/v3/u/47/47/1763208000000/0KmFip7ZvP1rXfHgXEZ_Lw/3TfVAvHA-iEKE9867_NIs7mVFEhEmQ3jvsD__PjuWzFMEgH672Hj0aobbwEs3WNcx7D2tp0p-ZSvSB3pCZ1V1tQpk55C-NSuQl7EbLKRM_uk8jonRT2OBpJF4mhGPHzhyteSzVzWM9UdQ6r-VtGj3HZ0AUyTxwK2LFBmjt_FEFU/udgsFsSLmQzTrA-5voX7_Kqhdgaf9K4tw7xZNaMQnFs,,None,,,,None,,,,0,0,0,https://drive.google.com/uc?id=1M3AEd-VZvSIQAtwHbFUk1QNu0axoznU4,,Soulcalibur II (PS2),,,,,,,,,Lizard man throw glitch banned,,Thu 1/23,,,,,,,,,,,,
SCVI (PS4),recoJH4Ioe1ilO0Gc,64,60/30/10,recDSAr23lCVoPcpz,,SCVI,recvR6iF5wriR8Lxq,Double Elimination,3/5,2/3,Winner must keep character. Loser may switch.,"3/5 Games for Losers Finals, 3/5 Games for Winners Finals, 3/5 Games for Grand Finals",https://v5.airtableusercontent.com/v3/u/47/47/1763208000000/R_-QLdndE78SetMrffJ_Ag/Rc6ehWpTEWk-fD9spkdBiRP1tPdRjH7pJrWMQlaH0k2CCBWgbQZvfF1a9SNfmQFCXxmXFq0t0bGEg09NN2azdbHACs7rgJGuIf2lYfbA36EmMaT5J0oCPrkTg6PodtHeJSUJgVFZyqRym_OHWnkeyTTPkVQGOxMoKFCJRqLInpQ/yXYQul4QFa_JMaOuU2A3RXPC9pIqBadJek70QBahzQ0,Soulcalibur VI,,TiZ,TiZ,SCVI%20%28PS4%29,0,Sat 1/31,https://www.start.gg/tournament/vortex-gallery-at-frosty-faustings-xviii/event/soulcalibur-vi,2025-09-20T05:30:38.000Z,2,SoulCalibur VI,6 Hours,0%,1,rec5sjYUYY3P3HH5n,SC6,Confirmed,recV6irNLkHsWnj0B,2025-11-11T04:29:12.000Z,rec4YJ3jd5cCWXk17,Sun 2/1,TiZ#828034,1st Lineup,@tiz-huglife.bsky.social,0,None,https://www.start.gg/tournament/vortex-gallery-at-frosty-faustings-xviii/event/soulcalibur-vi,,https://vortexgallery.moe/info#SCVI,0,0,0,3,4,0.5,ea5ac7ec,0,0 Hours,tiz_huglife,@tiz-huglife.bsky.social,PS4,recoJH4Ioe1ilO0Gc,True,2 PM,,10,https://v5.airtableusercontent.com/v3/u/47/47/1763208000000/n_5zm0hAvMv41RXt5cB2eA/JlsDRXQKNovplof46HSa4MNGjoW0h0EWHJqYDclOy8nNhvBNuu8zJATySrZ_bmVMqHbHy6jkahYeHJ30xVd6AdHbwEJSEuQT4HBX2L63Rpl1o1EUcckX7_puA0JRvJCXavwet7VpdXWnNmPjmEUeeNYxezQ9YXgVGHt0m-NuLKY/EW5g3LBE-qOSe7zZ0m3AC4ucyILxSE7dE7J26hClGNQ,,None,,,,None,,,"TiZ (he/him, they/them)",0,0,0,https://drive.google.com/uc?id=1hkYHAFMH90yPoKKKOW1-SAX744t7w16i,,Soulcalibur VI (PS4),,,,,,,,,,"Inferno and custom characters are banned.
Loser may reroll stage.
TiZ's Stupid Rule: If Bamco's garbage RNG puts you on the stage you just fought on, both players may agree to reroll until a new stage appears.",Thu 1/29,,,,,,,,,,,,
SFA3 (MiSTer),recDMtSyDOzEsspF6,32,50/25/15/10,recj8ySkUkS141BnS,,SFA3,recZmYHrVljDe1TBe,Double Elimination,2/3,2/3,Winner must keep character. Loser may switch.,"3/5 Games for Losers Finals, 3/5 Games for Winners Finals, 3/5 Games for Grand Finals",https://v5.airtableusercontent.com/v3/u/47/47/1763208000000/aDgvFOVQPTAYcClAXy5qqw/tuerLrWk6EWgSLJnf7t9fY_OmdBR2FdHwftlI2rtNMGuIu0onGIDoKjgOhgETt0XkeY0A5DKYX8xKvWGkdLmGqzAe4oOhIsISzDCJ7Uor4v40wzn0i9XNbPPtddOKct2L7yzGt0j_iDdS_j7J9S5dOsi-IjmwuZWKxen2RoDrso/gO3COV3or3sObmD5YgwS8_ZNdK1ds4dcxzbo8CVmzsE,Street Fighter Alpha 3,,,P.Skelly,SFA3%20%28MiSTer%29,0,Sun 1/26,https://www.start.gg/tournament/vortex-gallery-at-frosty-faustings-xviii/event/street-fighter-alpha-3,2025-09-20T05:39:30.000Z,4,Street Fighter Alpha 3,3 Hours,0%,0,rec6D3T4fEWdY3LF9,Alpha 3,Confirmed,recsjzSn9OyxGku3g,2025-11-13T03:40:28.000Z,recy7F9aUuPj8tmiK,Fri 1/24,Patrick_Skelly#1010340,1st Lineup,@pskelly86,0,None,https://www.start.gg/tournament/vortex-gallery-at-frosty-faustings-xviii/event/street-fighter-alpha-3,,https://vortexgallery.moe/info#SFA3,0,0,0,4,3,1.3333333333333333,9c49a60b,0,0 Hours,pskelly,,MiSTer,,True,1 PM,,5,https://v5.airtableusercontent.com/v3/u/47/47/1763208000000/fGPx_mWNAyVC5GunC_-x_g/EiRyBbiVhOl9Rm69qaiDemrD3lCfuI2hHN_0tbPFDT3U40PTFbbHwmU4o9f75LrACHrZ0o2kVUd6u-2KG-w67QCQTno_JbFykEwFsV6ypwevPmvCCoIZJmnq9Bkp7IKbVtLPtdsw6FopIGyp6uLx1QGKjczVPIzz0CttE7HZERg/o-CvCEGhKsJirkv21jCcmoctNVR7f3SDvE44Osj-GuM,,None,,,,None,,,,0,0,0,https://drive.google.com/uc?id=17Y9H2Ezb_5ZwMBUtX3fz0DFPOuCvldI4,,Street Fighter Alpha 3 (MiSTer),,,Hagure is awesome. That is all.,,,,"https://github.com/originalgrego/sfa3ce

This mod lets us use all default settings.
It also allows for stage and color selections.",,,,Thu 1/23,,,,,,,,,,,,
TVC (Dolphin),recNoFPqTpKzeIXRe,64,60/30/10,recuE36yHBFzSi0I3,,TVC,recZ5zj2Z0TajYP3t,Double Elimination,,2/3,,"3/5 Games for Losers Finals, 3/5 Games for Winners Finals, 3/5 Games for Grand Finals",https://v5.airtableusercontent.com/v3/u/47/47/1763208000000/FFng2YKZW5WzUuuSQyxjPw/1kRxg6aUtOuBcoczJoY0tiXNVBmVr4APb8b-GTc65A3pDYrN-TxfwhBNIMZnyTG5Fd7--7WGI7uRvJh3akQSs4utUlUqS_7WPh8_35haZ5WJ0_z4N5qNKg0Pmz5s7VRMpHFQierada2uIbE5FFAtmlJMc-cFeF2kMN9QClC-qWY/PcBUsJXFaErF1rqI7dUhfCgKBHjjo6yhIlTED1j_2to,Tatsunoko vs. Capcom Ultimate All-Stars,,,DoctorSc1ence,TVC%20%28Dolphin%29,0,Sat 1/25,https://www.start.gg/tournament/vortex-gallery-at-frosty-faustings-xviii/event/tatsunoko-vs-capcom-ultimate-all-stars,2025-09-20T05:30:42.000Z,4,Tatsunoko vs. Capcom,4 Hours,0%,0,rec674QwWHAClufPE,TvC,Confirmed,recq7ToNtgJh2wxEw,2025-11-13T03:26:43.000Z,recgPgYlaHybk3gNi,,Tatsunoko vs Tour#610825,1st Lineup,@doctorsc1ence,0,None,https://www.start.gg/tournament/vortex-gallery-at-frosty-faustings-xviii/event/tatsunoko-vs-capcom-ultimate-all-stars,,https://vortexgallery.moe/info#TVC,0,0,0,3,4,1,cc095671,0,0 Hours,DrScience,,Dolphin,,True,11 AM,,5,https://v5.airtableusercontent.com/v3/u/47/47/1763208000000/iP44dZsMnUJZjgm59UR3yg/jqs5kb74zBG1rhVZh0zI0O6mDeHJDNcFRBxQN-4p4Mqsg-IiA5crnHG7VrPXhNs1o4aSvV5rAJTJ5oK9OFRimNon8xLvQOvZkHBuvWiCbX2jlPQXsESMk_weJsK5liH-uKkDulf8N6HwxMYUfTjaqZO91H9Vq_rV9w3Pmc5Lj3Y/rJnY-Pq7qKJ8s-hD-53s9ZRcbFxPXfC92pLV-e12dxA,,None,,,,None,,,,0,0,0,https://drive.google.com/uc?id=1V-6AeRK8y0iNGvXT8S3JUilIvYT4Pqx-,,Tatsunoko vs. Capcom Ultimate All-Stars (Dolphin),,,,,,,,,,,,,,,,,,,,,,,
TGM4 (Steam),recl3g9ukKrvLdZyM,32,50/25/15/10,recFXtHL52y8W8i1d,,TGM4,reczJRjfXgIlKyvMT,Double Elimination,2/3,2/3,Winner must keep character. Loser may switch.,,https://v5.airtableusercontent.com/v3/u/47/47/1763208000000/3OLJj6OJKOprXp8tD02IWg/kkqhKzwTkPsQzgR9zH8JofpE-aUHC6h7rKbiZkR5zv73YIvbzQQwL4x5QWbrG5P_VJ2zyK7n4Hv9sdisAefJ5LvhSzY6b-l1yiBFdsyQGyXEvwcORblxpOogfYAI2pwzKPL6Px-vKmJ3sWnpUDSES1GtaNFQyCXfPpiE7rAlUJ8/YWpMFjjut9Hb_UagugT-kgZInqmYS04jEf1xLsXEQEs,Tetris the Grand Master 4: Absolute Eye,,,-ZAN,TGM4%20%28Steam%29,0,Sun 2/1,https://www.start.gg/tournament/vortex-gallery-at-frosty-faustings-xviii/event/tetris-the-grand-master-4-absolute-eye,2025-09-23T21:42:34.000Z,2,TGM4,4 Hours,0%,0,rec77NdJ1SaQhf0Nv,TGM4,Confirmed,recWhY5XqcZagROcT,2025-11-11T04:29:12.000Z,recNaUFNnM2RAdyrU,,-ZAN#911584,1st Lineup,@zan.puyo.us,0,None,https://www.start.gg/tournament/vortex-gallery-at-frosty-faustings-xviii/event/tetris-the-grand-master-4-absolute-eye,,https://vortexgallery.moe/info#TGM4,0,0,0,4,4,0.5,a250f3c0,0,0 Hours,catuscarnival,,Steam,,True,3 PM,,5,https://v5.airtableusercontent.com/v3/u/47/47/1763208000000/_zLJ3tmzDcyFpwgeKU4tOA/whi348dPxyLyP3C-rTokDPyl1fGIGDJ9JBfLu1rqvDyvritF9pkYQ5phS064e3lagNsvbVsa_3c3_hOXg1BsKPZnIRk2Yi9Ae3JNqIoVeAH74zRrsTTi38ep02MKnIrd4aBt7oDxVnKt979yw-tLKc23DCSLpofG75GeN1gy90c/09bGlB_0RWPt1FKPO5BEbUP5oQ-oWQAdb8BqUWF43NY,,None,,,,None,,,,0,0,0,,,Tetris the Grand Master 4: Absolute Eye (Steam),$105 -ZAN,105,,,,,"- Quota: 200 levels / 2'40"" timer
- All game settings set to default, except:
  -- Player vs. Player Settings - Garbage: TYPE 2
  -- Next display style in operation mode TGM: TGM
  -- Display input during game: ON
- Players may mutually agree to toggle Diagonal upperward input and Diagonal downward input",,,"- First set takes place in Shiranui VS. Loser of the set may counterpick a different mode
- Both Standard and TGM control types permitted
- All USB controllers and keyboards permitted provided they are recognized by Steam / TGM4",,,,,,,,,,,,,
QOH99 (PC),recWMjAg0jE4Xi4yj,32,60/30/10,recUbxXH7DRDsWrt5,recWMjAg0jE4Xi4yj,QOH99,recRwOZSyHhGViDNi,Double Elimination,2/3,2/3,Winner must keep character. Loser may switch.,"3/5 Games for Losers Finals, 3/5 Games for Winners Finals, 3/5 Games for Grand Finals",https://v5.airtableusercontent.com/v3/u/47/47/1763208000000/dVnHdKc1pTgftq1T34TL7A/0n2kC73BgOBMKzAtNzMw4gn8AhfusRDywt3Gvclbo3YahA1ESOCQKOZH0d_p-3Rlsd6hYXUd108nPuwDf5i_fUSVu-VyxcyCFHJuWGcId7CxgNStlGZgbvAV7cBLue78rIyAwPNqgO3hwRX4i9A4eFfwSurqPIlu1oo8ehUuGzs/yHvGMMJeoq-z6J6UzGfaLb6iHoTWNTmWaFlo8s98Acs,The Queen of Heart '99,thorntheletter,"thorntheletter,Chrono Sanaki",thorntheletter,QOH99%20%28PC%29,0,Sun 2/1,https://www.start.gg/tournament/vortex-gallery-at-frosty-faustings-xviii-2026/event/the-queen-of-heart-99-dream-match-never-ends,2025-10-14T03:32:10.000Z,4,Queen of Heart,3 Hours,0%,2,rec7reFIXuNCvnPpQ,QOH99,Confirmed,recUTDtHkKsAuW7Tu,2025-11-11T04:29:12.000Z,rec1Q7qW8gzf7PKdi,"Sat 1/31, Fri 1/30, Thu 1/29",thorntheletter#957944,3rd Lineup,thorntheletter,0,None,https://www.start.gg/tournament/vortex-gallery-at-frosty-faustings-xviii-2026/event/the-queen-of-heart-99-dream-match-never-ends,,https://vortexgallery.moe/info#QOH99,0,0,0,3,4,1,a7ae2760,0,0 Hours,thorntheletter,"thorntheletter, @ChronoSanaki",PC,"recWMjAg0jE4Xi4yj, recpdBbNorVCeDlKg",,3 PM,,5,https://v5.airtableusercontent.com/v3/u/47/47/1763208000000/8NvkQz42LYlc6Y4N7fKn2g/dQJ2_5t0jNG4a4yBi-LtbVXqEiqcR5RQQz7heZ11XtELNHNYfAt_iDIUU_30lZ4rTqsKoimmq_Enh1_0Fsx7xh2rzFiAXj4dotDhr67QVsBf3UPbCnXNDuLjrKgSz5adPp-2hPLsY17ZtFXVQiXu9qhTCVUOJ5XW5uv3IkrJsVc/YHEyb-TII197J_kY-f0QKcOIp8iPJrp5k0lMyVajVow,,None,,,,None,,,"thorntheletter (any), Chrono Sanaki (he/him)",0,0,0,,,The Queen of Heart '99 (PC),,,,,,,"- Guard: Manual
- Handicap 3
(these are defaults but can be changed pretty easily accidentally)","ddrawcompat: download and put the dll in the folder
buttonbinds: download the .exe and the qoh99 config, ",,"- Losing a game with Tiria, Comic Mode Serika, or Rapid Ayaka counts as losing 2 games.
  - You can only pick them when losing 1 game would not result in losing the set.
  - Outside of finals, they can only be picked at the start of the set, and losing 1 game results in losing the set.
  - During finals, they can be selected either at the start of the set, or after losing one game on an unrestricted character. If selected at the start of the set and the player loses, they must swap to an unrestricted character.",,,,,,,,,,,,,
TFH (PC),rec4cnh9Ykzn1nj9n,32,,recSyKxt9AFSxeg41,,TFH,recU2E6grg302BQrL,Double Elimination,,,,,https://v5.airtableusercontent.com/v3/u/47/47/1763208000000/TAlXyoxWTbRYoAJQOYjvoA/xioeTZj04S4gIefgb3CfDPnBz56xt5bDX7Hzx8xCTNAivaZXFVzboLgYXdXfbMyWMCvmZiwKXQtGehB2pEOVbj0vSkKf3fjEcrq0f-OlR6JuOj_s57usAkP15KherRyvhfLFncQ6U1CuuEKBSAbcoA/Iwco5uZOJkM9VMC_YvOHipZIaKCRoI88H2RU2oB15Dg,Them's Fightin' Herds,,,BLACKATLAS,TFH%20%28PC%29,0,,https://www.start.gg/tournament/vortex-gallery-at-frosty-faustings-xviii/event/them-s-fightin-herds,2025-10-08T00:11:32.000Z,,Themâ€™s Fightinâ€™ Herds,,0%,0,rec8QxTRIb1If49Wc,TFH,Confirmed,recUTDtHkKsAuW7Tu,2025-11-11T04:29:12.000Z,recyrMjVYQccTgRY5,,PAG-BlackAtlas#706859,2nd Lineup,@chocorainbro,0,None,https://www.start.gg/tournament/vortex-gallery-at-frosty-faustings-xviii/event/them-s-fightin-herds,,https://vortexgallery.moe/info#TFH,0,0,0,1,,None,a3c65f9a,0,0 Hours,xblackatlasx,,PC,,True,,,10,https://v5.airtableusercontent.com/v3/u/47/47/1763208000000/UWB9B_tLBwY8gaRSqmOY6Q/pKZhENp5aP7YQJUlJiJFZnilAyhjH7poj6FSPcXsGtwMGIN8UmJOWzjD0OPhWbrUlZes_L7kul4iJOzjsege6lalRhPNIJbGQj78OX1fXS0EC0gioxOLGzRwHfvk86QlzpE2fUcDHvZRVTSLDpTldRxov16oHcgkuIZSRmctyuE/lmcYbztf2NYvp5l2nwXKi5IH7trwoJppLEJ2LYzZclc,,None,,,,None,,,,0,0,0,https://drive.google.com/uc?id=12gCC_TE6DMqOkd0R_tovGcr-wArj19nT,,Them's Fightin' Herds (PC),,,,,,,,,,,,,,,,,,,,,,,
SOKU (PC),recONZMPjA6F9vipo,64,50/30/20,rec0RC83OJlMLzFBP,,SOKU,recVFWDcZGTg4ZJi8,Double Elimination,2/3,2/3,Winner must keep character. Loser may switch.,"3/5 Games for Losers Finals, 3/5 Games for Winners Finals, 3/5 Games for Grand Finals",https://v5.airtableusercontent.com/v3/u/47/47/1763208000000/3N5va0EpztGMBr3wyrR-Yg/cYIeQKRduG2aqPauAxJkUZianFREzEdG-xH3P8lyPgLEoWTeBQOHagCeFGp0JdW1dQyjN0JOiT03bCd08AFJ2hbvV5WMqSWScK_L-G0xe9s-piWpKq5-smuSSNRotO7uHsLmaivMAkmJwQXsQFvvULDu-UePRrPiyngE3gAevrI/WTidvatm0VQx9BP0Hi0-bAG992qIwaMywjrUOmdY1Lk,Touhou 12.3 Hisoutensoku,,,Tessiro,SOKU%20%28PC%29,0,Fri 1/30,https://www.start.gg/tournament/vortex-gallery-at-frosty-faustings-xviii/event/touhou-12-3-hisoutensoku,2025-09-20T05:30:37.000Z,4,Hisoutensoku,4 Hours,0%,0,rec88Tv7F2GxoLbWf,Soku,Confirmed,recUTDtHkKsAuW7Tu,2025-11-11T04:29:12.000Z,recYQJSauOpD3TIZC,,Tessiro#271828,1st Lineup,@Tessiro48,0,None,https://www.start.gg/tournament/vortex-gallery-at-frosty-faustings-xviii/event/touhou-12-3-hisoutensoku,,https://vortexgallery.moe/info#SOKU,0,0,0,3,4,1,bbc61bad,0,0 Hours,tessiro,,PC,,True,6 PM,,5,https://v5.airtableusercontent.com/v3/u/47/47/1763208000000/jZr7m0Y96seY0lL3nNcjAA/QSXCz6VqgnGmliJUuVCqDIOochmpLFKQM_l8Xy6MSnIzXS6tD9ETMInZZDq_V-liX0xUwVVDRsRWamN1cMS1K458sLU8xZH8Tnn0NoobKF9m7vUY12bjUq_bxGptrKfx7YKtupK8rNJOrcBzceacmwaI4VFy_SuA4m4rO1Dc9Gg/_VT4gN4gGTcb0fX9dmJabFevXmYM5Qwy11ePMaQ_8i4,,None,,,,None,,,,0,0,0,https://drive.google.com/uc?id=1poAITyeomleb5UfKK0CAr8ilCMubHt75,,Touhou 12.3 Hisoutensoku (PC),,,,,,,,,,,"Thu 1/29, Sun 2/1",,,,,,,,,,,,
AoCF (PC),rec3lpf8xCCnr8F8O,None,70/20/10,recsGkWkMkJ0KNkFd,,AoCF,rec5xg8NSfZX0ORdv,Double Elimination,2/3,2/3,Winner must keep character. Loser may switch.,"3/5 Games for Losers Finals, 3/5 Games for Winners Finals, 3/5 Games for Grand Finals",https://v5.airtableusercontent.com/v3/u/47/47/1763208000000/xDidXC3nX2PZQW8ndlaLAg/mLWrL3UQn8kc9MJrwFX6-DKuTMDA-ZKf_eFGHXmjckbpwNuYq9KuCX-6ux_uyFu091MuSE-v0H1T8SJh1hSoOokcWNvUGKrElnWPRqdAh3TT-MmbbaN6VxiRXk_PaXsze6XlsPACmqV9v8wjheTGsw/OoIFisCo4t4wKl_oodysoOpCxVgyDbIIOKifgF1WgJk,Touhou 15.5 Antinomy of Common Flowers,,,SonofGod1998,AoCF%20%28PC%29,0,Fri 1/30,https://www.start.gg/tournament/vortex-gallery-at-frosty-faustings-xviii/event/touhou-15-5-hyouibana-antinomy-of-common-flowers,2025-09-09T18:52:32.000Z,1,AoCF,2 Hours,âˆž,0,rec9UTDePPgbAljSu,AoCF,Confirmed,recUTDtHkKsAuW7Tu,2025-11-11T04:29:12.000Z,recGpUfHuW69ndtDd,Thu 1/29,SonofGod1998 #1059551,1st Lineup,@sonofgod98,0,None,https://www.start.gg/tournament/vortex-gallery-at-frosty-faustings-xviii/event/touhou-15-5-hyouibana-antinomy-of-common-flowers,,https://vortexgallery.moe/info#AoCF,0,0,0,3,3,0.3333333333333333,1fcef16c,0,0 Hours,sonofgod_1998,,PC,,True,12 PM,,5,https://v5.airtableusercontent.com/v3/u/47/47/1763208000000/cTO2Blnuh8TjVPZ76ufGCg/q_uxX91o62sEfOCV9wGTuuqtJb-JzQAJcJD6HP9N885Mn512t7eiXV-kqdAyhFonZy-FjCS7aA7XLVE3i76fazhR_NTJ3rWL57OB7Bhm6ZR8VMkaA7c6PGKpxqSeVul0-MudOxeU7Xxkqbya6WUl7TgbwNyQ5x0ZWHEWZasesrg/JCrxXL3wdk2Wq6E3wJ0fRwf9IcxQh3yAIvEXbyz5pzo,,None,,,,None,,,,0,0,0,,,Touhou 15.5 Antinomy of Common Flowers (PC),,,,,,,,Starter Pack (quick installation): https://github.com/SonofGod1998/AoCF-Starter-Pack/releases/latest,"If any intentional glitches are done, you are to be disqualified for the entire tournament. If unintentional glitches are done, reset the latest state in which the glitch occurred, gentlemen agreement allows for a full match redo.",,Sun 2/1,,,,,,,,,,,,
TSS (MiSTer),recaJFxDbVSSjcWFz,32,60/30/10,recaNLBbgAe0x4MJf,,TSS,recpl19jCET2uTKDC,Double Elimination,2/3,2/3,Winner must keep character. Loser may switch.,"3/5 Games for Winners Finals, 3/5 Games for Losers Finals, 3/5 Games for Grand Finals",https://v5.airtableusercontent.com/v3/u/47/47/1763208000000/gGht53rjQvDY4U7hzUhngQ/WAIhBcTsd_v-a1ji1DO30s8vt4a-M2d_V9udg2HhTpy4iVRsdYHbVaWEGRNkSQ5wn7aXjg8HSU51i_95FGycKScQji60-lVnNDK2Hy7pUSGMNZM92zZuUI7yHrbIDsV1k4eKTSFTtLC0y8cA3x-AL67MwK_KAT8DxbEoZf0-jn_Is88zo_JRSkOluyUJTNj1/3f0T_ILK07KlewjIwMpvn1mwP31rRFzHvIbjiDFWYvY,Twinkle Star Sprites,,,Tommytamsworth,TSS%20%28MiSTer%29,0,Fri 1/30,https://www.start.gg/tournament/vortex-gallery-at-frosty-faustings-xviii/event/twinkle-star-sprites,2025-09-20T05:40:08.000Z,2,Twinkle Star Sprites,3 Hours,0%,0,recaAEE03RaykSoRW,TSS,Confirmed,recsjzSn9OyxGku3g,2025-11-11T04:29:12.000Z,recAT3Sdgo5bN5o2d,"Sat 1/31, Thu 1/29, Sun 2/1",Tommy_Tamsworth#881679,2nd Lineup,,0,None,https://www.start.gg/tournament/vortex-gallery-at-frosty-faustings-xviii/event/twinkle-star-sprites,,https://vortexgallery.moe/info#TSS,0,0,0,3,4,0.5,42877dfc,0,0 Hours,Tommytamsworth,,MiSTer,,True,1 PM,,5,https://v5.airtableusercontent.com/v3/u/47/47/1763208000000/BWEq8eGyEcDV9nisz4FhBw/3dUr-g1xkLBvZrHlqLxS_HSALGlkcgXduE9fmHfNO_n3_kbEJlz5oYEw1REt3SlPuZn3Bdfw2hmmOKevLaL38Do2jUwFXYNjcejFZl2ElKUUZM6LfLgpjXRgmwHmeAWguOP5P9RrS6WLzXDJ2yVz1WHK5DXmBH_oHdx84NUsWhI/jDlVxkuzbZ0nlcbRvQzIIxTuzBS2vzqDCtoHi5AEpfI,,None,,,,None,,,,0,0,0,https://drive.google.com/uc?id=1VVfJ05KxfaYrZ4VbXve7QLoiwAdZGZeS,,Twinkle Star Sprites (MiSTer),,,"This game potentially needs to be ran as FT1 until finals depending on how skilled the player pool is, me and skytanks thought 2 hours was enough to get through pools for 29 people. We were wrong, we needed 3. That was FT2 for most of the bracket on 4 setups, and only 1 dq. I am keeping it on ft2 for now but that may change.

Since this is a MiSter game, I expect my and other MiSter setups will be shared for other games that need them. I am at least happy to provide mine for whatever is needed",,,,"Arcade MVS 
Mevious and Memory are not allowed",,,,,,,,,,,,,,,,
UFDK (Steam),recGCftPTPt6cws7x,32,50/30/20,recLxI9NAfB5i99nl,,UFDK,recWJ0KvOf8Asix6A,Double Elimination,2/3,2/3,Winner must keep character. Loser may switch.,3/5 Games for Top 8,https://v5.airtableusercontent.com/v3/u/47/47/1763208000000/2FlJ7ra5ZNer-EJqMoH9jw/M9YzBH0J7v2zWSsCQLS1UXpFgzeRXbpFRsKmPaugeIQ3LoH66wwZFkxXIAGivsfT7WGBCdko36NwnRJc_SIRynT1hRI0BRExOvMlDiiL__ZIYY5bL8wr3rVgGYFcF2RBhbfDFC9DerMzCZToJQCNZ6JjIif0bUJA2tYqOQnUdmk/q06f0GKqzgLouE0S5Z4dNuH6SrsnoCJUUDhoalVXDiw,Ultra Fight Da ! Kyanta 2,,,YFDHippo,UFDK%20%28Steam%29,0,Sat 1/25,https://www.start.gg/tournament/vortex-gallery-at-frosty-faustings-xviii/event/ultra-fight-da-kyanta-2,2025-09-20T05:30:53.000Z,1,Ultra Fight Da! Kyanta 2,6 Hours,0%,0,recbRYMtEKzkVc7g9,Kyanta,Confirmed,recWhY5XqcZagROcT,2025-11-13T02:51:05.000Z,recshwfFLK6octxIP,"Sat 1/25, Sun 1/26, Fri 1/24",YFDhippo#721631,1st Lineup,@YFDHippo,0,None,https://www.start.gg/tournament/vortex-gallery-at-frosty-faustings-xviii/event/ultra-fight-da-kyanta-2,,https://vortexgallery.moe/info#UFDK,0,0,0,3,4,0.25,d3bbec41,0,0 Hours,YFDHippo,,Steam,,True,10 AM,,5,https://v5.airtableusercontent.com/v3/u/47/47/1763208000000/x0tkOER5kjKkgnpwP6c9Cg/77H7umztNZXtzfeZLSV9T16-g7e6GYXMk5J72PSs2p_ikxvzr6ct3EGhxNSgxCVxO94lFNg9_F9I-HfxA7ye_1IYy2QGFxAGfq7jBSu58r_zVpnhiMBCK_6h9DwCSuAgmTDFlBkAY0RuvKuMozFshdCcqM0Nm55FHtKXyby0YVg/-xiug-cWgh_ZB-_jtNfs6cSQhGfDQyyG6Y1SgA8uSkY,,None,,,,None,,,,0,0,0,https://drive.google.com/uc?id=1mdFB3YJQZGHIHs5Qav0daNgIDtFOC1Jg,,Ultra Fight Da ! Kyanta 2 (Steam),100$,,,,,2nd place pig,"Turbo 2.
Characters & Type locked on win - Order & Super change is OK on losing opponent going back to character select.",Steam install. Afterwards a shortcut to the game.exe placed on the desktop as the it has the best controller compatibility.,,,Thu 1/23,,,,,,,,,,,,
USF4 (PS4),"recL4olI8F4jslhNf, recWbb5JsXA668NMu",64,60/30/10,recC3bVILzQfiNA0S,"recL4olI8F4jslhNf, recWbb5JsXA668NMu",USF4,recrOH0Q3uu7cUv9J,Double Elimination,2/3,2/3,Winner must keep character. Loser may switch.,"3/5 Games for Losers Finals, 3/5 Games for Winners Finals, 3/5 Games for Grand Finals",https://v5.airtableusercontent.com/v3/u/47/47/1763208000000/uxHms2gB2lBhrHYjUOOjHw/DBnAh2ckfhQJ10ungerOEHPSgyJAwrRWQpX2g4_3o9kxmtnQZLQ3yYH9SRGvZFERgkBy9GCaTmkpbgtZAl8cbbKuRVNpMZuNh4nJ28e1lcUXgMlk2DsvbW3cimdPNe8fnI_cxYUSuMTlPHfK1utXDgdAirQlWX7Mf0UJ1r815Xg/xNSDRKzXlSvSRYa0eRFZcQ2DK1I7gHOHN571uWQSrcM,Ultra Street Fighter IV,"DJVest,Jako Man",DJVest,"DJVest,Jako Man",USF4%20%28PS4%29,0,Fri 1/24,https://www.start.gg/tournament/vortex-gallery-at-frosty-faustings-xviii/event/ultra-street-fighter-iv,2025-09-20T05:30:54.000Z,4,USF4,4 Hours,0%,1,receyhruqh4mBpsor,SF4,Confirmed,recV6irNLkHsWnj0B,2025-11-13T08:52:52.000Z,recHpnmxHT4kICnBf,Fri 1/24,UG_JakoMan#532891,1st Lineup,"@DJ_Vest, @TheJakoMan",0,None,https://www.start.gg/tournament/vortex-gallery-at-frosty-faustings-xviii/event/ultra-street-fighter-iv,,https://vortexgallery.moe/info#USF4,0,0,0,3,6,0.6666666666666666,"f6979bbb, 95563b45",0,0 Hours,"ug_djvest, ug_jakoman",@DJ_Vest,PS4,recL4olI8F4jslhNf,True,1 PM,,10,https://v5.airtableusercontent.com/v3/u/47/47/1763208000000/v8sq8CfnAttxxeOtWDM-Ww/PO5oq8W-R4IOJCCMJ9yBqfyjbrhGudDIIUe-Oop6AFAAaT_7-pyYJ62GpUsxm904n_IAYptIkJNjFdVzW4OzloBm_mAOd8_oVQZ-0u5hHqMLt2YcGHvsBLhzPMgbJBc0SqW0m4GkSsT0edkC1JIgNpVMjCer3s5iUM1YAJPmTdc/sCokNK3OS2jiKHIaTDrmEDu5vRambg9KbY8rbYeRt-Q,,None,,,,None,,,DJVest (he/him),0,0,0,https://drive.google.com/uc?id=1u0iXVwPHMSKPqtC6Vq44lhf2pscnPJqQ,,Ultra Street Fighter IV (PS4),Yes. We will add in a pot bonus to the Matcherino page ,100,,"recL4olI8F4jslhNf, recWbb5JsXA668NMu","DJVest,Jako Man",,,None,None,,"Thu 1/23, Sun 1/26",,,,,,,,,,,,
WJ2 (PS4),recEYsgaYPkjyVCpf,64,50/25/15/10,recTd8wNvFcEjKk6D,recEYsgaYPkjyVCpf,WJ2,recrdIFAdCAqIEim4,Double Elimination,2/3,2/3,Winner must keep character. Loser may switch.,"2/3 Games for Losers Finals, 2/3 Games for Winners Finals, 3/5 Games for Grand Finals",https://v5.airtableusercontent.com/v3/u/47/47/1763208000000/gvX3AivMTDFNulu9lEJjeA/u1btxw79cBbNNqRbVxKAmFSuk13lHvlKlnw1iMQjp0qbq20fd99VGnxi-EWh0-99jiyNawkFGdaYrV-c4Mcg9xTmHuQhMoiTpLrr3OQRn6tdtzlQuirH1xYw17NlLLlKWe_znhXJZi-q4pOIg-z_zQ/mTrRcO8WIUfx7esGX0sDbWp9Md2pRsCKVNR7xDQ2k2w,Windjammers 2,NautilusRepertus,,NautilusRepertus,WJ2%20%28PS4%29,0,Sat 1/31,https://www.start.gg/tournament/vortex-gallery-at-frosty-faustings-xviii/event/windjammers-2,2025-09-20T05:30:51.000Z,2,Windjammers,6 Hours,0%,0,receU7H4wHyL7OGc8,WJ2,Confirmed,recV6irNLkHsWnj0B,2025-11-11T04:29:12.000Z,rechc4D8EIAf7vfSw,Sun 2/1,nautilusrepertus#1155076,1st Lineup,@rivethead.bsky.social,0,None,https://www.start.gg/tournament/vortex-gallery-at-frosty-faustings-xviii/event/windjammers-2,,https://vortexgallery.moe/info#WJ2,0,0,0,4,6,0.3333333333333333,e68b9b37,0,0 Hours,nautilusrepertus,,PS4,,True,12 PM,,5,https://v5.airtableusercontent.com/v3/u/47/47/1763208000000/uZ6_DWqfnYgRXjz4hzuC-Q/lXLsZ4O6soSFQImqvZ42NjjsAmUvbqFXXLZsoiahHIyjiX4HwBXj-XLaJ_MMg4qtbihBQxUANY9kzlxXfGK8wqAzJdd5ZjG7l30EcEmD_dm4G6nfLKL_wuAk9jkeSGH-81A7mnNAWofWCO9hm7snP4h4eBhV1bcE2XWD3Zmgz98/NH0f7o45GicfutSaXF-h4IzR_zOznzXC9T3Rg6Jhxko,,None,,,,None,,,,0,0,0,https://drive.google.com/uc?id=1KxyVpQV31-s4ZCQQujPXac7GT3iFXds_,,Windjammers 2 (PS4),N/A,0,,,,,N/A,N/A,N/A,N/A,,N/A,,,,,,,,,,,
WW (PC),recWMjAg0jE4Xi4yj,64,60/30/10,recQNY2f4x1heawiK,"recLUzLbeHjHvr7mO, recWMjAg0jE4Xi4yj",WW,rec5LwjDzlFeol8CC,Double Elimination,2/3,2/3,Winner must keep character. Loser may switch.,"3/5 Games for Losers Finals, 3/5 Games for Winners Finals, 3/5 Games for Grand Finals",https://v5.airtableusercontent.com/v3/u/47/47/1763208000000/fnE-_ARdpKlRqgKJlxIHQw/u7y8tESE1fUzOBouhUgqlSshemciFmh4sS3l0zV7kLFL4QnhuGjybZFII1DJpTvKJIwtTmrKjZ4VUlbzpl1FGT1Epta0GtoAKNgdT4devwtGDJjBGK2CdHrLEs3M6cVDywXq8uQNlmQlTNt1I3NOt1FoDR3oAvJU45J1sDyAIJk/TgXQtc3LO_7Lb6WxJTY7h9d6L21WaVfeSZ2W8UPKMFg,Wonderful World,"Melissa Meant It,thorntheletter","Melissa Meant It,thorntheletter",thorntheletter,WW%20%28PC%29,0,Sun 2/1,https://www.start.gg/tournament/vortex-gallery-at-frosty-faustings-xviii/event/wonderful-world,2025-09-20T05:30:49.000Z,4,WanWan,4 Hours,0%,2,rechCIuO9ebYaW1rg,WanWan,Confirmed,recUTDtHkKsAuW7Tu,2025-11-11T04:29:12.000Z,rec8GAdYl6aqwrQdM,"Thu 1/29, Fri 1/30, Sat 1/31",thorntheletter#957944,1st Lineup,thorntheletter,0,None,https://www.start.gg/tournament/vortex-gallery-at-frosty-faustings-xviii/event/wonderful-world,,https://vortexgallery.moe/info#WW,0,0,0,3,4,1,a7ae2760,0,0 Hours,thorntheletter,"@melissa.guiltygear.gay, thorntheletter",PC,"recLUzLbeHjHvr7mO, recWMjAg0jE4Xi4yj",True,3 PM,,5,https://v5.airtableusercontent.com/v3/u/47/47/1763208000000/t-NdK7pFszl9drc6RsOHvQ/TjkY-zoiPnmZQGMouYfRjDrfxlqv9GYCdgAbjUR6N7Ydv5FJIDL-oPsRi6xuixANFXswi1mbXBvUjp9guvXyC__ep5t7ZgY0I4m-Ru0qXRO85rO4smrMeMcfGX6VHEN6KPa_jk1Dz9VCjOCOOLfQ34zirVE5SxvSS4zRn8284BY/p0ZQQHJVcCgruBLGdkNyeafAiPo4K-QV_mJ-Pj7M8HY,,None,,,,None,,,"Melissa Meant It (she/her, they/them), thorntheletter (any)",0,0,0,https://drive.google.com/uc?id=1LjVCK1ked817ziGtCg14WzEE3z5xXKpZ,,Wonderful World (PC),,,,,,,Timer: 0 (no timer),"buttonbinds: download
vanguard princess launcher: download, put in the game directory. set the game path and lilithport / morningstar path if those are being used
lilithport / morningstar (optional, for saving replays): download, run and set the executable to wonderful world ",,,,,,,,,,,,,,,
